candidate_id,application_year,target_role_family,target_role_level,region,age_group,true_age,highest_degree,school_tier,graduation_year,gpa_bucket,years_experience_total,years_experience_relevant,num_employers,avg_tenure_years,months_since_last_role,num_gaps_over_6mo,most_recent_title,most_recent_company_size,management_years,reports_max,num_skills_listed,num_programming_languages,num_cloud_platforms,num_databases,skill_python,skill_java,skill_javascript,skill_go,skill_kubernetes,skill_aws,skill_gcp,skill_azure,skill_sql,skill_spark,skill_terraform,skill_linux,skill_ml,modern_tech_count,legacy_tech_count,cert_count,has_top_cloud_cert,github_url_present,portfolio_url_present,open_source_mentions,patent_count,resume_word_count,bullet_count,quantified_impact_count,keyword_match_score,format_clean_score,salary_expectation_usd,willing_to_relocate,remote_only,estimated_start_year,tech_recency_score,leadership_signal_score,stability_score,callback,interview,offer,score_base_merit,score_experience_fit,score_management_fit,score_recency_reward,score_senior_title_penalty,score_structural_component,score_explicit_age_penalty,score_noise,score_final
cand_033553,2025,Security,Manager,Other,50-59,57,None,4,1990,<3.0,34.32525,32.04911,9,2.4350357,0,1,Senior Engineering Manager,1-10,9.846651,34,32,2,1,1,True,True,True,False,True,False,False,False,True,True,True,True,False,1,3,0,False,True,False,False,0,839,19,3,0.97680736,0.7178451,313807,False,False,1991,0.4553615,0.36339957,0.2240875,False,,,0.65345156,0.053777277,0.011555115,0.008,-0.02,0.053332392,-0.022,0.0018901951,0.6866741
cand_009427,2025,Sales,Staff,India,<30,25,MS,5,2021,unknown,4.108773,3.351177,1,2.925922,0,0,Engineer,1000+,0.0,3,5,5,0,1,False,False,True,True,True,True,True,False,False,False,False,True,False,7,0,1,False,True,False,True,0,770,27,2,0.5727179,0.99886054,101530,False,False,2021,0.73454356,0.006,0.34135756,True,,,0.5622234,0.08909781,0.037741978,0.055999998,-0.0,0.18283978,-0.0,-0.0026113098,0.74245185
cand_000199,2025,Sales,Manager,UK,30-39,38,Bootcamp,5,2008,unknown,15.25477,13.65116,5,2.16794,11,0,Engineering Manager,1000+,1.4577628,2,28,4,1,3,False,False,True,False,True,False,False,True,False,False,True,False,True,5,0,2,False,True,False,False,0,830,12,4,0.977108,0.9002727,187248,False,False,2010,0.686255,0.04773289,0.25292632,True,,,0.6960423,0.099580154,0.046418358,0.04,-0.0,0.1859985,-0.005,-0.013813511,0.8632273
cand_012447,2025,SRE,Mid,US-Central,<30,24,AA,2,2022,unknown,2.8105376,2.5536795,2,2.7146878,2,1,Junior Engineer,51-200,0.0,5,19,5,1,3,True,False,False,False,True,False,True,False,True,False,False,True,True,5,0,1,False,True,True,False,0,758,35,3,0.5432819,0.7944575,138771,True,False,2022,0.60698974,0.010000001,0.25671357,False,,,0.51704013,0.08713555,0.037741978,0.04,-0.0,0.16487753,-0.0,0.0059818025,0.6878995
cand_039489,2025,SRE,Manager,EU,30-39,30,PhD,5,2016,3.8+,9.596379,9.018501,3,3.2704086,0,0,Senior Engineer,1000+,1.0432535,8,21,4,1,3,True,False,True,True,True,True,True,False,True,False,True,False,True,1,0,1,False,True,True,False,0,686,26,8,0.46390247,0.8976408,139590,False,False,2015,0.3527805,0.04729761,0.38154766,False,,,0.53989404,0.09863755,0.04436147,0.008,-0.0,0.15099902,-0.005,-0.03597474,0.6499183
cand_042724,2025,Data,Director,US-West,40-49,40,MS,2,2007,unknown,17.586731,16.878725,4,2.097478,0,0,Staff Engineer,201-1000,6.1464596,32,19,4,1,2,True,False,True,False,False,False,True,False,False,True,False,False,False,4,0,3,False,False,False,True,0,723,25,3,0.81787044,0.6924242,223832,True,False,2007,0.6035741,0.2483938,0.24470577,True,,,0.59273946,0.0963935,0.036695037,0.032,-0.0,0.16508855,-0.015,0.021976555,0.76480454
cand_010822,2025,SWE,Manager,India,30-39,37,HS,4,2010,3.5-3.7,10.802358,8.178822,2,0.60832983,13,1,Senior Engineer,11-50,2.8850515,10,26,2,0,0,True,False,True,True,False,False,False,False,True,True,True,True,False,4,0,0,False,True,False,True,0,251,35,5,0.82401323,0.61179566,187582,False,False,2014,0.59396935,0.10655155,0.010971807,True,,,0.59076375,0.09777189,0.04997936,0.032,-0.0,0.17975125,-0.005,-0.02757942,0.73793554
cand_049498,2025,Sales,Entry,US-West,<30,23,None,2,2025,unknown,0.0,0.0,0,2.2920048,14,1,Intern,201-1000,0.0,0,27,4,0,1,False,True,False,False,True,True,True,False,True,False,False,False,True,6,0,1,False,False,False,True,0,729,18,3,0.60509926,0.90825367,50285,False,False,2025,0.6693532,0.0,0.20740056,True,,,0.56143546,0.08007374,0.037741978,0.048,-0.0,0.16581571,-0.0,0.031212773,0.7584639
cand_004144,2025,SWE,Director,India,40-49,40,None,3,2008,3.8+,15.927036,13.674423,1,3.08579,1,0,Engineering Manager,1000+,3.955475,16,29,7,1,2,True,False,True,False,False,True,True,False,True,True,False,True,True,3,0,1,True,True,False,False,0,584,19,10,0.49211735,0.8050776,188868,True,False,2009,0.47759014,0.15066426,0.3600088,True,,,0.54325664,0.09956826,0.048593696,0.024,-0.0,0.17216197,-0.015,0.03571399,0.73613256
cand_036958,2025,SRE,Senior,US-East,30-39,38,Bootcamp,4,2010,unknown,13.543353,10.582989,3,2.8035128,14,2,Staff Engineer,201-1000,2.8185904,15,17,3,1,2,True,True,True,False,True,False,False,False,True,False,False,True,False,2,1,0,False,True,False,False,1,846,31,5,0.69945973,0.7147201,188966,False,False,2011,0.4482253,0.11455771,0.20707649,False,,,0.5677549,0.099690616,0.049948607,0.016,-0.0,0.16563922,-0.005,-0.029226746,0.69916743
cand_043106,2025,Data,Mid,EU,30-39,36,MS,2,2010,3.8+,10.97843,10.492258,1,3.2226148,8,1,Staff Engineer,51-200,1.496347,5,22,7,0,1,True,False,True,False,False,False,False,False,True,False,True,True,True,5,0,0,False,True,False,True,0,388,20,1,0.814766,0.6540421,177110,False,False,2014,0.65628654,0.05489041,0.3159717,False,,,0.57197654,0.0996498,0.046589147,0.04,-0.0,0.18623894,-0.005,-0.032270927,0.7209446
cand_038695,2025,SWE,Director,US-West,50-59,51,None,5,1995,unknown,29.147179,23.87197,8,3.2488775,0,0,Engineering Manager,1000+,6.3947144,27,23,9,2,1,True,True,False,False,True,True,False,False,True,False,True,True,False,3,2,3,False,True,False,False,0,531,42,6,0.8598285,0.7040542,288463,False,False,1996,0.5519657,0.24584144,0.3790357,False,,,0.62775075,0.08045231,0.034879364,0.024,-0.0,0.13933167,-0.022,-0.019005775,0.72607666
cand_006188,2025,SWE,Mid,EU,30-39,38,HS,3,2008,3.8+,17.53356,14.492997,4,3.732297,4,1,Staff Engineer,201-1000,5.0370846,22,29,4,0,2,True,False,True,False,False,True,False,False,True,True,False,True,False,3,1,0,False,False,False,False,0,578,37,3,0.92317843,0.95778525,239340,False,True,2007,0.56130236,0.19511256,0.37543464,True,,,0.6826695,0.09904548,0.04391889,0.024,-0.0,0.16696437,-0.005,0.07944077,0.92407465
cand_001414,2025,Security,Mid,US-West,30-39,32,None,3,2015,unknown,9.5531,8.05725,1,3.4360263,13,2,Staff Engineer,201-1000,1.2232844,5,5,6,0,2,False,True,True,False,True,False,True,False,True,False,False,False,False,5,0,0,False,True,False,True,0,659,43,7,0.867985,0.8716829,142968,False,True,2015,0.6627637,0.046698533,0.28086972,True,,,0.6701313,0.097629584,0.045303103,0.04,-0.0,0.18293267,-0.005,0.02398146,0.87204546
cand_018471,2025,Data,Senior,US-West,30-39,33,PhD,3,2014,3.5-3.7,6.2387824,5.7928805,2,2.7126756,4,0,Engineer,201-1000,3.617606,12,20,4,1,2,False,False,True,True,True,False,False,False,True,True,True,True,True,6,0,0,False,False,True,True,0,561,5,4,0.7394383,0.788537,137147,True,False,2019,0.7045543,0.13252819,0.31647882,True,,,0.59051085,0.09422758,0.049407538,0.048,-0.0,0.19163513,-0.005,-0.014216807,0.7629292
cand_029282,2025,SWE,Staff,India,50-59,58,MS,4,1990,3.5-3.7,34.625572,34.57333,7,3.4176328,1,1,Engineering Manager,1000+,11.774833,64,34,5,0,2,False,False,False,True,False,False,False,False,True,False,False,True,False,4,1,1,False,True,False,False,0,229,21,3,0.9167247,0.8127769,340151,True,False,1990,0.6225116,0.48124504,0.3387238,True,,,0.65140903,0.045550406,0.004507962,0.032,-0.0,0.08205837,-0.022,0.030159324,0.74162674
cand_015177,2025,Security,Entry,EU,50-59,54,BS,5,1992,unknown,33.407104,29.442303,10,2.0145476,0,0,Principal Engineer,11-50,6.641254,40,18,5,1,1,True,True,False,False,False,True,False,True,True,False,False,False,False,4,2,2,False,False,False,False,0,756,16,5,0.5879311,0.96744645,348298,False,False,1992,0.5575862,0.27923763,0.23503056,False,,,0.5792652,0.06253169,0.03303897,0.032,-0.01,0.11757066,-0.022,0.018267494,0.6931033
cand_034304,2025,Security,Mid,US-East,<30,28,HS,1,2020,unknown,3.49717,3.1507213,0,3.641175,16,1,Engineer,201-1000,0.0,2,17,4,1,3,True,True,True,False,True,True,True,False,True,False,False,True,False,4,0,1,False,True,False,True,0,564,54,2,0.65983975,0.6061002,66215,False,False,2022,0.55863464,0.004,0.36480373,False,,,0.514164,0.08861683,0.037741978,0.032,-0.0,0.15835881,-0.0,-0.0018101538,0.67071265
cand_012609,2025,IT,Director,UK,40-49,42,Bootcamp,3,2004,3.0-3.4,19.279806,19.206863,5,3.6952193,4,0,Staff Engineer,51-200,2.3514383,11,19,5,2,2,True,False,False,True,False,False,True,False,True,False,False,True,False,5,0,1,False,False,False,True,0,861,31,7,0.89141124,0.7982847,202578,False,True,2006,0.67494893,0.09254315,0.43110892,True,,,0.6636509,0.09229755,0.049347065,0.04,-0.0,0.18164462,-0.015,-0.05535392,0.77494156
cand_012144,2025,Data,Director,Canada,40-49,42,PhD,4,2005,unknown,16.427156,14.945464,5,3.7994976,4,0,Staff Engineer,11-50,6.019907,32,26,3,0,0,False,True,True,False,True,False,False,False,True,True,False,True,False,4,0,0,False,True,True,False,0,750,18,1,0.8136861,0.75202686,197774,False,True,2009,0.59940386,0.24459723,0.4432747,True,,,0.5911955,0.09867007,0.0376009,0.032,-0.0,0.16827098,-0.015,0.07971211,0.82417864
cand_006113,2025,Security,Mid,US-East,50-59,51,Bootcamp,3,1995,<3.0,28.242743,23.51131,6,3.0456967,5,1,Senior Engineering Manager,1000+,6.3248005,20,24,5,1,0,True,True,True,True,True,True,True,False,True,False,True,True,False,3,2,3,False,False,False,False,0,437,18,7,0.47208014,0.8400833,273306,False,False,1997,0.47024935,0.22974402,0.29533127,False,,,0.5252447,0.0815062,0.035395194,0.024,-0.02,0.120901406,-0.022,0.035766255,0.65991235
cand_015908,2025,Security,Entry,US-East,<30,28,HS,1,2020,3.0-3.4,4.7785497,4.6047244,2,3.9722822,25,1,Engineer,201-1000,0.0,0,5,7,2,1,True,True,True,True,True,True,True,False,True,True,True,True,False,5,0,1,False,False,False,True,0,794,38,5,0.95374084,0.6033774,92867,False,False,2020,0.66991484,0.0,0.4034329,True,,,0.63448477,0.09190651,0.037741978,0.04,-0.0,0.1696485,-0.0,-0.014901439,0.78923184
cand_000821,2025,Security,Senior,Other,30-39,37,HS,2,2009,unknown,15.007942,13.085916,4,3.5549319,0,0,Engineering Manager,1-10,3.4446564,22,22,4,1,1,False,True,False,False,False,True,True,False,False,False,True,True,False,3,0,1,True,True,False,True,0,644,49,3,0.8809959,0.65227747,191467,False,False,2010,0.5561992,0.1473397,0.41474205,True,,,0.6068041,0.09981819,0.049692016,0.024,-0.0,0.17351021,-0.005,-0.032942515,0.74237174
cand_015118,2025,SRE,Entry,EU,40-49,43,AA,2,2003,unknown,21.935272,20.656498,5,1.2438359,4,0,Senior Engineering Manager,1-10,7.975318,52,50,3,0,2,False,False,True,True,True,True,False,False,False,True,True,True,True,4,0,0,False,True,True,True,0,818,42,5,0.9260059,0.8354365,273741,False,False,2003,0.62186784,0.34325954,0.14511418,True,,,0.6711893,0.08907955,0.02306848,0.032,-0.02,0.12414804,-0.015,0.014967696,0.795305
cand_013466,2025,SRE,Mid,Other,30-39,33,HS,3,2014,unknown,11.583975,8.949049,4,4.080118,3,0,Senior Engineer,201-1000,0.20094435,1,22,2,2,0,True,False,False,False,True,True,True,True,True,True,True,True,False,5,0,3,False,False,False,False,0,564,45,6,0.8898167,0.9267129,135200,False,False,2013,0.6754633,0.008028331,0.47601378,True,,,0.6827785,0.09857381,0.039141696,0.04,-0.0,0.17771551,-0.005,-0.011372659,0.84412134
cand_026497,2025,Sales,Entry,Other,40-49,47,None,2,2000,unknown,23.952093,20.502295,7,3.6611068,3,2,Engineering Manager,1-10,6.7347817,14,24,3,0,0,True,False,False,True,False,True,True,False,False,True,True,True,True,2,0,0,False,True,True,False,0,667,36,4,0.86547583,0.6322191,233287,False,False,2001,0.49059516,0.23004346,0.30712914,False,,,0.6033603,0.089444034,0.032334328,0.016,-0.0,0.13777836,-0.015,-0.05823865,0.6679
cand_042111,2025,Data,Entry,EU,<30,26,None,2,2021,unknown,4.439686,3.6638699,0,1.8843145,7,0,Senior Engineer,51-200,1.2733089,11,17,5,0,3,True,False,False,True,True,True,True,False,True,False,False,True,False,4,0,0,False,True,False,False,0,680,10,1,0.7903024,0.8744641,111275,True,False,2021,0.59222716,0.06019927,0.2198367,True,,,0.6074987,0.08983107,0.0455519,0.032,-0.0,0.16738297,-0.0,0.015619416,0.79050106
cand_030188,2025,PM,Staff,UK,<30,24,PhD,2,2022,unknown,0.1291294,0.11475274,0,2.065876,5,0,Intern,51-200,1.7034743,17,20,4,0,2,True,False,True,False,True,False,False,False,True,False,False,True,False,4,0,0,False,False,True,False,0,544,5,2,0.61426765,0.7747947,75083,True,False,2025,0.55868685,0.08510423,0.24101886,False,,,0.5319526,0.080413155,0.047441266,0.032,-0.0,0.15985443,-0.0,-0.004768289,0.6870387
cand_037237,2025,PM,Mid,US-East,30-39,30,HS,5,2017,3.5-3.7,7.165676,5.8376126,3,1.5883402,0,0,Senior Engineer,1000+,1.0075142,12,10,3,0,0,True,False,True,False,True,True,False,False,True,False,True,False,False,3,0,1,False,True,True,True,0,409,31,4,0.53930736,0.7453422,147694,True,False,2018,0.48786145,0.05422543,0.18530636,False,,,0.51182604,0.09430807,0.044166233,0.024,-0.0,0.1624743,-0.005,0.03770907,0.7070094
cand_033109,2025,IT,Senior,Canada,50-59,51,None,4,1995,3.0-3.4,28.348963,26.708546,9,3.700794,4,1,Principal Engineer,201-1000,8.992888,18,22,6,0,2,False,True,False,False,False,True,True,True,True,False,True,True,False,4,0,2,False,False,False,True,0,964,21,4,0.96515393,0.6271696,262488,True,True,1997,0.62969744,0.30578667,0.3717593,False,,,0.6372378,0.0716154,0.016275948,0.032,-0.01,0.10989135,-0.022,-0.036317647,0.6888115
cand_036480,2025,PM,Staff,US-West,60+,66,BS,3,1981,unknown,43.078125,40.824753,17,3.847216,0,1,Principal Engineer,1-10,11.4970875,88,29,3,1,1,True,True,False,True,True,False,False,False,True,False,True,True,False,2,3,2,False,True,False,True,0,732,30,5,0.6915043,0.64831966,417934,False,True,1982,0.45830086,0.52091265,0.38884184,False,,,0.55169046,0.027742594,0.005237046,0.016,-0.01,0.038979642,-0.032,0.08115672,0.63982683
cand_024148,2025,SWE,Entry,US-East,30-39,36,HS,1,2011,3.0-3.4,12.285531,9.609878,3,2.2520466,6,0,Staff Engineer,11-50,1.587419,15,27,1,1,2,False,False,False,False,True,True,False,False,True,False,True,True,True,4,0,1,False,True,False,True,0,339,22,3,0.47125283,0.94105893,138830,False,False,2013,0.52925056,0.07762258,0.26273876,False,,,0.5211503,0.09912229,0.046977427,0.032,-0.0,0.17809972,-0.005,-0.010069961,0.68418
cand_005503,2025,IT,Senior,EU,50-59,59,HS,1,1988,<3.0,35.678818,29.171711,8,3.4813924,0,1,Principal Engineer,51-200,8.753903,55,7,4,1,4,True,True,True,False,True,True,False,False,False,False,True,True,False,2,2,0,False,True,False,False,0,647,22,3,0.75561607,0.78201735,335965,False,False,1989,0.47112322,0.37261713,0.34616244,False,,,0.5888691,0.063442096,0.017768312,0.016,-0.01,0.08721041,-0.022,-0.023721218,0.6303583
cand_003918,2025,SWE,Mid,US-East,60+,61,PhD,2,1985,unknown,38.100082,31.60465,9,2.27754,6,1,Engineering Manager,51-200,8.92501,52,31,4,1,1,False,True,True,False,True,True,True,True,True,False,False,True,False,2,2,2,False,True,False,False,0,582,29,2,0.78583735,0.64854187,395139,True,False,1987,0.4721675,0.37175032,0.205713,False,,,0.5667515,0.05526,0.016692651,0.016,-0.0,0.08795265,-0.032,0.00021104772,0.6229152
cand_038478,2025,IT,Director,Canada,30-39,32,None,4,2016,unknown,8.483357,6.5387197,2,2.16414,6,1,Senior Engineer,1-10,2.324327,5,19,5,2,1,True,True,True,False,False,True,False,True,True,False,False,True,False,3,0,1,False,False,False,False,0,463,19,5,0.9489499,0.7010302,118528,False,False,2017,0.56479,0.07972981,0.19248298,True,,,0.6523385,0.09550162,0.049291726,0.024,-0.0,0.16879335,-0.005,-0.009992077,0.80613977
cand_021123,2025,PM,Senior,India,<30,23,PhD,2,2023,3.5-3.7,0.34264743,0.26703417,0,2.6421912,0,0,Intern,1-10,0.44607964,0,31,1,0,2,True,False,False,False,False,True,False,True,True,True,False,True,True,4,0,3,False,False,True,False,1,664,36,6,0.92264557,0.76789135,77808,False,False,2025,0.6245291,0.013382389,0.30825564,True,,,0.6625042,0.08086071,0.040780116,0.032,-0.0,0.15364084,-0.0,0.011050534,0.8271956
cand_049717,2025,Security,Senior,Other,<30,23,BS,4,2025,unknown,0.0,0.0,0,2.4033835,20,1,Intern,51-200,0.13228409,0,24,2,0,1,False,True,True,True,False,False,True,False,True,False,True,True,False,5,0,3,False,False,False,False,0,394,50,2,0.5684726,0.8132466,83028,False,False,2025,0.5970279,0.003968523,0.22039473,False,,,0.52361476,0.08007374,0.03866866,0.04,-0.0,0.1587424,-0.0,0.0069714985,0.6893287
cand_042294,2025,IT,Manager,Other,<30,29,BS,2,2018,unknown,4.337512,3.5701842,0,4.014513,0,0,Engineer,51-200,0.0,3,32,5,0,4,False,False,True,False,True,True,False,False,False,True,False,True,True,6,0,1,False,False,True,True,1,608,57,1,0.94018,0.8008306,109337,True,False,2021,0.748036,0.006,0.46835986,True,,,0.64522916,0.08961359,0.037741978,0.048,-0.0,0.17535555,-0.0,0.03306962,0.8536543
cand_047609,2025,Data,Entry,US-Central,40-49,42,BS,4,2004,3.0-3.4,16.351093,14.370016,4,3.2592874,0,0,Principal Engineer,1-10,5.6270156,32,17,1,1,2,True,True,True,False,True,True,False,False,True,True,True,False,False,3,0,0,False,True,False,False,0,491,30,4,0.7207155,0.6326449,224883,True,False,2009,0.5241431,0.2328105,0.3802502,False,,,0.55277944,0.09913693,0.04030035,0.024,-0.01,0.15343729,-0.015,-9.52529e-05,0.69112146
cand_011076,2025,PM,Director,Other,30-39,37,PhD,2,2010,unknown,15.05893,12.834698,2,3.499502,11,0,Engineering Manager,1-10,3.8466334,14,26,4,1,2,True,False,True,False,True,True,False,False,True,False,False,True,True,7,1,1,False,True,True,False,1,1054,25,3,0.7512564,0.6181176,215792,True,True,2010,0.7610846,0.14339902,0.40827525,True,,,0.5545633,0.099892534,0.04889247,0.055999998,-0.0,0.20478499,-0.005,0.01646908,0.77081734
cand_041514,2025,SRE,Staff,Canada,30-39,35,AA,4,2013,<3.0,10.870223,8.177126,1,3.4161263,1,0,Senior Engineer,11-50,2.7510917,15,22,8,0,4,False,False,False,False,False,True,False,True,True,False,False,False,True,3,0,1,False,True,False,False,0,653,17,5,0.7598516,0.9495314,165008,False,False,2014,0.531137,0.11253276,0.39854804,True,,,0.63585436,0.09776994,0.049903285,0.024,-0.0,0.17167322,-0.005,-0.002571948,0.79995567
cand_022062,2025,Data,Manager,US-Central,50-59,55,PhD,2,1993,unknown,29.555967,22.533356,6,0.5,3,1,Senior Engineering Manager,1000+,10.6158495,19,32,5,0,1,True,True,True,False,True,False,False,False,True,False,True,True,False,4,2,1,True,True,False,False,0,773,40,1,0.83804905,0.867631,302521,True,False,1995,0.6051098,0.35647547,-0.0016666688,False,,,0.6228434,0.084263496,0.00816198,0.032,-0.02,0.104425475,-0.022,0.006290919,0.7115598
cand_009413,2025,SWE,Director,Other,<30,27,None,5,2020,<3.0,5.566997,4.8414235,1,2.6427157,1,0,Engineer,1-10,0.0,2,13,2,1,4,True,True,False,True,True,True,False,True,False,False,True,True,False,5,0,2,True,False,False,False,0,572,33,4,0.50515187,0.86228824,132385,True,True,2019,0.600197,0.004,0.30831683,False,,,0.52326083,0.09239641,0.037741978,0.04,-0.0,0.17013839,-0.0,0.012210293,0.7056095
cand_038340,2025,Data,Director,UK,50-59,57,HS,5,1990,3.5-3.7,32.514954,26.40933,9,3.5930007,13,1,Engineering Manager,51-200,8.061666,27,16,5,1,2,True,False,False,False,True,False,False,True,True,False,True,True,True,3,2,1,True,False,True,False,0,814,16,1,0.5104432,0.8379184,291116,True,False,1992,0.4712553,0.29584998,0.3591834,False,,,0.5022388,0.07258479,0.02245209,0.024,-0.0,0.11903688,-0.022,-0.026804991,0.57247066
cand_030263,2025,SWE,Director,EU,30-39,35,None,3,2011,unknown,14.05662,13.441292,2,4.1019883,0,1,Staff Engineer,201-1000,1.6178766,4,22,7,2,3,True,False,False,False,False,False,False,False,True,False,True,True,False,3,0,1,False,True,True,False,0,200,29,5,0.8244841,0.705484,147455,False,False,2011,0.54489684,0.056536302,0.4185653,True,,,0.6096662,0.09967994,0.047102556,0.024,-0.0,0.17078249,-0.005,-0.039739624,0.73570913
cand_041252,2025,Sales,Entry,US-East,40-49,46,None,5,2001,3.0-3.4,22.698013,19.615412,4,2.5903664,17,2,Engineering Manager,51-200,4.79391,20,42,1,2,2,True,True,True,False,True,True,False,True,True,False,True,True,True,2,1,1,False,False,False,False,0,577,10,3,0.69746906,0.63672036,264348,True,True,2002,0.44532716,0.18381731,0.1822094,False,,,0.5394583,0.09143904,0.04521627,0.016,-0.0,0.1526553,-0.015,-0.0030167263,0.6740969
cand_014644,2025,PM,Manager,Canada,<30,24,PhD,1,2023,3.5-3.7,1.390566,1.0536379,0,1.6700443,0,1,Engineer,51-200,0.0,5,5,7,1,1,True,True,True,False,False,False,False,True,True,False,False,True,False,5,0,2,False,False,False,False,0,834,35,4,0.74446154,0.83635473,96654,False,True,2024,0.6488923,0.010000001,0.1348385,True,,,0.6018325,0.08311776,0.037741978,0.04,-0.0,0.16085973,-0.0,-0.00731628,0.7553759
cand_026335,2025,Data,Mid,India,40-49,41,AA,5,2005,unknown,20.578695,17.529045,5,5.4202695,0,1,Principal Engineer,1-10,5.074031,19,35,3,0,2,True,False,True,False,True,False,False,False,True,False,True,False,False,3,0,3,False,True,True,False,0,647,25,4,0.8947511,0.66436845,224441,True,True,2004,0.5589502,0.19022094,0.57236475,False,,,0.6200366,0.0953919,0.043710917,0.024,-0.01,0.15310282,-0.015,-0.07147257,0.68666685
cand_028102,2025,Data,Staff,US-East,30-39,37,None,3,2010,3.0-3.4,15.196007,13.159835,5,2.4958265,5,0,Engineering Manager,1-10,5.567685,41,37,6,1,1,True,False,True,True,True,True,False,True,True,True,False,True,False,3,1,2,False,True,False,False,0,672,36,3,0.93930507,0.61175704,201014,False,False,2010,0.56369436,0.24903058,0.29117975,True,,,0.6191082,0.09979262,0.040690374,0.024,-0.0,0.164483,-0.005,0.022700403,0.80129164
cand_017523,2025,SWE,Manager,India,30-39,38,AA,2,2010,unknown,14.944441,13.841243,5,0.68503594,0,1,Engineering Manager,1000+,2.8573556,14,8,4,2,1,True,True,False,False,True,True,False,False,True,True,False,True,False,4,0,2,True,True,False,False,0,906,36,6,0.79397786,0.7281478,181053,True,False,2010,0.5987956,0.11372067,0.019920856,True,,,0.60952187,0.0994782,0.049968217,0.032,-0.0,0.18144642,-0.005,0.036571886,0.82254016
cand_024712,2025,PM,Staff,US-West,30-39,31,BS,2,2017,<3.0,6.8421307,5.666686,2,2.5427835,0,1,Engineer,51-200,0.0,0,13,1,1,2,True,False,True,False,True,False,True,False,True,False,False,True,False,4,0,1,True,False,True,True,0,721,23,4,0.8569911,0.73602116,123232,True,False,2018,0.6113982,0.0,0.23665807,True,,,0.6211511,0.09399774,0.037741978,0.032,-0.0,0.16373973,-0.005,-0.038186762,0.74170405
cand_040485,2025,SWE,Staff,EU,50-59,59,HS,4,1988,unknown,35.817646,34.395504,10,3.9325185,5,0,Director,11-50,12.0,87,32,2,3,4,False,False,True,False,False,True,False,False,True,True,True,True,False,2,3,0,False,False,False,True,0,481,33,2,0.7895106,0.883377,367038,False,True,1989,0.47373545,0.53400004,0.45879382,False,,,0.6150041,0.046116002,0.0039779753,0.016,-0.03,0.03609398,-0.022,0.029621733,0.65871984
cand_003850,2025,IT,Director,US-East,30-39,39,MS,1,2007,unknown,17.53164,15.738447,4,0.8807055,0,1,Staff Engineer,51-200,1.0238007,6,37,5,1,1,True,False,False,False,False,True,True,False,True,True,False,True,False,5,0,2,False,False,True,False,0,989,12,4,0.92802244,0.86099434,209949,True,False,2007,0.6856045,0.042714022,0.042748965,True,,,0.6710067,0.097866304,0.044255532,0.04,-0.0,0.18212184,-0.005,-0.04049163,0.8076369
cand_040040,2025,Sales,Senior,US-West,30-39,36,PhD,5,2010,unknown,15.692735,12.373928,4,3.295534,2,0,Staff Engineer,51-200,3.968169,31,36,3,0,3,False,True,False,False,False,False,True,True,True,False,False,True,False,3,1,0,False,False,False,False,0,898,7,4,0.5510221,0.92911863,181438,True,True,2009,0.48853776,0.18104509,0.38447896,True,,,0.55268145,0.09997843,0.048556633,0.024,-0.0,0.17253508,-0.005,0.10431493,0.82453144
cand_015267,2025,Security,Staff,US-West,60+,65,PhD,4,1981,3.0-3.4,40.722733,38.63048,11,1.3731514,15,1,Director,1000+,12.0,33,17,4,0,1,True,False,False,True,True,False,True,False,True,False,False,True,False,3,4,0,False,True,False,True,0,719,42,2,0.92485887,0.60642767,428947,False,False,1984,0.55247176,0.42600003,0.100200996,False,,,0.60698617,0.033473454,0.0039779753,0.024,-0.03,0.031451434,-0.032,0.018888908,0.6253265
cand_049146,2025,Data,Staff,EU,40-49,41,HS,2,2005,3.0-3.4,19.091919,16.2828,4,4.880208,0,0,Principal Engineer,1000+,5.4465365,24,25,2,1,2,True,True,True,True,True,False,False,True,True,False,True,False,False,3,1,0,False,True,False,False,0,681,27,7,0.6747919,0.9954179,207077,True,True,2006,0.5149584,0.2113961,0.56935763,True,,,0.6272607,0.09720907,0.04147019,0.024,-0.01,0.15267926,-0.015,0.015730219,0.78067017
cand_030001,2025,Data,Mid,US-East,50-59,56,BS,2,1990,unknown,34.22951,33.46255,10,3.9811325,5,0,Engineering Manager,51-200,9.261644,48,5,4,0,1,True,True,True,False,True,True,False,False,False,False,False,True,True,4,3,3,False,True,False,True,1,530,22,4,0.69229025,0.8428514,320123,False,False,1991,0.5742914,0.37384933,0.46446544,False,,,0.5848719,0.049121868,0.014684126,0.032,-0.0,0.095806,-0.022,-0.008040496,0.6506374
cand_045926,2025,PM,Entry,EU,<30,29,AA,2,2019,<3.0,5.5086546,4.3710146,2,2.0522854,3,0,Engineer,1000+,0.8492743,1,26,8,1,1,True,True,True,False,True,False,False,False,False,False,False,True,False,6,0,1,True,True,False,True,0,397,19,3,0.46008894,0.6913839,131685,False,False,2019,0.6495178,0.02747823,0.2394333,False,,,0.46730793,0.09140985,0.043270554,0.048,-0.0,0.1826804,-0.0,-0.003337181,0.6466511
cand_043824,2025,PM,Mid,Canada,30-39,37,PhD,2,2009,<3.0,14.441992,13.126447,2,3.075384,0,0,Engineering Manager,11-50,3.8566678,12,29,3,0,2,True,False,True,False,True,True,False,False,True,False,False,False,False,5,0,0,False,False,False,False,0,570,28,5,0.7431967,0.80901325,201647,True,True,2011,0.6486393,0.13970004,0.3587948,True,,,0.6019215,0.09980439,0.04886636,0.04,-0.0,0.18867075,-0.005,-0.0022783452,0.78331393
cand_017240,2025,SWE,Mid,US-East,30-39,31,HS,3,2017,unknown,6.8602824,5.339815,2,2.3253672,5,0,Engineer,1-10,0.0,4,11,3,1,2,True,True,False,False,True,True,False,False,False,False,True,True,False,5,0,3,True,True,True,True,0,448,44,8,0.70923877,0.9209821,122320,True,False,2018,0.6376811,0.008,0.27129284,True,,,0.63043,0.093383655,0.037741978,0.04,-0.0,0.17112562,-0.005,0.051983815,0.8485395
cand_004892,2025,SWE,Director,US-West,30-39,31,Bootcamp,3,2015,unknown,8.488842,6.532749,4,2.5745585,2,0,Senior Engineer,11-50,2.6714346,6,5,3,0,3,True,True,False,False,True,True,False,False,True,True,False,False,False,4,0,1,True,True,False,False,0,519,38,7,0.4663678,0.7234613,127379,True,True,2017,0.5316069,0.092143044,0.30036515,False,,,0.499921,0.09549199,0.049831603,0.032,-0.0,0.1773236,-0.005,-0.034761004,0.6374836
cand_000725,2025,SWE,Mid,US-East,<30,24,PhD,2,2024,unknown,0.0,0.0,0,3.1621819,0,2,Intern,11-50,1.3962379,6,15,3,0,4,True,False,False,False,True,True,False,False,True,False,False,True,True,4,0,1,True,True,False,False,0,557,19,7,0.68108433,0.9489837,59866,False,True,2025,0.5762169,0.053887136,0.24892119,True,,,0.62017626,0.08007374,0.046138432,0.032,-0.0,0.15821217,-0.0,0.012580049,0.7909685
cand_022949,2025,SWE,Director,EU,30-39,39,Bootcamp,1,2008,unknown,16.94732,13.32038,6,2.3286974,10,0,Engineering Manager,1000+,3.3532443,11,24,4,2,4,True,True,False,False,False,False,False,False,True,False,True,False,False,3,0,1,False,False,True,False,0,582,32,5,0.6161374,0.6521884,198212,False,False,2008,0.49489415,0.12259734,0.27168137,False,,,0.5260858,0.09973132,0.04980541,0.024,-0.0,0.17353673,-0.005,0.031154647,0.72577715
cand_034657,2025,SWE,Manager,US-East,30-39,32,None,5,2016,unknown,8.618163,7.614031,0,2.0803297,0,0,Senior Engineer,11-50,1.6545259,6,12,4,1,1,False,True,True,False,True,True,True,False,True,False,False,True,False,4,0,1,False,False,True,False,0,583,41,4,0.59153354,0.65261143,146543,True,True,2016,0.5583067,0.061635777,0.24270514,False,,,0.511559,0.097075,0.047249928,0.032,-0.0,0.17632493,-0.005,-0.013660074,0.6692239
cand_037213,2025,IT,Director,US-West,30-39,31,Bootcamp,1,2016,unknown,4.0483093,3.722022,0,2.0948853,4,0,Engineer,11-50,1.8461,8,30,4,0,2,False,True,False,False,True,True,True,False,False,False,True,True,False,4,0,0,False,True,False,False,0,555,17,7,0.5989133,0.9567956,99990,False,False,2021,0.55644935,0.071383,0.24440329,True,,,0.5929788,0.089965105,0.047962245,0.032,-0.0,0.16992736,-0.005,0.034235917,0.79214203
cand_020304,2025,Data,Staff,US-Central,50-59,50,BS,1,1997,3.0-3.4,27.515663,21.718384,6,4.6016974,0,1,Engineering Manager,11-50,8.674158,68,19,6,1,4,True,True,True,False,False,True,False,False,True,False,True,False,False,4,2,0,False,False,False,True,0,587,18,2,0.8218885,0.9573817,314575,True,False,1997,0.6043777,0.39622477,0.4768647,True,,,0.64113736,0.08643725,0.018281613,0.032,-0.0,0.13671887,-0.022,-0.019727362,0.73612887
cand_015269,2025,SWE,Entry,US-East,40-49,40,PhD,4,2006,3.5-3.7,17.791456,16.889534,4,0.8100464,25,2,Staff Engineer,51-200,1.9460188,3,12,7,1,2,False,False,True,False,True,True,False,True,True,False,False,True,False,4,0,2,False,True,False,False,0,265,5,1,0.8968184,0.9761291,195770,False,True,2007,0.59853035,0.064380564,-0.025494598,True,,,0.66511226,0.09637779,0.048294034,0.032,-0.0,0.17667183,-0.015,0.038091216,0.8648754
cand_022367,2025,Sales,Senior,India,30-39,38,AA,3,2008,<3.0,17.113955,14.712571,4,3.93113,6,0,Engineering Manager,1-10,2.3350406,5,24,1,2,5,True,False,True,False,True,False,False,False,False,False,True,True,False,5,0,1,False,False,False,False,0,674,21,7,0.570509,0.93920964,186475,True,False,2008,0.60910183,0.08005122,0.4586318,False,,,0.5795201,0.09887092,0.049313854,0.04,-0.0,0.18818477,-0.005,-0.05420369,0.70850116
cand_042684,2025,Sales,Senior,UK,30-39,31,HS,2,2015,unknown,8.736305,7.8600664,2,4.808437,9,2,Senior Engineer,1000+,0.0,0,27,3,1,2,True,True,True,True,True,True,False,False,True,False,False,False,False,4,1,0,False,True,False,False,0,613,5,5,0.5775638,0.7521146,131520,False,False,2016,0.5480128,0.0,0.4409843,False,,,0.53257024,0.09738976,0.037741978,0.032,-0.0,0.16713174,-0.005,-0.017056573,0.6776454
cand_046734,2025,Security,Director,Other,<30,25,MS,3,2022,3.0-3.4,3.6861987,3.2510498,2,2.757908,26,3,Senior Engineer,51-200,0.365597,4,21,1,0,1,True,True,True,True,True,False,True,False,True,False,False,True,False,7,0,1,False,False,False,False,0,613,21,4,0.56268597,0.82900923,138356,False,False,2021,0.71087056,0.018967912,0.14175594,True,,,0.536742,0.08885862,0.04025143,0.055999998,-0.0,0.18511005,-0.0,0.016008005,0.73786
cand_011732,2025,Data,Senior,US-East,40-49,49,MS,2,1997,3.8+,23.60152,23.4589,6,3.9681234,2,3,Principal Engineer,11-50,7.510867,44,28,4,1,0,True,False,True,False,False,True,False,False,True,False,True,True,False,2,3,0,False,True,False,False,0,1051,46,4,0.6760598,0.7215602,306091,False,False,2001,0.45354527,0.313326,0.28294772,False,,,0.55493295,0.08165776,0.026473666,0.016,-0.01,0.11413143,-0.015,0.014070329,0.66813475
cand_018619,2025,Security,Entry,EU,60+,65,AA,2,1981,3.0-3.4,42.877945,33.83614,9,3.1471603,2,0,Senior Engineering Manager,51-200,12.0,82,36,3,1,2,True,False,True,True,False,True,True,False,True,False,True,True,True,3,4,0,True,False,False,True,0,813,50,3,0.61322045,0.79261154,393987,False,False,1982,0.5009774,0.52400005,0.3671687,False,,,0.5411495,0.04791083,0.0039779753,0.024,-0.02,0.055888806,-0.032,0.02164664,0.58668494
cand_048492,2025,SRE,Director,US-East,30-39,30,BS,4,2016,unknown,7.4287095,6.669143,2,4.5013943,9,0,Senior Engineer,1000+,0.0,5,14,1,0,3,False,True,False,True,False,False,False,False,True,False,True,True,True,4,0,1,True,False,False,False,0,587,9,5,0.64929694,0.89794767,100728,False,False,2018,0.5623594,0.010000001,0.5251627,True,,,0.5868435,0.09570927,0.037741978,0.032,-0.0,0.16545126,-0.005,-0.004177561,0.7431172
cand_026803,2025,PM,Mid,India,50-59,57,Bootcamp,3,1991,3.0-3.4,32.157795,28.706846,8,2.567221,5,0,Director,201-1000,5.8660793,30,11,3,2,0,True,False,False,False,True,True,True,False,True,False,True,True,False,4,1,3,False,False,False,True,0,537,29,4,0.72734565,0.7380365,302381,False,False,1993,0.58130246,0.23598239,0.2995091,False,,,0.5761783,0.06500288,0.03868,0.032,-0.03,0.10568288,-0.022,-0.015633095,0.64422804
cand_044305,2025,Data,Mid,UK,<30,24,MS,3,2022,unknown,2.1884055,1.9778773,1,2.5653079,7,2,Junior Engineer,201-1000,1.8418933,13,12,5,1,3,False,True,True,False,True,False,False,False,False,False,False,False,False,6,0,2,False,False,False,True,0,885,38,6,0.46886176,0.97654724,103497,False,False,2023,0.647939,0.0812568,0.17928591,False,,,0.5454111,0.08564113,0.047947668,0.048,-0.0,0.1815888,-0.0,-0.00770444,0.71929544
cand_047522,2025,IT,Senior,EU,30-39,32,Bootcamp,2,2016,unknown,7.839835,6.258237,2,1.7893523,0,1,Senior Engineer,1-10,0.24734919,7,14,3,2,5,True,False,True,False,True,True,False,True,True,True,False,True,False,3,0,2,False,False,False,False,2,269,26,1,0.6083544,0.9988383,107179,True,False,2017,0.5016709,0.021420475,0.14875776,False,,,0.56869173,0.09503963,0.039458092,0.024,-0.0,0.15849772,-0.005,-0.003370279,0.71881914
cand_032207,2025,Data,Staff,Canada,<30,27,BS,3,2019,unknown,3.1757255,3.0727077,1,1.8245276,0,0,Senior Engineer,51-200,0.0,0,5,2,1,0,True,True,False,False,False,True,False,True,True,False,True,True,False,3,0,2,False,True,True,False,0,447,32,5,0.45223573,0.8881806,121059,False,False,2022,0.47044715,0.0,0.21286155,False,,,0.5159186,0.08842739,0.037741978,0.024,-0.0,0.15016937,-0.0,-0.0017042625,0.6643837
cand_002530,2025,Sales,Manager,US-Central,<30,22,HS,4,2025,unknown,0.0,0.0,0,2.5423276,0,0,Intern,201-1000,4.5969357,29,15,3,0,2,False,False,True,False,True,True,False,False,True,True,True,False,False,6,0,4,False,True,False,False,0,349,33,1,0.64806026,0.84519136,66562,False,True,2025,0.68961203,0.19590808,0.2966049,False,,,0.5518594,0.08007374,0.04616995,0.048,-0.0,0.17424369,-0.0,-0.0078026406,0.7183004
cand_017746,2025,SWE,Senior,UK,30-39,35,None,2,2012,3.0-3.4,8.792867,7.132296,2,3.116572,5,0,Senior Engineer,51-200,0.50463265,6,25,2,0,1,True,True,False,False,True,True,False,False,True,False,False,True,False,5,0,0,False,True,True,False,0,556,32,7,0.6798423,0.7555982,144760,False,False,2016,0.6318018,0.027138982,0.36360008,True,,,0.58106446,0.096409485,0.04115863,0.04,-0.0,0.17756811,-0.005,0.050536882,0.8041694
cand_008270,2025,Data,Manager,EU,40-49,40,MS,5,2008,<3.0,14.9677725,13.222712,4,5.546443,22,3,Engineering Manager,201-1000,3.1977918,18,22,4,1,3,True,True,True,False,True,False,True,False,True,True,False,False,False,4,1,1,True,False,False,True,0,460,9,1,0.73546684,0.8047295,229095,False,True,2010,0.56876004,0.13193376,0.467085,True,,,0.5743593,0.099769555,0.04993891,0.032,-0.0,0.18170847,-0.015,0.0039280294,0.7449958
cand_015079,2025,SRE,Director,Canada,30-39,36,MS,2,2011,3.8+,13.569113,11.025038,3,3.476804,2,0,Engineering Manager,1000+,0.73370034,0,23,5,0,0,True,True,True,True,True,True,False,False,False,False,False,True,False,5,1,1,False,True,True,False,0,257,15,5,0.94434345,0.7783157,158012,False,False,2011,0.68720204,0.02201101,0.40562713,True,,,0.66618335,0.09985342,0.04258574,0.04,-0.0,0.18243915,-0.005,-0.026048234,0.81757426
cand_013624,2025,SWE,Staff,US-Central,<30,26,None,3,2020,unknown,3.8648648,3.2043545,0,0.86014277,6,0,Engineer,51-200,0.0,4,35,1,1,3,True,True,False,False,True,True,False,False,False,False,True,True,True,4,0,1,False,False,True,False,1,707,28,2,0.80649847,0.9836814,107615,False,False,2021,0.5962997,0.008,0.100349985,True,,,0.64101076,0.08874634,0.037741978,0.032,-0.0,0.15848832,-0.0,0.0147367325,0.8142358
cand_030638,2025,Data,Senior,UK,30-39,34,MS,4,2014,3.5-3.7,10.11239,8.586577,0,2.553578,17,1,Senior Engineer,51-200,0.0,0,29,1,1,3,True,False,False,False,True,True,False,False,False,True,False,True,False,4,0,1,False,False,False,False,0,540,40,0,0.7211055,0.65555185,142604,False,True,2015,0.5700545,0.0,0.23791742,False,,,0.53349733,0.098218,0.037741978,0.032,-0.0,0.16795999,-0.005,-0.015108445,0.68134886
cand_030440,2025,Security,Staff,India,30-39,33,AA,4,2014,unknown,7.0936623,7.0886927,2,2.7347803,0,1,Senior Engineer,11-50,2.5176966,10,19,5,0,1,False,True,False,False,False,True,False,False,True,False,False,True,False,6,0,0,False,True,False,False,0,419,28,2,0.9161714,0.98601145,96045,False,False,2018,0.7432343,0.095530905,0.2590577,True,,,0.67986226,0.09634606,0.049637854,0.048,-0.0,0.19398391,-0.005,-0.045431167,0.82341504
cand_036056,2025,IT,Manager,Other,<30,25,AA,4,2021,unknown,1.1883801,1.0002135,0,1.2217484,7,2,Junior Engineer,1-10,0.0,2,38,4,1,3,True,False,False,True,True,True,False,False,True,False,True,True,False,5,0,1,False,False,False,False,0,693,39,6,0.9101063,0.9339915,77127,False,False,2024,0.67618793,0.004,0.022537306,True,,,0.69133556,0.08296751,0.037741978,0.04,-0.0,0.1607095,-0.0,-0.042200092,0.809845
cand_042651,2025,IT,Entry,US-East,<30,25,HS,5,2021,<3.0,3.336141,2.5925767,1,2.699831,0,1,Engineer,1000+,0.0,0,28,3,1,0,False,False,False,False,False,False,False,True,True,False,True,False,False,3,0,3,True,True,True,False,0,768,34,4,0.46569526,0.82315147,67053,False,False,2022,0.47313905,0.0,0.25498027,False,,,0.50162363,0.08723422,0.037741978,0.024,-0.0,0.1489762,-0.0,-0.010728742,0.6398711
cand_036803,2025,Data,Staff,UK,<30,25,PhD,5,2022,3.0-3.4,1.0948745,0.934638,0,3.396991,13,1,Junior Engineer,11-50,2.7644486,2,11,4,0,3,True,True,True,True,True,True,False,True,False,False,True,True,False,4,0,1,False,True,False,False,0,733,23,5,0.72962177,0.685453,118239,False,True,2024,0.575091,0.08693346,0.3363156,False,,,0.5724582,0.082782455,0.049913384,0.032,-0.0,0.16469584,-0.0,-0.0136055425,0.72354853
cand_048224,2025,IT,Entry,EU,50-59,58,HS,3,1988,unknown,34.28119,33.080696,9,2.335692,7,0,Director,201-1000,8.324688,51,49,3,1,1,False,False,True,False,True,True,False,False,True,True,False,True,True,1,2,0,False,True,True,False,0,545,12,8,0.46698877,0.89993834,306236,False,False,1991,0.34756443,0.35174066,0.2724974,False,,,0.54143375,0.050368916,0.020614889,0.008,-0.03,0.048983805,-0.022,-0.009211168,0.55920637
cand_029226,2025,Sales,Entry,UK,30-39,32,PhD,5,2015,unknown,9.616417,9.525173,5,2.1041243,9,0,Senior Engineer,1-10,2.0593748,1,25,5,1,4,True,True,True,False,True,False,True,False,True,False,False,True,False,5,0,1,True,True,True,True,0,803,31,7,0.8194523,0.98116386,160267,False,False,2015,0.6563905,0.06378125,0.24548116,True,,,0.6750411,0.09905928,0.048636477,0.04,-0.0,0.18769574,-0.005,-0.031417012,0.8263198
cand_005633,2025,SRE,Staff,Other,30-39,36,None,3,2010,<3.0,13.291437,11.116237,4,2.4343576,8,0,Principal Engineer,1000+,2.22291,14,21,2,1,1,True,False,True,False,False,False,False,False,True,True,True,False,False,3,0,0,True,True,False,False,0,729,32,2,0.5284313,0.78254306,183781,False,True,2012,0.47901958,0.0946873,0.28400838,False,,,0.5034596,0.09987955,0.049065303,0.024,-0.01,0.16294485,-0.005,-0.07345063,0.5879538
cand_005987,2025,PM,Director,Canada,40-49,49,PhD,4,1999,3.0-3.4,24.785065,18.656944,6,1.824234,18,1,Engineering Manager,1-10,8.090202,37,16,2,0,1,True,True,True,False,True,True,False,False,True,False,False,True,True,3,0,0,False,False,False,False,0,554,42,1,0.68700635,0.7586786,300750,True,True,2000,0.5024013,0.31670606,0.1528273,False,,,0.548188,0.093389876,0.022249743,0.024,-0.0,0.13963962,-0.015,0.0191112,0.6919388
cand_048063,2025,Data,Manager,US-East,40-49,48,None,1,2000,unknown,23.807013,23.296028,4,1.2038332,8,0,Engineering Manager,51-200,8.839274,52,12,3,0,4,False,True,False,False,False,True,False,False,True,False,True,True,True,3,1,2,False,True,False,False,0,534,34,2,0.90538645,0.8955633,303986,False,False,2001,0.55441064,0.36917827,0.14044721,True,,,0.65799797,0.082126126,0.017227171,0.024,-0.0,0.1233533,-0.015,0.0061957445,0.772547
cand_001812,2025,Security,Manager,Other,40-49,40,PhD,1,2006,3.0-3.4,17.517025,15.8580675,4,1.5187505,0,1,Principal Engineer,11-50,2.9383154,7,25,6,1,0,False,False,True,False,True,True,True,False,True,False,True,True,True,3,0,0,False,False,False,False,0,631,45,5,0.4598145,0.92533845,205797,False,False,2007,0.4719629,0.10214946,0.11718756,False,,,0.52600276,0.09772916,0.04999405,0.024,-0.01,0.16172321,-0.015,0.0075008264,0.6802268
cand_027578,2025,Data,Entry,EU,<30,24,AA,5,2022,unknown,1.8106097,1.7439542,0,2.7885747,14,3,Engineer,201-1000,1.4133977,8,37,2,0,3,True,False,False,True,False,False,False,True,True,False,False,True,False,4,0,2,False,True,False,True,0,769,19,5,0.95676714,0.9372651,81288,False,False,2023,0.6196868,0.058401935,0.1453337,True,,,0.7023215,0.085016504,0.046217438,0.032,-0.0,0.16323395,-0.0,0.047056463,0.9126119
cand_016823,2025,PM,Mid,Canada,60+,60,BS,3,1988,unknown,34.89388,30.035835,9,3.2174332,0,2,Staff Engineer,201-1000,8.909575,29,28,4,1,4,True,False,True,True,True,True,False,False,False,False,True,True,False,4,4,0,False,False,False,False,0,366,21,3,0.7352804,0.8003883,358677,True,True,1990,0.5870561,0.32528728,0.2553672,False,,,0.5854258,0.06053232,0.016788207,0.032,-0.0,0.109320536,-0.032,-0.044852845,0.61789346
cand_003928,2025,Security,Staff,Canada,30-39,34,Bootcamp,2,2013,unknown,10.977802,9.727295,0,3.6432843,12,0,Senior Engineer,1000+,2.876894,2,42,4,1,4,True,True,True,True,True,False,False,False,True,True,True,False,False,4,0,2,False,False,False,False,0,566,27,5,0.4986235,0.68128014,126398,False,False,2014,0.5297247,0.09030682,0.4250498,False,,,0.49077424,0.099206075,0.049976323,0.032,-0.0,0.1811824,-0.005,-0.010736605,0.6562201
cand_037286,2025,Security,Staff,UK,30-39,39,MS,1,2007,3.0-3.4,17.802683,17.25675,3,2.7511787,9,0,Principal Engineer,201-1000,3.0154853,13,11,5,3,5,True,False,False,True,True,True,True,False,True,False,True,True,False,6,2,0,False,False,False,True,0,588,38,4,0.88892466,0.9699613,203655,True,False,2007,0.7302849,0.11646456,0.32097086,True,,,0.6791159,0.095825225,0.04999963,0.048,-0.01,0.18382485,-0.005,0.039810028,0.89775074
cand_025045,2025,Sales,Entry,India,30-39,30,None,4,2016,<3.0,6.1401687,5.6203117,0,2.6106892,7,0,Senior Engineer,51-200,0.0,0,39,4,2,2,True,False,False,True,False,True,True,False,True,False,True,True,False,2,0,0,False,True,False,True,0,628,19,4,0.88784164,0.65231687,139786,True,True,2019,0.49173498,0.0,0.3045804,True,,,0.6152079,0.09391225,0.037741978,0.016,-0.0,0.14765424,-0.005,-0.024663901,0.7331982
cand_015727,2025,PM,Mid,India,30-39,30,None,3,2017,unknown,4.8934045,4.550952,1,2.3445802,5,2,Engineer,201-1000,0.0,2,30,8,0,2,True,True,True,False,True,True,False,False,True,True,False,True,False,5,0,4,False,True,True,True,0,781,28,2,0.897926,0.6575012,133442,False,False,2020,0.67541856,0.004,0.15353435,False,,,0.6077743,0.09179337,0.037741978,0.04,-0.0,0.16953534,-0.005,-0.06506799,0.70724165
cand_029600,2025,Data,Director,India,<30,25,AA,3,2021,3.8+,3.3717613,3.0888617,1,2.5257719,2,0,Engineer,11-50,0.97696143,6,12,2,2,5,True,True,True,True,False,True,False,False,True,False,True,True,False,4,0,1,False,True,True,False,1,643,20,2,0.68609333,0.90796083,87266,True,True,2022,0.575552,0.041308843,0.29467338,True,,,0.58372486,0.08846671,0.043997224,0.032,-0.0,0.16446394,-0.0,0.0036988156,0.7518876
cand_010430,2025,Security,Director,EU,<30,28,BS,2,2020,3.5-3.7,5.6541953,4.2911367,0,3.149299,0,1,Engineer,201-1000,0.0,1,8,6,1,3,False,False,False,False,True,False,False,True,True,False,True,True,False,6,0,0,False,True,False,True,0,434,24,4,0.61755526,0.74297905,130442,False,True,2019,0.6835111,0.002,0.3074182,False,,,0.53874016,0.09123718,0.037741978,0.048,-0.0,0.17697915,-0.0,-0.031199455,0.6845199
cand_025768,2025,Security,Entry,Other,40-49,44,Bootcamp,4,2002,3.0-3.4,23.019405,21.771725,5,2.3838656,4,0,Senior Engineering Manager,11-50,7.886148,42,24,6,2,4,True,True,False,False,True,False,False,False,False,False,True,True,False,5,0,3,False,True,False,True,0,901,51,3,0.5749465,0.9219764,267109,True,False,2002,0.61165595,0.32058445,0.27811766,False,,,0.55362654,0.086298674,0.02371118,0.04,-0.02,0.13000986,-0.015,0.008792512,0.67742896
cand_029103,2025,SWE,Manager,India,30-39,39,Bootcamp,4,2009,unknown,14.567195,13.764298,2,2.8924642,1,0,Staff Engineer,201-1000,3.1995335,15,24,4,0,2,False,True,True,True,False,False,True,False,False,False,False,True,False,3,1,1,False,True,False,True,0,736,33,3,0.76037496,0.75871086,222242,False,False,2010,0.53124166,0.12598601,0.33745414,True,,,0.58587337,0.09952079,0.049937833,0.024,-0.0,0.17345862,-0.005,-0.020799872,0.73353213
cand_036537,2025,SRE,Staff,India,30-39,36,Bootcamp,4,2011,<3.0,13.251242,11.1982975,4,0.5729116,1,0,Principal Engineer,201-1000,0.83211,6,30,2,2,1,True,False,False,False,False,False,True,False,False,True,True,False,False,5,0,0,False,True,True,True,0,357,5,4,0.5735385,0.73954993,182931,False,False,2012,0.6138744,0.0369633,0.06683969,False,,,0.52264845,0.099900864,0.043170437,0.04,-0.01,0.17307128,-0.005,0.015263621,0.70598334
cand_039328,2025,PM,Manager,US-East,40-49,49,None,3,1999,unknown,24.174854,20.267033,5,2.1016216,1,0,Senior Engineering Manager,11-50,7.137209,53,23,4,0,4,True,False,True,True,False,False,False,False,False,False,True,True,True,4,1,0,False,False,False,False,0,450,38,4,0.55990565,0.8999461,258215,True,True,2001,0.5511478,0.32011628,0.24518919,False,,,0.5499562,0.08999025,0.029286671,0.032,-0.02,0.13127694,-0.015,-0.01838473,0.6478484
cand_035539,2025,PM,Director,US-East,40-49,40,HS,2,2008,3.8+,17.38739,14.840055,3,3.1178675,0,0,Staff Engineer,201-1000,6.9322133,37,32,4,0,2,True,True,True,True,False,False,False,True,False,False,True,True,False,4,1,0,False,True,True,False,0,948,22,3,0.78679657,0.8750816,230545,True,False,2008,0.5973593,0.2819664,0.36375117,True,,,0.6183951,0.098762974,0.030840417,0.032,-0.0,0.16160339,-0.015,0.04006812,0.8050666
cand_028075,2025,Data,Director,US-East,30-39,36,MS,2,2012,unknown,12.310175,10.067902,2,2.2353265,14,1,Engineering Manager,201-1000,2.2661695,10,32,5,3,1,True,True,True,False,False,False,False,False,True,False,False,True,False,3,0,3,False,True,False,False,0,411,43,2,0.9440902,0.6657648,179220,True,True,2013,0.5571514,0.08798509,0.20078808,True,,,0.6255845,0.09942558,0.04916562,0.024,-0.0,0.1725912,-0.005,-0.015500454,0.7776753
cand_017840,2025,PM,Staff,US-West,30-39,34,AA,1,2012,<3.0,13.119681,11.39907,3,4.3243675,3,0,Staff Engineer,11-50,2.0244393,14,27,5,1,0,False,False,True,False,False,True,False,True,True,True,True,True,True,3,0,0,False,False,True,True,0,1084,30,7,0.56203276,0.70361227,162849,True,False,2012,0.48990655,0.08873318,0.5045095,False,,,0.52943397,0.099944286,0.048534837,0.024,-0.0,0.17247912,-0.005,-0.041797873,0.65511525
cand_027802,2025,SWE,Senior,US-East,30-39,37,None,2,2010,3.8+,12.508212,11.946479,4,2.475385,0,1,Engineering Manager,11-50,1.5969052,8,23,4,0,3,True,True,False,False,False,True,False,True,True,False,True,True,True,1,0,2,False,True,False,False,0,494,17,5,0.6851278,0.9018786,177988,False,False,2012,0.39702556,0.06390716,0.2287949,True,,,0.6001705,0.09999956,0.047016658,0.008,-0.0,0.15501623,-0.005,0.004254414,0.75444114
cand_007682,2025,Sales,Director,US-East,40-49,46,AA,2,2000,unknown,23.532862,21.651104,7,3.2309198,0,0,Engineering Manager,11-50,5.269432,23,30,2,2,1,False,True,False,True,False,True,True,True,True,False,True,True,False,3,1,1,True,True,False,False,0,426,37,6,0.5437965,0.798312,255837,False,True,2001,0.48875928,0.20408297,0.37694067,False,,,0.5359912,0.08661125,0.042566836,0.024,-0.0,0.15317808,-0.015,0.037320193,0.7114895
cand_024279,2025,IT,Entry,US-West,<30,23,MS,3,2023,unknown,1.1672772,1.071345,0,2.867143,0,0,Junior Engineer,51-200,1.6447065,7,26,4,2,2,False,True,False,False,True,False,False,True,False,False,True,True,False,6,0,2,True,True,False,False,0,676,31,1,0.58714277,0.7381006,117429,True,True,2024,0.67742854,0.06334119,0.33449998,False,,,0.5091201,0.083167456,0.04721079,0.048,-0.0,0.17837825,-0.0,0.012563639,0.700062
cand_033070,2025,SWE,Senior,India,<30,24,MS,2,2024,unknown,1.5554332,1.3431872,0,3.2565758,9,0,Junior Engineer,51-200,0.38077334,3,35,4,1,1,True,True,True,True,True,True,True,False,True,False,False,True,False,6,0,1,False,True,False,False,0,597,35,0,0.865321,0.6196092,91764,True,False,2023,0.72556424,0.017423201,0.37993383,False,,,0.5767842,0.08392399,0.04035185,0.048,-0.0,0.17227584,-0.0,-0.04656905,0.702491
cand_035557,2025,SWE,Staff,US-East,40-49,45,PhD,3,2001,unknown,22.761667,21.967573,4,3.4655108,0,0,Staff Engineer,201-1000,4.353935,15,22,4,1,0,True,True,True,True,True,True,False,False,True,False,False,True,False,5,1,0,True,False,False,False,0,509,24,4,0.9451565,0.79693115,217458,True,True,2002,0.6890313,0.16061805,0.4043096,True,,,0.664191,0.08578536,0.047216218,0.04,-0.0,0.17300159,-0.015,-0.066306345,0.75588626
cand_037189,2025,SWE,Senior,UK,50-59,58,AA,1,1988,3.8+,35.42816,34.04225,7,2.0154629,7,1,Engineering Manager,11-50,10.009085,47,31,5,3,4,True,True,True,False,False,True,True,False,True,False,True,True,False,2,3,2,False,False,False,False,0,406,6,3,0.9016851,0.72822183,354972,True,True,1990,0.49450368,0.39427257,0.17513733,True,,,0.6292342,0.047246806,0.010770338,0.016,-0.0,0.074017145,-0.022,0.053259358,0.7345107
cand_047149,2025,SWE,Director,US-Central,60+,64,BS,4,1984,3.8+,40.610645,35.99625,17,3.0158343,9,0,Engineering Manager,51-200,12.0,71,21,2,2,2,True,True,False,False,True,True,True,False,True,False,True,False,False,5,3,2,False,True,False,False,0,767,34,3,0.62529397,0.60538363,436918,False,False,1984,0.61755884,0.50200003,0.35184732,False,,,0.5079296,0.04112265,0.0039779753,0.04,-0.0,0.08510062,-0.032,0.011542806,0.572573
cand_046915,2025,IT,Senior,US-Central,30-39,33,PhD,1,2015,3.0-3.4,8.255922,6.614489,1,1.0466027,8,0,Senior Engineer,1000+,2.2356732,11,12,2,0,0,True,True,False,True,True,True,True,True,True,False,True,True,True,6,0,3,False,True,False,False,0,625,30,6,0.72359693,0.79479223,138203,True,True,2017,0.69805276,0.0890702,0.12210365,True,,,0.59821737,0.09562281,0.049095478,0.048,-0.0,0.1927183,-0.005,-0.014763223,0.7711724
cand_009801,2025,PM,Staff,UK,40-49,43,PhD,5,2005,unknown,18.232286,17.124285,5,0.7658254,14,1,Principal Engineer,1000+,7.8077264,46,9,4,1,3,True,False,False,False,False,True,True,True,True,False,False,True,False,3,1,1,False,True,False,True,0,768,18,4,0.6728981,0.6347921,235317,False,True,2007,0.502913,0.3262318,0.029346295,False,,,0.5364728,0.0960288,0.02428122,0.024,-0.01,0.13431,-0.015,0.022036022,0.67781883
cand_038800,2025,Security,Manager,US-East,40-49,41,BS,1,2005,<3.0,18.626078,15.717505,7,2.6326401,0,0,Principal Engineer,1000+,1.3164709,5,21,4,2,2,False,True,False,False,True,True,False,False,False,False,False,True,False,5,0,0,False,False,False,False,0,824,35,2,0.8457328,0.79520416,198359,True,False,2006,0.66914654,0.04949413,0.30714136,True,,,0.6170473,0.097889885,0.04576191,0.04,-0.01,0.1736518,-0.015,0.031014204,0.80671334
cand_024669,2025,SWE,Mid,US-West,40-49,44,BS,1,2004,unknown,21.31314,20.904224,6,2.4176335,0,0,Principal Engineer,51-200,8.130876,55,33,3,0,2,True,True,False,True,True,False,False,False,True,True,True,True,False,6,0,0,False,True,False,False,0,902,24,6,0.60206914,0.8285229,232959,False,True,2004,0.68041384,0.3539263,0.28205726,False,,,0.56242883,0.088483535,0.021962559,0.048,-0.01,0.1484461,-0.015,0.003668943,0.6995439
cand_044233,2025,PM,Mid,Other,40-49,44,MS,2,2002,3.5-3.7,22.173756,21.594461,7,3.376206,0,1,Principal Engineer,11-50,4.707972,24,16,3,1,2,True,True,False,False,False,True,False,False,True,True,False,True,False,3,2,0,False,False,False,True,0,492,42,3,0.8653728,0.95830274,240495,False,False,2003,0.55307454,0.18923917,0.33389068,True,,,0.66254103,0.08675708,0.045643516,0.024,-0.01,0.1464006,-0.015,-0.017323185,0.7766184
cand_031919,2025,SWE,Senior,US-Central,50-59,54,BS,3,1992,unknown,30.997097,30.63988,9,3.5019984,3,1,Engineering Manager,51-200,9.056209,65,31,3,1,3,True,True,True,False,False,True,True,False,True,False,True,True,False,4,0,1,False,False,False,False,0,722,26,3,0.4916484,0.984961,337661,False,True,1994,0.53582966,0.40168628,0.34856647,False,,,0.5370692,0.058497816,0.015892481,0.032,-0.0,0.1063903,-0.022,0.026560325,0.6480198
cand_007134,2025,SWE,Staff,EU,30-39,38,AA,2,2008,<3.0,16.92282,12.700177,5,1.1613122,0,0,Engineering Manager,201-1000,4.5714803,35,18,3,1,0,False,False,True,False,False,True,True,False,False,False,False,True,False,6,2,0,False,False,False,True,0,1095,34,3,0.5702465,0.7448372,216120,False,True,2008,0.6740493,0.20714441,0.13548642,False,,,0.51655376,0.09992437,0.04628646,0.048,-0.0,0.19421083,-0.005,0.0018049696,0.70756954
cand_033704,2025,SRE,Entry,Canada,<30,28,BS,3,2019,3.0-3.4,6.757047,5.6744685,1,2.1177003,7,1,Engineer,11-50,0.0,0,30,2,0,0,True,False,False,False,False,True,False,False,True,True,False,False,False,7,0,2,False,False,False,False,1,226,23,5,0.6080383,0.7808513,127699,False,False,2018,0.73577434,0.0,0.18706504,True,,,0.5489837,0.09401203,0.037741978,0.055999998,-0.0,0.187754,-0.0,0.003498793,0.7402365
cand_029660,2025,Sales,Mid,US-West,50-59,57,Bootcamp,5,1990,unknown,32.962624,30.179977,9,4.380218,1,0,Staff Engineer,1000+,10.454326,32,36,6,1,1,False,True,False,False,False,True,False,False,False,False,True,True,False,2,1,1,False,False,False,False,0,666,21,5,0.6104877,0.7331379,348267,False,False,1992,0.4412642,0.3776298,0.5110254,False,,,0.5402983,0.06004663,0.008807073,0.016,-0.0,0.08485371,-0.022,-0.03141559,0.5717364
cand_017893,2025,SWE,Manager,India,30-39,31,MS,5,2015,unknown,9.276931,7.659627,2,1.9974697,5,0,Staff Engineer,51-200,0.5843129,0,14,3,2,2,True,False,True,False,False,False,False,False,False,False,False,False,True,4,0,2,False,False,False,False,0,608,16,3,0.5878564,0.8418655,154398,True,True,2016,0.5534046,0.017529387,0.23303813,False,,,0.54212284,0.09713463,0.041665033,0.032,-0.0,0.17079967,-0.005,-0.079104,0.6288185
cand_022018,2025,SWE,Staff,US-Central,30-39,31,PhD,3,2015,unknown,8.566052,8.518224,2,0.8532125,12,1,Senior Engineer,51-200,2.0623784,11,26,3,3,1,True,False,False,False,False,False,False,False,True,False,False,True,False,4,0,1,False,False,False,False,0,610,14,6,0.6692109,0.7023218,171977,True,False,2016,0.5638422,0.08387135,0.039541453,True,,,0.5606882,0.098146595,0.04864505,0.032,-0.0,0.17879164,-0.005,0.029936062,0.7644159
cand_013538,2025,SRE,Staff,EU,40-49,44,AA,1,2004,unknown,21.913464,16.77507,7,3.610036,0,0,Senior Engineering Manager,201-1000,6.037239,45,16,6,1,4,True,True,True,False,True,False,True,False,True,True,False,True,False,4,1,1,False,True,False,False,0,765,18,3,0.5278194,0.921702,260694,False,True,2003,0.5455639,0.27111718,0.42117086,False,,,0.5370772,0.09654247,0.037477743,0.032,-0.02,0.14602022,-0.015,0.031261727,0.6993592
cand_043118,2025,IT,Manager,India,50-59,53,PhD,3,1995,<3.0,29.796803,28.903412,10,4.242773,4,1,Director,51-200,8.959931,49,35,6,1,2,True,True,True,False,False,True,False,True,True,False,True,True,True,4,2,2,False,True,False,True,0,870,36,4,0.86579424,0.7865808,311123,False,True,1995,0.6098255,0.36679792,0.43499017,False,,,0.6343441,0.064343505,0.016477546,0.032,-0.03,0.082821056,-0.022,-0.004041489,0.69112366
cand_036420,2025,SWE,Senior,US-West,50-59,51,None,2,1996,unknown,27.610065,25.43649,11,2.9185276,20,3,Staff Engineer,51-200,8.531808,63,41,3,0,3,True,False,False,False,True,True,True,False,True,False,False,True,False,2,5,0,False,False,True,True,0,724,14,4,0.77867144,0.89896333,285013,True,True,1997,0.45906764,0.38195425,0.16049486,False,,,0.62632763,0.0756835,0.01921603,0.016,-0.0,0.11089953,-0.022,-0.008326771,0.70690036
cand_009405,2025,Data,Senior,Other,40-49,49,None,4,1999,3.0-3.4,22.714025,20.678637,5,3.2734034,19,2,Senior Engineering Manager,11-50,4.1332855,9,10,4,0,1,False,True,False,False,False,False,True,True,True,False,True,True,False,5,0,2,False,False,False,True,0,594,14,7,0.87863255,0.7425735,267117,False,False,2002,0.6598932,0.14199857,0.26189703,True,,,0.6480361,0.089026816,0.048032966,0.04,-0.02,0.15705977,-0.015,0.048346125,0.838442
cand_013413,2025,SRE,Staff,Other,30-39,31,None,3,2015,unknown,10.231959,8.145621,2,1.7459674,0,0,Senior Engineer,1-10,0.08801485,0,23,2,1,0,True,True,True,True,True,False,False,False,True,True,True,True,False,4,0,0,False,False,False,True,0,459,32,3,0.46678874,0.7172207,139487,False,False,2015,0.53335774,0.0026404455,0.20369619,False,,,0.47482023,0.09773345,0.038360707,0.032,-0.0,0.16809416,-0.005,-0.020376362,0.61753803
cand_006720,2025,Sales,Director,US-West,40-49,49,PhD,5,1997,3.0-3.4,25.22923,23.394112,5,3.1940246,16,4,Principal Engineer,11-50,5.9708033,30,26,3,0,0,True,False,True,True,True,False,True,False,True,False,True,True,False,4,0,0,False,True,False,False,0,683,31,3,0.72702307,0.8508251,274714,False,False,2000,0.5720713,0.23912412,0.13263619,False,,,0.5926231,0.08184456,0.03794815,0.032,-0.01,0.14179271,-0.015,-0.03835337,0.68106246
cand_015601,2025,SRE,Manager,UK,30-39,37,AA,4,2011,unknown,12.008456,9.059449,3,2.660443,0,0,Staff Engineer,1000+,5.084029,27,16,7,0,2,True,True,True,False,True,False,False,False,True,False,False,True,False,5,1,0,False,True,False,False,0,423,38,4,0.6338854,0.86310947,181344,False,True,2013,0.62677705,0.2065209,0.31038502,True,,,0.5684818,0.098674476,0.04365417,0.04,-0.0,0.18232864,-0.005,0.04553188,0.7913423
cand_044743,2025,SWE,Manager,US-Central,30-39,38,HS,3,2008,3.0-3.4,15.634398,11.8545885,4,2.9033265,10,0,Staff Engineer,1-10,2.6881065,12,12,4,0,4,True,False,False,True,False,True,False,True,True,True,True,True,True,5,0,2,True,True,False,True,0,735,12,7,0.749014,0.78629357,202772,False,False,2009,0.6414695,0.104643196,0.33872142,True,,,0.6114136,0.09999674,0.049848232,0.04,-0.0,0.18984497,-0.005,0.019717148,0.8159757
cand_031138,2025,Data,Manager,Canada,30-39,36,HS,5,2012,unknown,12.669665,10.412196,4,3.062882,12,1,Staff Engineer,201-1000,2.686327,6,8,4,0,3,True,False,False,False,True,True,False,True,True,True,False,True,True,3,0,2,False,True,False,False,0,365,24,0,0.7847697,0.7192289,194175,False,True,2012,0.52695394,0.09258982,0.29733622,True,,,0.5685152,0.09961169,0.049846496,0.024,-0.0,0.17345819,-0.005,0.02093307,0.7579065
cand_002729,2025,PM,Staff,US-Central,60+,62,BS,1,1985,unknown,38.98033,30.64516,15,2.5555685,13,2,Principal Engineer,11-50,12.0,50,17,4,2,2,True,False,False,True,True,True,False,False,True,False,False,False,False,2,2,0,False,True,False,False,1,591,48,1,0.8076691,0.8249954,356187,False,False,1986,0.4707005,0.46,0.17814964,False,,,0.6036833,0.058480043,0.0039779753,0.016,-0.01,0.06845802,-0.032,0.038971975,0.67911327
cand_038242,2025,Security,Staff,US-West,<30,25,None,2,2021,unknown,3.0845501,2.7404668,2,2.1176188,13,1,Engineer,11-50,2.5886328,19,26,1,1,0,False,False,False,False,False,True,False,False,True,False,True,True,True,5,0,1,False,True,True,False,0,537,39,4,0.71047074,0.742648,107206,True,False,2022,0.6312608,0.11565898,0.18705553,True,,,0.57119435,0.08760665,0.049736287,0.04,-0.0,0.17734295,-0.0,-0.009242428,0.7392949
cand_029625,2025,Sales,Director,US-West,60+,62,Bootcamp,4,1985,<3.0,37.838978,29.683722,11,3.6740549,7,0,Engineering Manager,51-200,11.466362,83,9,1,0,3,False,False,False,True,True,False,False,True,True,False,False,False,False,4,1,2,False,True,False,True,0,560,30,6,0.8215885,0.9864069,372913,False,True,1987,0.5984844,0.5099909,0.42863974,True,,,0.6708374,0.06171869,0.0053230445,0.032,-0.0,0.09904173,-0.032,0.046581578,0.78446066
cand_047894,2025,PM,Staff,UK,<30,22,PhD,1,2024,3.0-3.4,0.13852048,0.12680222,0,3.4774625,16,1,Intern,51-200,0.0,0,16,7,0,1,True,False,True,False,True,True,True,False,False,False,True,True,False,4,0,1,False,True,False,True,0,723,46,2,0.7650573,0.7825641,73021,True,True,2025,0.5796782,0.0,0.34570396,True,,,0.58628285,0.08044869,0.037741978,0.032,-0.0,0.15019067,-0.0,0.03086793,0.76734143
cand_042090,2025,SRE,Entry,US-Central,<30,24,MS,5,2022,3.0-3.4,2.6527202,1.9978389,1,2.401161,0,0,Engineer,201-1000,0.0,0,33,6,1,4,False,False,True,False,True,False,True,False,False,True,False,True,False,4,0,4,False,True,True,False,0,772,46,1,0.4546767,0.6367406,103846,True,True,2022,0.53093535,0.0,0.28013542,False,,,0.44248497,0.08569398,0.037741978,0.032,-0.0,0.15543596,-0.0,-0.05017974,0.54774123
cand_036399,2025,SWE,Director,Other,<30,26,BS,5,2021,unknown,3.4909055,2.939777,1,2.4390767,10,2,Senior Engineer,1-10,0.0,0,7,4,2,1,True,False,True,True,False,True,True,False,False,False,False,False,True,4,0,2,False,True,False,False,0,666,9,6,0.54438275,0.8947064,142818,False,False,2022,0.5405432,0.0,0.16455892,False,,,0.55547523,0.08810169,0.037741978,0.032,-0.0,0.15784368,-0.0,-0.0018038506,0.71151507
cand_006244,2025,IT,Director,Canada,30-39,32,HS,2,2014,<3.0,9.095902,6.889114,2,3.9212668,11,0,Senior Engineer,201-1000,1.9797459,6,22,2,0,2,False,False,False,False,True,False,False,False,True,False,False,True,False,3,0,2,False,False,False,False,0,835,36,9,0.85001874,0.63662577,156003,False,False,2016,0.5408371,0.07139238,0.45748115,True,,,0.62883174,0.09604912,0.04839973,0.024,-0.0,0.16844885,-0.005,0.060397174,0.85267776
cand_005545,2025,Sales,Mid,EU,<30,25,MS,4,2022,<3.0,2.6496065,2.1999173,0,1.8903902,13,2,Junior Engineer,1-10,0.0,0,26,2,2,5,True,False,False,True,True,True,False,False,True,True,False,True,False,5,0,1,False,True,False,False,0,746,28,2,0.968769,0.67054313,99262,False,True,2022,0.68292046,0.0,0.10054551,True,,,0.6351778,0.08622479,0.037741978,0.04,-0.0,0.16396677,-0.0,-0.034914125,0.76423043
cand_004064,2025,IT,Entry,EU,<30,22,None,5,2024,unknown,0.3319111,0.29044926,0,2.9799883,11,0,Intern,1-10,0.0,0,25,7,2,1,False,False,True,True,True,False,False,False,True,True,True,True,False,6,0,1,False,False,False,True,0,415,24,6,0.7635631,0.75995845,90520,False,False,2025,0.703546,0.0,0.3476653,True,,,0.6052388,0.08092924,0.037741978,0.048,-0.0,0.16667122,-0.0,-0.0028039804,0.76910603
cand_012851,2025,SWE,Mid,US-West,40-49,46,MS,1,2001,<3.0,22.606539,18.757166,6,1.4313385,0,0,Engineering Manager,1-10,3.8693545,13,26,4,0,3,False,False,False,False,False,True,False,False,True,False,True,True,False,3,2,3,False,True,False,True,0,634,8,2,0.7838019,0.7529377,226908,True,False,2002,0.5367604,0.14208063,0.1669895,False,,,0.58691823,0.093196325,0.048832934,0.024,-0.0,0.16602926,-0.015,-0.017145019,0.7208025
cand_021802,2025,PM,Staff,UK,30-39,39,PhD,3,2008,unknown,15.523137,15.254616,3,1.5276779,5,0,Staff Engineer,1000+,2.3568056,10,21,5,1,1,True,True,True,True,True,False,False,False,False,False,True,True,False,3,3,0,True,True,True,False,0,509,24,2,0.5702554,0.8526656,199554,True,False,2009,0.4898844,0.09070417,0.17822908,True,,,0.5321225,0.09837865,0.049357753,0.024,-0.0,0.1717364,-0.005,0.029973768,0.72883266
cand_041163,2025,PM,Senior,US-West,50-59,50,None,4,1996,unknown,29.298794,23.663078,8,2.2909281,9,0,Director,11-50,8.599538,16,5,7,2,3,False,False,True,False,False,True,False,False,True,True,False,True,False,3,1,1,True,False,True,False,0,433,5,6,0.8762829,0.7124291,304263,False,False,1996,0.54775655,0.28998613,0.26727495,True,,,0.6351849,0.08106501,0.018768592,0.024,-0.03,0.093833596,-0.022,0.028975388,0.7359938
cand_006232,2025,SRE,Director,India,40-49,42,BS,3,2004,unknown,19.397354,15.082871,8,3.1312873,0,0,Principal Engineer,11-50,5.3469167,33,9,3,2,1,True,False,True,True,False,True,False,False,True,False,False,False,True,5,1,0,False,False,False,True,0,679,18,4,0.89241546,0.9310481,219370,True,False,2006,0.6784831,0.22640753,0.36531684,True,,,0.6725551,0.098544024,0.042093676,0.04,-0.01,0.17063768,-0.015,-0.027046857,0.8011459
cand_003862,2025,SRE,Entry,US-West,<30,26,HS,3,2020,unknown,3.4564104,2.8173118,1,3.2458339,4,2,Senior Engineer,51-200,0.0,0,14,4,0,1,False,True,True,False,False,True,False,False,False,False,False,True,False,6,0,2,False,False,False,True,0,461,22,3,0.57158136,0.86003363,96940,False,False,2022,0.67098296,0.0,0.25868058,True,,,0.54006016,0.08779847,0.037741978,0.048,-0.0,0.17354044,-0.0,0.01766539,0.731266
cand_035094,2025,SRE,Manager,UK,30-39,35,HS,4,2012,3.0-3.4,13.802258,10.706664,2,0.97698116,0,1,Engineering Manager,51-200,4.522294,32,16,2,2,1,True,True,True,False,False,True,False,False,True,False,True,True,False,3,0,1,False,False,False,False,1,548,29,5,0.77239245,0.6755939,151843,False,False,2011,0.5344785,0.19966882,0.053981125,True,,,0.58545613,0.099742204,0.046507098,0.024,-0.0,0.1702493,-0.005,0.0017509299,0.75245637
cand_040195,2025,Data,Entry,Canada,<30,25,MS,3,2023,3.0-3.4,0.0,0.0,0,3.7430785,0,1,Intern,51-200,0.0,3,23,2,2,2,True,False,True,True,False,False,True,False,True,False,False,False,False,5,0,1,False,True,True,True,0,467,10,5,0.6622666,0.9666585,86847,False,True,2025,0.6324533,0.006,0.37669247,True,,,0.605125,0.08007374,0.037741978,0.04,-0.0,0.15781572,-0.0,0.02815885,0.7910996
cand_039250,2025,SWE,Staff,Canada,40-49,42,MS,5,2004,<3.0,21.632,18.366423,5,2.4442277,1,1,Engineering Manager,51-200,5.2487397,31,10,5,1,1,False,True,False,True,True,True,False,False,True,False,True,True,True,3,0,0,False,True,False,False,0,617,24,4,0.73988235,0.69242567,273734,False,False,2003,0.5271431,0.2194622,0.22515988,True,,,0.5714439,0.09393677,0.042691376,0.024,-0.0,0.16062815,-0.015,0.031270687,0.74834275
cand_006217,2025,SRE,Staff,UK,30-39,36,MS,2,2012,unknown,13.217579,13.104316,4,4.261525,12,0,Principal Engineer,1000+,1.5461602,10,28,1,0,2,True,True,True,False,False,True,False,True,True,False,False,True,True,4,0,0,False,True,False,False,0,698,41,3,0.74418324,0.6995682,175861,True,False,2012,0.5788367,0.066384815,0.49717793,True,,,0.5683778,0.09981198,0.046804126,0.032,-0.01,0.1686161,-0.005,0.014893993,0.7468879
cand_036775,2025,Data,Entry,US-West,50-59,55,Bootcamp,4,1993,unknown,31.342379,26.479774,11,3.819913,7,0,Principal Engineer,201-1000,9.137975,58,15,3,2,1,True,False,False,True,True,False,False,False,True,False,False,True,True,3,1,1,False,False,False,False,0,449,23,6,0.74486005,0.6950747,352990,False,False,1994,0.5231387,0.39013925,0.4456565,False,,,0.585716,0.0723572,0.015404932,0.024,-0.01,0.10176214,-0.022,0.0079594,0.67343754
cand_042976,2025,PM,Staff,US-Central,<30,26,AA,4,2021,3.5-3.7,2.7782764,2.2095146,3,1.5711436,6,1,Engineer,1-10,0.0,1,30,6,0,4,True,True,True,True,True,False,False,False,False,False,False,False,False,6,0,5,True,False,False,False,0,959,21,3,0.7439439,0.6426789,81397,False,False,2022,0.7037888,0.002,0.12330009,True,,,0.5569161,0.08624982,0.037741978,0.048,-0.0,0.1719918,-0.0,0.009638378,0.7385463
cand_048467,2025,Security,Senior,US-West,50-59,54,PhD,5,1992,unknown,31.14427,27.298037,12,3.1694713,0,1,Principal Engineer,1-10,10.776513,72,23,3,1,1,True,True,False,True,True,True,False,False,False,False,False,True,False,3,1,0,False,False,False,True,0,815,20,5,0.6283229,0.70626825,317945,False,False,1994,0.5056646,0.4672954,0.30977163,False,,,0.54116666,0.06968694,0.00755497,0.024,-0.01,0.09124192,-0.022,-0.0025591364,0.6078494
cand_014831,2025,IT,Staff,Canada,50-59,50,Bootcamp,3,1997,unknown,26.12214,25.124676,9,2.6125815,0,0,Senior Engineering Manager,1000+,5.96433,38,21,4,0,0,True,True,False,False,False,True,True,False,False,True,False,True,False,2,1,1,False,False,False,True,0,430,17,5,0.5086558,0.84163195,272803,False,True,1999,0.42173114,0.25492993,0.30480117,False,,,0.5263559,0.07665703,0.037993737,0.016,-0.02,0.11065076,-0.022,-0.033430476,0.5815762
cand_030092,2025,PM,Mid,US-West,30-39,31,MS,5,2017,<3.0,8.08151,6.783344,2,2.5081382,12,1,Staff Engineer,201-1000,1.4633163,7,32,4,1,5,False,True,True,False,False,True,False,False,True,False,False,False,False,6,0,2,False,True,False,True,0,864,43,2,0.83377147,0.9911601,118506,True,False,2017,0.7167543,0.05789949,0.2326161,True,,,0.65205204,0.095887356,0.046443168,0.048,-0.0,0.19033054,-0.005,-0.028444722,0.80893785
cand_008893,2025,Data,Staff,US-East,40-49,46,None,5,2000,3.8+,23.335548,23.171734,4,1.9755613,10,0,Principal Engineer,11-50,4.2130995,15,19,3,0,1,True,True,False,True,True,True,False,False,True,False,True,True,False,2,0,1,False,False,False,True,0,381,31,4,0.74283403,0.73779845,264463,False,False,2002,0.46023348,0.15639299,0.23048213,False,,,0.58155155,0.082480825,0.04775268,0.016,-0.01,0.1362335,-0.015,-0.022488834,0.68029624
cand_006020,2025,SRE,Manager,Canada,<30,23,AA,4,2023,unknown,0.41006437,0.31674865,0,2.6729064,0,0,Intern,201-1000,0.0,5,45,2,1,1,True,False,False,False,False,False,False,False,True,True,False,False,False,4,0,1,False,True,True,False,0,854,23,5,0.7946625,0.7931459,98697,True,False,2025,0.5989325,0.010000001,0.31183907,True,,,0.6167611,0.08100611,0.037741978,0.032,-0.0,0.15074809,-0.0,0.040297598,0.80780673
cand_046088,2025,Security,Entry,India,40-49,42,PhD,3,2005,unknown,18.865051,17.808197,5,2.4994965,0,0,Principal Engineer,201-1000,2.9672859,8,30,2,1,0,True,True,False,False,False,False,True,False,False,True,False,True,True,3,2,1,False,True,True,True,1,525,33,4,0.7342446,0.9983671,213547,True,True,2006,0.5268489,0.10501858,0.29160792,True,,,0.630659,0.094927154,0.049998328,0.024,-0.01,0.15892547,-0.015,-0.024097169,0.7504873
cand_015242,2025,Data,Manager,US-Central,30-39,37,PhD,4,2009,3.0-3.4,14.495759,12.226309,4,1.8596162,17,1,Staff Engineer,51-200,6.4719,47,21,3,2,5,True,False,True,True,True,True,False,False,True,False,True,True,True,5,2,0,False,True,False,True,1,306,23,3,0.6306936,0.78577256,202860,False,True,2011,0.6119721,0.28815702,0.15695521,False,,,0.54589725,0.0999921,0.03430643,0.04,-0.0,0.17429852,-0.005,-0.014500735,0.70069504
cand_045307,2025,PM,Staff,US-East,50-59,54,HS,1,1993,unknown,30.85668,30.343845,8,2.9607122,0,0,Engineering Manager,201-1000,8.1322975,16,16,2,1,4,True,True,False,True,True,False,True,False,False,False,True,True,False,3,1,1,False,False,False,False,0,827,27,5,0.68980217,0.78518796,352409,True,False,1994,0.5179604,0.27596894,0.34541643,False,,,0.5784684,0.059494585,0.021952545,0.024,-0.0,0.10544713,-0.022,0.021962848,0.6838783
cand_026550,2025,Sales,Manager,US-West,40-49,49,AA,3,1998,unknown,26.912395,26.640036,6,4.2569737,8,1,Senior Engineering Manager,1000+,8.577502,59,10,1,1,2,False,False,False,True,False,True,True,False,True,False,False,False,False,2,1,0,False,True,True,False,0,606,40,3,0.91712016,0.9984513,281709,True,False,1998,0.4967574,0.37532508,0.4366469,True,,,0.6886823,0.071837954,0.018913602,0.016,-0.02,0.086751565,-0.015,-0.0013320104,0.7591019
cand_006034,2025,SRE,Entry,UK,<30,22,PhD,2,2024,unknown,0.0,0.0,1,1.4350555,5,0,Intern,201-1000,1.7362679,9,29,3,0,3,False,False,False,False,False,False,True,False,True,False,False,True,False,7,0,2,False,True,False,False,0,645,24,4,0.8468241,0.8096571,108325,False,True,2025,0.78519815,0.070088044,0.16742314,True,,,0.63231987,0.08007374,0.047565904,0.055999998,-0.0,0.18363963,-0.0,0.015210509,0.83117
cand_007905,2025,Sales,Senior,EU,<30,25,PhD,4,2021,<3.0,3.137446,2.9544613,1,0.7037144,4,1,Engineer,51-200,0.0,3,25,3,1,4,True,False,True,False,True,False,False,False,True,False,False,True,False,5,0,0,False,True,True,True,0,686,34,9,0.6877457,0.6998196,87858,False,False,2022,0.63421583,0.006,0.022100009,True,,,0.58467495,0.08813785,0.037741978,0.04,-0.0,0.16587982,-0.0,-0.01697473,0.73358005
cand_032225,2025,IT,Entry,Canada,40-49,41,MS,2,2006,3.8+,17.75206,15.051017,3,2.5698886,7,2,Staff Engineer,51-200,5.802905,27,11,3,0,2,True,False,False,False,True,True,False,False,True,False,True,False,True,4,2,0,False,True,True,True,0,494,35,5,0.80624294,0.7433508,202490,False,False,2007,0.59541523,0.22808716,0.17982033,True,,,0.6108552,0.09857374,0.03911533,0.032,-0.0,0.16968907,-0.015,-0.032307718,0.73323655
cand_006017,2025,SWE,Manager,US-East,40-49,44,Bootcamp,1,2004,<3.0,20.10694,19.447708,3,2.7687504,0,2,Engineering Manager,51-200,5.702272,41,39,2,2,2,True,True,True,True,True,False,True,True,True,False,False,False,False,2,0,3,False,False,False,False,0,469,31,0,0.82479584,0.9957399,241655,False,False,2005,0.4849592,0.25306815,0.20302087,True,,,0.63782656,0.091796204,0.039798412,0.016,-0.0,0.14759462,-0.015,0.004774914,0.77519614
cand_021879,2025,Sales,Manager,India,60+,62,Bootcamp,3,1984,unknown,41.741066,37.47947,9,3.6053329,0,1,Senior Engineering Manager,1000+,12.0,34,26,6,1,4,True,True,True,False,False,True,False,False,True,False,True,True,True,1,4,2,False,False,False,True,0,828,32,5,0.50428486,0.8694934,383236,True,False,1983,0.36085695,0.42800003,0.36062214,False,,,0.53039837,0.03671969,0.0039779753,0.008,-0.02,0.02869767,-0.032,-0.0014648727,0.5256312
cand_002791,2025,SRE,Staff,US-Central,50-59,52,None,1,1995,3.5-3.7,29.433506,25.859915,9,4.573473,0,0,Director,1-10,9.558155,65,5,5,1,2,False,True,True,False,True,False,False,False,True,False,False,True,False,3,0,0,False,False,True,False,0,818,21,3,0.61435616,0.7996123,321521,False,False,1996,0.5028712,0.41674465,0.53357184,False,,,0.5429472,0.07434555,0.013039449,0.024,-0.03,0.081385,-0.022,0.022914551,0.6252467
cand_042605,2025,PM,Mid,US-West,40-49,48,PhD,5,1998,3.0-3.4,26.301231,25.821001,6,4.3618264,16,1,Principal Engineer,11-50,7.4851394,24,25,6,2,0,True,True,False,False,False,False,True,False,True,False,True,True,False,2,0,0,False,True,True,False,0,801,28,5,0.7112491,0.70851266,293521,False,False,1999,0.4489165,0.2725542,0.44887978,False,,,0.5706397,0.07446924,0.026665835,0.016,-0.01,0.10713508,-0.015,0.041397773,0.70417255
cand_005823,2025,SRE,Staff,US-West,30-39,31,HS,5,2017,unknown,5.3931737,4.628261,1,2.4025185,0,0,Engineer,201-1000,1.9108639,7,27,1,0,1,True,True,True,True,False,True,False,False,True,False,True,False,False,2,0,1,False,False,True,True,0,722,15,4,0.8957245,0.62693983,128799,True,True,2020,0.4991449,0.07132592,0.28029382,True,,,0.61289155,0.09195582,0.04818047,0.016,-0.0,0.15613629,-0.005,-0.0050169965,0.75901085
cand_015387,2025,SRE,Staff,EU,40-49,46,MS,1,2001,unknown,24.904232,22.522388,7,2.6044652,0,1,Principal Engineer,1000+,8.440672,43,14,2,3,4,True,False,False,False,False,True,False,False,True,False,False,False,True,3,1,2,True,False,False,False,0,495,24,5,0.5159129,0.97407144,311345,True,False,2000,0.48318258,0.33922017,0.24385425,False,,,0.5553838,0.084293514,0.019826006,0.024,-0.01,0.11811953,-0.015,-0.009900964,0.64860237
cand_029561,2025,PM,Manager,US-East,40-49,46,PhD,1,2001,unknown,24.6352,20.628323,5,4.45782,6,0,Principal Engineer,201-1000,7.0442133,35,18,4,2,2,False,False,True,False,False,True,False,False,False,False,True,False,True,5,0,0,False,False,False,False,0,564,20,3,0.6769204,0.9559815,270697,True,False,2000,0.6303841,0.2813264,0.52007896,True,,,0.59611845,0.08914652,0.029991338,0.04,-0.01,0.14913784,-0.015,0.032240354,0.76249665
cand_039475,2025,Sales,Director,UK,<30,29,BS,1,2018,3.0-3.4,5.38896,4.0566297,2,2.0971112,14,2,Engineer,51-200,0.45214203,6,11,2,0,1,True,False,True,False,True,True,False,False,False,True,True,True,False,4,0,0,False,True,False,False,0,833,17,5,0.6693239,0.80968934,133861,True,True,2020,0.56219816,0.02556426,0.124662966,True,,,0.57620126,0.09072184,0.04081955,0.032,-0.0,0.16354139,-0.0,0.04845857,0.7882012
cand_000292,2025,Sales,Senior,EU,30-39,30,MS,3,2016,unknown,8.228804,7.3833323,2,2.9956937,0,0,Senior Engineer,11-50,0.0,0,26,3,0,0,False,False,False,False,True,True,False,False,True,True,False,True,False,4,1,0,False,True,False,False,0,773,31,4,0.72012234,0.8837908,115846,False,False,2017,0.5840245,0.0,0.3494976,True,,,0.60280097,0.096764356,0.037741978,0.032,-0.0,0.16650634,-0.005,0.03435115,0.7986585
cand_016957,2025,SRE,Senior,India,30-39,31,Bootcamp,1,2016,unknown,8.046717,7.286816,3,2.8677325,7,1,Staff Engineer,11-50,0.0,0,33,4,1,2,True,False,False,False,False,True,True,False,False,False,False,False,False,4,0,2,False,True,False,False,0,523,20,1,0.8955018,0.67268246,126481,False,False,2017,0.61326706,0.0,0.2745688,True,,,0.6039621,0.09663,0.037741978,0.032,-0.0,0.16637199,-0.005,0.015145795,0.7804799
cand_030860,2025,SRE,Director,Canada,<30,27,HS,5,2021,3.8+,4.765786,3.9363396,2,3.2261164,0,1,Senior Engineer,1-10,0.0,1,14,4,2,3,False,True,True,False,True,True,False,True,True,False,True,True,False,6,0,1,False,False,True,False,0,657,22,6,0.9467669,0.967331,141806,False,False,2020,0.7493534,0.002,0.31638023,True,,,0.7108346,0.09045266,0.037741978,0.048,-0.0,0.17619464,-0.0,0.009705635,0.89673495
cand_014073,2025,SWE,Senior,US-Central,60+,63,BS,4,1984,<3.0,36.222603,28.33616,8,2.6646972,18,1,Engineering Manager,51-200,10.168874,82,20,6,0,3,True,False,False,True,False,True,False,False,True,False,False,True,False,2,3,1,False,False,True,False,0,721,35,5,0.86638546,0.9719695,343087,False,False,1989,0.4782771,0.46906623,0.25088134,True,,,0.67762876,0.06624325,0.0100342035,0.016,-0.0,0.09227746,-0.032,-0.0036409937,0.7342652
cand_021856,2025,Data,Mid,Other,30-39,36,AA,2,2012,unknown,11.553804,11.471436,2,3.0299714,0,0,Staff Engineer,11-50,0.0,0,18,3,1,2,True,False,False,False,True,True,False,False,False,False,True,True,False,3,0,0,False,True,False,False,0,894,22,6,0.8162319,0.62941074,171491,False,False,2013,0.5432464,0.0,0.35349664,False,,,0.5975633,0.09995689,0.037741978,0.024,-0.0,0.16169888,-0.005,-0.07110636,0.68315583
cand_022079,2025,IT,Senior,US-East,<30,25,None,2,2022,unknown,2.3337934,1.949501,0,2.967456,2,0,Junior Engineer,51-200,0.0,3,26,7,0,3,True,False,False,False,True,True,False,True,True,False,False,True,False,2,0,1,False,True,True,True,0,379,29,5,0.8299789,0.64809024,69580,False,True,2023,0.4843291,0.006,0.3462032,True,,,0.60011065,0.08556589,0.037741978,0.016,-0.0,0.13930787,-0.0,0.051712144,0.79113066
cand_017023,2025,PM,Entry,US-Central,40-49,43,PhD,3,2005,3.8+,20.45194,15.621719,4,3.2066064,12,2,Engineering Manager,1000+,7.074121,49,39,2,0,3,True,False,True,False,True,False,False,False,True,True,True,True,True,5,2,0,False,False,True,False,0,674,20,2,0.78554106,0.87045604,255214,False,False,2005,0.6471082,0.31022364,0.25410405,True,,,0.6110306,0.09799614,0.029764637,0.04,-0.0,0.16776076,-0.015,0.012436218,0.77622753
cand_008739,2025,PM,Entry,India,40-49,47,MS,1,2001,3.8+,21.42956,17.58448,3,3.0729654,0,0,Engineering Manager,11-50,7.4130325,39,22,4,0,3,True,True,True,False,False,False,False,False,True,False,True,False,False,5,1,0,False,False,False,False,0,857,23,7,0.5265273,0.845426,251922,False,False,2004,0.60530543,0.300391,0.3585126,False,,,0.54536974,0.09530126,0.027205897,0.04,-0.0,0.16250716,-0.015,-0.0053508882,0.68752605
cand_015825,2025,Data,Director,Other,30-39,38,MS,5,2010,unknown,15.769865,14.747776,4,2.1469731,0,0,Staff Engineer,1000+,3.6867995,9,17,2,2,0,True,False,True,True,True,False,False,False,False,False,False,False,False,7,1,2,False,False,False,False,0,796,24,5,0.95083404,0.78670937,207637,True,True,2009,0.81016684,0.128604,0.2504802,True,,,0.6701337,0.0988416,0.049268387,0.055999998,-0.0,0.20410998,-0.005,0.005978666,0.8752223
cand_002741,2025,SWE,Staff,US-East,<30,24,AA,1,2023,<3.0,0.0,0.0,0,0.5,2,0,Intern,11-50,2.008825,17,29,6,2,3,True,False,True,True,False,True,False,False,True,False,True,False,False,5,0,0,True,False,False,False,0,671,37,2,0.9740206,0.96574914,98717,False,False,2025,0.69313747,0.09426476,0.058333334,True,,,0.6960571,0.08007374,0.048488285,0.04,-0.0,0.16856202,-0.0,0.0017643058,0.86638343
cand_018048,2025,IT,Entry,India,<30,23,HS,3,2024,unknown,0.15957513,0.13730529,0,3.659213,0,0,Intern,1000+,0.0,3,13,3,2,2,True,False,True,False,False,True,False,False,False,False,False,True,True,5,0,1,False,True,False,False,0,484,29,6,0.80537444,0.7190381,62852,False,False,2025,0.6610749,0.006,0.42690817,True,,,0.61168873,0.080479644,0.037741978,0.04,-0.0,0.15822163,-0.0,0.031090904,0.80100125
cand_049936,2025,Data,Staff,US-Central,30-39,35,None,5,2011,unknown,12.250092,12.082772,4,1.9042273,19,2,Staff Engineer,11-50,0.7465676,3,38,2,0,4,True,False,False,True,False,False,False,True,True,False,False,True,True,5,1,0,False,True,True,True,0,865,49,3,0.48548102,0.9614502,139919,True,True,2013,0.5812629,0.028397031,0.10215984,False,,,0.53020847,0.09999894,0.04266321,0.04,-0.0,0.18266216,-0.005,-0.069067545,0.63880306
cand_017372,2025,Data,Mid,EU,<30,28,PhD,1,2020,unknown,4.783671,4.5676103,1,1.2717452,0,0,Engineer,51-200,0.0,0,18,5,2,1,True,True,False,True,False,True,True,True,False,True,True,True,False,6,0,2,True,True,False,False,0,562,23,7,0.5498448,0.7795077,110227,False,False,2020,0.66996896,0.0,0.14837027,False,,,0.5403472,0.091828495,0.037741978,0.048,-0.0,0.17757046,-0.0,-0.0010852177,0.71683246
cand_022021,2025,PM,Staff,US-East,50-59,51,AA,4,1997,3.5-3.7,26.73955,21.860119,6,1.715265,7,1,Engineering Manager,201-1000,7.0720925,41,9,5,0,4,True,True,False,False,True,True,False,True,False,False,True,True,False,6,0,0,False,False,False,False,0,918,17,5,0.7361252,0.6248079,250868,False,False,1998,0.7013917,0.29416278,0.14011425,False,,,0.5626054,0.086067885,0.029780015,0.048,-0.0,0.1638479,-0.022,-0.0132361315,0.6912172
cand_046364,2025,SRE,Senior,US-Central,30-39,34,None,5,2012,3.5-3.7,12.012381,10.190027,6,1.9778785,2,1,Engineering Manager,11-50,1.115708,8,12,4,1,2,True,True,False,False,False,True,True,False,True,False,False,True,True,4,0,0,False,False,False,True,0,570,32,2,0.5621558,0.9766213,184117,False,False,2013,0.5507645,0.049471244,0.17075248,False,,,0.5540788,0.09949572,0.04474896,0.032,-0.0,0.17624468,-0.005,-0.01016387,0.71515965
cand_023537,2025,SWE,Senior,US-Central,<30,27,PhD,3,2020,3.8+,3.4497144,2.6986492,0,0.999469,0,1,Engineer,11-50,0.0,0,14,3,2,0,True,True,False,False,True,True,True,True,True,False,False,True,True,5,0,2,False,True,False,False,0,808,29,5,0.89969254,0.71362203,107405,False,False,2022,0.6799385,0.0,0.056604706,True,,,0.6376168,0.08750179,0.037741978,0.04,-0.0,0.16524377,-0.0,0.01641157,0.81927216
cand_045499,2025,SRE,Senior,US-West,40-49,42,MS,1,2004,unknown,18.246973,17.888634,7,4.1105256,0,2,Senior Engineering Manager,1-10,2.4113472,13,8,1,3,1,True,True,True,False,True,False,False,False,True,False,True,False,False,3,0,2,False,False,True,False,0,504,5,2,0.6537483,0.73151845,214360,True,True,2007,0.51074964,0.09834042,0.35956132,False,,,0.5371156,0.09478942,0.049461495,0.024,-0.02,0.14825092,-0.015,-0.0015543594,0.66881216
cand_040185,2025,PM,Manager,US-West,<30,23,BS,4,2025,3.8+,0.0,0.0,0,2.7788851,0,1,Intern,1-10,1.252411,0,29,7,2,1,False,True,True,True,False,True,False,True,False,False,False,True,False,5,0,3,True,False,False,False,0,489,42,6,0.5889299,0.65404594,87179,True,False,2025,0.617786,0.03757233,0.26420325,True,,,0.5229347,0.08007374,0.045448665,0.04,-0.0,0.1655224,-0.0,0.053906564,0.74236363
cand_009613,2025,Data,Mid,Canada,40-49,48,Bootcamp,3,1998,unknown,27.581299,20.702776,8,0.72489595,0,1,Principal Engineer,201-1000,4.8802285,19,36,9,2,2,False,True,True,True,False,False,False,False,False,False,False,True,True,5,2,0,False,False,False,False,0,619,6,5,0.7990118,0.7035034,298327,True,False,1997,0.6598024,0.18440686,0.024571188,False,,,0.60035485,0.088969186,0.044770356,0.04,-0.01,0.16373955,-0.015,-0.03375002,0.7153444
cand_043281,2025,IT,Staff,India,40-49,45,AA,2,2002,<3.0,23.869387,19.441559,6,2.5644486,0,1,Engineering Manager,1-10,5.8633437,30,13,1,2,3,True,True,True,True,True,True,False,False,False,False,True,True,False,3,2,2,False,False,False,True,0,533,5,1,0.65807873,0.7694468,239252,False,False,2001,0.51161575,0.23590031,0.23918566,False,,,0.5402169,0.091809176,0.03869895,0.024,-0.0,0.15450813,-0.015,0.016197039,0.6959221
cand_037891,2025,IT,Staff,US-West,40-49,47,PhD,5,1999,unknown,24.573301,23.54296,6,2.1607647,0,2,Senior Engineering Manager,201-1000,6.5460854,47,24,1,1,2,True,False,True,False,False,True,True,False,False,False,False,False,False,4,0,1,False,True,False,True,0,689,23,6,0.6335789,0.78692406,267889,False,False,2000,0.5667158,0.29038256,0.1320892,False,,,0.56513745,0.081414476,0.033752788,0.032,-0.02,0.12716727,-0.015,0.043312646,0.7206174
cand_026178,2025,Data,Mid,UK,30-39,35,None,3,2013,3.0-3.4,11.359046,9.068185,4,2.3280666,4,0,Staff Engineer,11-50,1.7989982,11,26,4,1,2,False,False,False,False,False,True,False,False,True,False,False,True,False,4,0,1,False,True,False,True,0,666,49,6,0.6641183,0.9877373,158331,True,False,2014,0.5694903,0.07596995,0.27160776,True,,,0.61598885,0.09868228,0.04779628,0.032,-0.0,0.17847857,-0.005,-0.016634405,0.77283305
cand_045892,2025,Data,Mid,India,30-39,38,BS,3,2010,<3.0,15.076225,12.863908,6,4.850096,0,0,Engineering Manager,1000+,0.1368296,3,20,5,1,0,False,True,False,False,True,False,True,True,True,False,False,True,True,3,0,3,False,False,True,False,0,720,34,3,0.8909371,0.8282822,194528,False,False,2010,0.5581874,0.010104888,0.56584454,True,,,0.64548445,0.09988489,0.03870015,0.024,-0.0,0.16258503,-0.005,-0.05117068,0.75189877
cand_020933,2025,Data,Manager,India,30-39,32,None,3,2014,unknown,10.92457,8.214005,1,4.263732,16,1,Senior Engineer,51-200,2.4773827,12,20,3,1,2,False,True,True,False,False,True,True,False,False,True,True,True,True,4,0,1,False,False,False,True,0,433,17,2,0.9368111,0.6312792,166474,False,False,2014,0.61402893,0.09832148,0.4374354,True,,,0.6161397,0.09781229,0.049575053,0.032,-0.0,0.17938735,-0.005,0.016688537,0.8072156
cand_040971,2025,Sales,Mid,UK,<30,29,HS,4,2017,unknown,6.233984,4.7534823,1,1.9480472,0,0,Engineer,11-50,0.0,0,19,7,2,1,True,False,False,False,True,True,False,False,False,False,False,False,False,8,0,1,False,True,False,False,1,659,52,5,0.9147078,0.92841715,112075,False,False,2019,0.86294156,0.0,0.22727215,True,,,0.68583107,0.092215955,0.037741978,0.064,-0.0,0.19395792,-0.0,-0.011191188,0.8685978
cand_022224,2025,Security,Mid,EU,40-49,44,BS,3,2004,3.0-3.4,17.453259,16.400057,4,4.3687997,0,0,Staff Engineer,51-200,6.557608,38,26,1,2,3,True,True,True,False,False,False,False,False,False,False,False,True,False,5,2,2,False,False,True,False,0,528,24,3,0.63703793,0.63940305,236904,False,False,2008,0.6274076,0.27272826,0.50969326,False,,,0.5188439,0.097056456,0.033666562,0.04,-0.0,0.17072302,-0.015,0.031566493,0.7061334
cand_024381,2025,Security,Director,US-Central,30-39,36,Bootcamp,3,2011,3.5-3.7,14.665254,13.319212,3,4.351772,14,1,Staff Engineer,11-50,1.5178334,12,22,7,0,4,False,True,True,True,True,True,False,False,True,True,True,False,False,6,0,0,False,True,True,True,0,595,44,4,0.5153993,0.9303925,182160,True,False,2010,0.6514132,0.069535,0.4477067,True,,,0.5404682,0.09973179,0.046682645,0.048,-0.0,0.19441444,-0.005,0.018938927,0.74882156
cand_034855,2025,SWE,Entry,Other,40-49,43,HS,1,2003,3.5-3.7,20.270773,17.357859,7,1.5890917,0,0,Engineering Manager,1-10,7.1944747,22,28,5,0,3,True,False,False,False,True,False,False,False,False,False,False,True,False,3,0,1,False,True,False,True,0,829,26,3,0.90555984,0.66830814,231837,False,False,2005,0.561112,0.25983426,0.18539403,True,,,0.6186076,0.095666654,0.028853247,0.024,-0.0,0.1485199,-0.015,0.018001536,0.7701291
cand_048577,2025,Sales,Mid,US-Central,30-39,35,None,4,2011,unknown,13.127748,11.054152,4,2.2398689,3,0,Principal Engineer,11-50,4.4088697,34,20,3,2,2,True,False,True,False,False,True,True,True,False,False,False,True,True,5,1,0,False,True,False,True,0,716,35,5,0.6099568,0.8008991,167296,True,False,2012,0.61949134,0.20026611,0.26131803,True,,,0.5536647,0.09986204,0.0469928,0.04,-0.01,0.17685483,-0.005,0.033422872,0.7589424
cand_038536,2025,Data,Entry,US-East,40-49,47,MS,5,2001,3.0-3.4,24.717861,24.223194,8,4.1750255,0,0,Engineering Manager,51-200,6.121321,52,27,3,1,4,False,False,False,True,False,True,False,False,False,True,False,True,False,4,2,2,False,False,False,False,0,669,27,7,0.689183,0.924255,273837,False,True,2000,0.57783663,0.28763965,0.4870863,True,,,0.61806506,0.07940844,0.03687616,0.032,-0.0,0.1482846,-0.015,-0.0070120054,0.7443377
cand_031755,2025,Sales,Staff,US-East,<30,23,HS,1,2025,unknown,0.6230708,0.563534,1,2.3220122,0,0,Intern,51-200,1.7524815,0,14,2,0,4,True,False,True,False,False,False,False,False,True,True,False,True,False,5,0,1,False,False,False,False,0,604,12,7,0.92868656,0.9425249,94441,False,False,2024,0.6857373,0.052574445,0.2709014,True,,,0.7055453,0.08172252,0.04762646,0.04,-0.0,0.16934898,-0.0,0.0132169975,0.88811123
cand_007753,2025,SWE,Staff,India,30-39,33,PhD,4,2013,<3.0,8.765297,8.576341,4,1.4288846,16,1,Senior Engineer,11-50,2.1276524,11,36,5,0,3,True,True,True,False,True,True,True,False,False,False,False,False,False,2,0,2,False,True,False,True,0,296,38,5,0.9016469,0.6855827,138938,True,False,2016,0.48699605,0.08582958,0.10670321,True,,,0.63269293,0.0982074,0.04882498,0.016,-0.0,0.16303238,-0.005,0.04626701,0.8369924
cand_046638,2025,SWE,Director,US-Central,<30,22,PhD,2,2025,unknown,0.0,0.0,0,3.618972,2,1,Intern,201-1000,0.0,0,27,2,0,5,True,True,True,False,True,False,False,False,True,False,False,True,False,3,0,0,False,False,False,False,0,418,42,4,0.77229667,0.8404253,95108,False,True,2025,0.5327927,0.0,0.36221337,True,,,0.61238885,0.08007374,0.037741978,0.024,-0.0,0.14181572,-0.0,-0.005063998,0.74914056
cand_043834,2025,Data,Mid,India,30-39,33,Bootcamp,4,2015,3.5-3.7,8.825087,7.259288,2,2.4766119,0,0,Staff Engineer,1000+,1.6690714,6,31,2,1,4,False,True,True,False,False,True,False,False,True,False,False,True,False,5,1,0,False,False,False,False,0,631,5,3,0.79448587,0.9286027,120258,True,False,2016,0.65889716,0.062072143,0.28893805,True,,,0.63179064,0.0965912,0.047307443,0.04,-0.0,0.18389863,-0.005,0.019404557,0.8300938
cand_026235,2025,Sales,Director,Other,<30,25,AA,4,2021,unknown,3.419905,2.9079864,0,1.0457175,3,0,Engineer,51-200,0.37506512,3,32,4,1,4,True,False,False,True,True,False,False,False,False,False,True,True,True,4,0,0,False,False,False,False,0,700,29,5,0.66853803,0.94871825,94523,False,False,2022,0.57120764,0.017251953,0.122000374,True,,,0.603732,0.08802327,0.04031412,0.032,-0.0,0.16033739,-0.0,-0.02694611,0.73712325
cand_044229,2025,Security,Senior,India,30-39,37,BS,2,2011,3.8+,13.246592,11.32415,3,3.2611694,0,0,Staff Engineer,11-50,1.7079349,6,44,7,1,2,True,True,True,True,True,False,False,False,True,False,False,True,False,2,0,1,False,True,False,False,0,562,52,1,0.8296187,0.84194154,152673,False,False,2012,0.48592374,0.06323805,0.38046977,True,,,0.61475486,0.099929534,0.047458388,0.016,-0.0,0.16338792,-0.005,0.00016632215,0.7733091
cand_049596,2025,SWE,Entry,EU,50-59,58,PhD,4,1989,3.5-3.7,35.675392,31.999205,9,3.2080119,12,1,Staff Engineer,11-50,8.927265,39,12,1,0,1,False,True,True,False,False,True,False,False,True,False,True,True,False,2,2,1,False,True,False,False,1,606,5,7,0.8888909,0.687212,324188,False,False,1989,0.4877782,0.34581798,0.31426802,False,,,0.6405542,0.053943396,0.016678711,0.016,-0.0,0.08662211,-0.022,0.01677209,0.7219484
cand_018552,2025,Security,Staff,UK,40-49,43,AA,3,2003,unknown,19.736313,18.938168,4,3.380075,0,0,Engineering Manager,201-1000,4.1056833,12,8,4,0,2,True,False,False,False,False,True,True,True,True,False,True,True,True,3,2,2,False,True,False,False,0,310,13,11,0.5234271,0.99604887,258826,False,False,2005,0.48468542,0.1471705,0.3943421,True,,,0.5984093,0.09284049,0.048125815,0.024,-0.0,0.16496632,-0.015,-0.016763076,0.73161256
cand_043136,2025,SRE,Manager,India,30-39,39,AA,4,2007,3.8+,15.576113,13.155995,5,1.913252,9,0,Staff Engineer,1-10,4.1904464,15,15,6,0,3,False,False,True,False,False,True,True,False,False,False,True,False,True,3,0,1,False,True,False,False,0,810,5,2,0.6720662,0.9800493,203526,True,True,2009,0.50691324,0.1557134,0.22321273,True,,,0.59323305,0.09979399,0.047834,0.024,-0.0,0.171628,-0.005,-0.0017006054,0.7581605
cand_036672,2025,SRE,Manager,US-Central,30-39,31,AA,4,2017,unknown,6.8046846,5.224731,3,4.071435,7,0,Engineer,1-10,2.1852334,18,19,1,1,2,False,True,False,False,True,False,False,False,False,False,False,True,False,6,1,1,False,True,False,False,0,667,19,1,0.93349266,0.77986383,141317,True,False,2018,0.74086523,0.101557,0.47500074,True,,,0.6386952,0.0931611,0.048973426,0.048,-0.0,0.19013453,-0.005,-0.035932403,0.7878973
cand_043649,2025,SRE,Manager,Other,<30,25,AA,4,2021,3.0-3.4,1.4186429,1.3270833,0,2.8126278,7,0,Junior Engineer,1000+,2.6572354,15,17,7,0,0,True,True,False,True,False,True,True,False,True,True,False,False,False,5,0,0,False,False,False,False,0,1108,36,5,0.6677029,0.9704752,98459,True,True,2024,0.62770724,0.10971706,0.3281399,True,,,0.60779107,0.08387951,0.04981677,0.04,-0.0,0.17369628,-0.0,0.0065347487,0.7880221
cand_003940,2025,PM,Manager,UK,30-39,33,None,3,2014,unknown,10.265677,9.548611,1,4.08404,1,1,Senior Engineer,1-10,1.6593381,5,16,4,0,1,True,False,True,False,True,True,False,False,True,False,True,True,False,6,0,2,False,False,True,True,0,499,29,6,0.5015526,0.8340587,143182,False,False,2015,0.6594772,0.05978015,0.41647133,False,,,0.5283551,0.09907692,0.04726902,0.048,-0.0,0.19434595,-0.005,0.008614647,0.72631574
cand_031496,2025,SRE,Entry,Canada,<30,25,HS,1,2023,3.5-3.7,0.17915611,0.15699103,0,1.9338807,0,2,Intern,1000+,0.0,4,23,5,2,3,False,True,False,False,False,False,False,False,True,False,True,True,False,6,0,3,True,True,False,True,0,435,32,4,0.94208384,0.71346813,85273,False,False,2025,0.7484168,0.008,0.105619416,True,,,0.646423,0.08053762,0.037741978,0.048,-0.0,0.16627958,-0.0,0.03138262,0.84408516
cand_026593,2025,PM,Staff,US-East,40-49,42,MS,3,2004,unknown,19.583166,17.14312,5,2.681025,0,0,Engineering Manager,1-10,4.3788147,23,24,4,1,1,True,False,False,True,True,True,False,False,True,False,False,True,True,5,1,1,False,False,False,False,0,509,41,4,0.93820024,0.8636299,197854,False,False,2005,0.6876401,0.17736445,0.31278625,True,,,0.67509604,0.09600014,0.047116004,0.04,-0.0,0.18311614,-0.015,0.044199284,0.8874115
cand_023921,2025,PM,Senior,US-East,50-59,57,HS,3,1991,unknown,32.23258,24.873005,10,5.6826997,10,0,Staff Engineer,11-50,7.657343,45,35,3,1,1,True,True,False,False,False,False,False,False,True,False,False,True,False,4,2,1,False,True,True,False,0,579,35,2,0.8271952,0.8876186,321093,True,True,1993,0.59710574,0.3197203,0.6629816,False,,,0.629042,0.077434964,0.025385652,0.032,-0.0,0.13482063,-0.022,-0.024972305,0.71689034
cand_026402,2025,SRE,Staff,US-West,40-49,49,None,3,1998,3.0-3.4,26.230253,23.2982,7,2.394783,0,0,Senior Engineering Manager,1000+,8.354537,42,23,4,1,2,True,False,False,False,True,True,False,False,False,True,False,True,False,4,1,1,False,False,False,True,0,506,37,4,0.4988599,0.8041558,254042,False,False,1999,0.539772,0.33463612,0.27939135,False,,,0.50943214,0.082119904,0.020410556,0.032,-0.02,0.114530474,-0.015,-0.045445994,0.5635167
cand_045942,2025,Data,Mid,US-East,<30,23,MS,5,2023,unknown,0.0,0.0,0,3.1058156,0,1,Intern,1000+,0.0,0,38,7,1,3,True,False,True,False,False,False,False,False,True,False,False,True,False,8,1,2,True,True,False,True,0,570,21,6,0.9413035,0.66383326,70728,True,False,2025,0.86826074,0.0,0.30234516,True,,,0.6482229,0.08007374,0.037741978,0.064,-0.0,0.18181571,-0.0,-0.0019676746,0.828071
cand_048525,2025,Security,Mid,Canada,30-39,37,BS,3,2011,unknown,12.595811,12.024652,2,3.1523175,2,0,Staff Engineer,201-1000,4.7261457,16,23,3,0,2,False,False,True,True,False,False,True,False,False,False,True,False,False,5,1,0,False,True,False,True,0,896,40,3,0.8806307,0.800229,175193,True,True,2012,0.67445946,0.17378439,0.36777037,True,,,0.6362666,0.09999991,0.045554575,0.04,-0.0,0.18555447,-0.005,-0.034006152,0.7828149
cand_018315,2025,SWE,Staff,US-West,40-49,48,MS,2,2000,<3.0,24.632864,23.642504,9,2.1188254,0,0,Principal Engineer,11-50,4.8402205,40,16,5,2,3,True,False,False,False,True,True,False,False,True,False,True,True,True,4,2,3,False,True,False,True,0,634,32,4,0.7906802,0.766967,253129,True,False,2000,0.59813607,0.22520661,0.2471963,False,,,0.60413146,0.08112501,0.04497909,0.032,-0.01,0.1481041,-0.015,-0.026255641,0.7109799
cand_036893,2025,PM,Entry,UK,30-39,30,PhD,5,2016,unknown,8.26285,6.707569,2,4.2367377,7,0,Senior Engineer,1000+,0.0,0,21,2,0,1,True,True,False,True,False,True,False,True,True,False,False,True,True,4,0,1,False,False,True,True,0,790,33,7,0.5422216,0.7524199,163366,False,False,2017,0.542611,0.0,0.49428606,False,,,0.5322615,0.095769584,0.037741978,0.032,-0.0,0.16551156,-0.005,0.027740253,0.7205133
cand_026695,2025,IT,Staff,US-Central,30-39,35,BS,5,2011,unknown,12.213215,10.524164,3,3.5845356,5,0,Staff Engineer,11-50,1.493717,13,19,3,1,4,True,True,True,False,True,True,False,True,False,False,True,True,False,2,0,1,False,False,False,False,1,724,25,6,0.72423315,0.6090671,178347,False,False,2013,0.46067995,0.07081151,0.4181958,True,,,0.56129503,0.09966444,0.046577625,0.016,-0.0,0.16224207,-0.005,0.045888506,0.7644256
cand_042127,2025,PM,Director,US-East,40-49,40,BS,1,2006,unknown,16.600075,13.486464,6,2.191261,0,1,Staff Engineer,201-1000,2.7017097,21,27,6,0,1,True,False,False,True,False,True,False,False,True,False,True,False,False,3,0,0,False,False,True,False,0,776,18,3,0.9724496,0.6574039,206934,True,False,2008,0.57448995,0.1230513,0.19564712,True,,,0.63983816,0.0996596,0.049861167,0.024,-0.0,0.17352077,-0.015,-0.022035895,0.776323
cand_014170,2025,IT,Entry,US-Central,50-59,50,None,2,1997,unknown,27.318222,20.58261,9,4.3021617,0,0,Engineering Manager,51-200,7.7145834,40,17,5,1,3,True,True,True,True,False,True,False,False,False,False,False,True,True,2,2,1,False,True,False,True,0,475,22,5,0.9344915,0.70990527,315967,False,False,1998,0.5068983,0.31143752,0.50191885,True,,,0.6490531,0.089254834,0.024963632,0.016,-0.0,0.13021846,-0.022,0.020429354,0.7777009
cand_003732,2025,Data,Director,EU,30-39,39,BS,3,2009,unknown,14.835816,11.643326,3,1.6091816,2,0,Staff Engineer,1000+,3.0527833,17,16,7,1,0,True,True,False,False,True,False,False,True,True,False,True,True,False,4,2,0,False,False,False,False,0,621,11,9,0.7079301,0.6682729,202667,False,False,2010,0.57991934,0.1255835,0.18773785,True,,,0.58543015,0.09998037,0.04999565,0.032,-0.0,0.18197602,-0.005,-0.004893343,0.7575128
cand_007881,2025,SWE,Senior,Canada,30-39,33,Bootcamp,5,2014,3.8+,7.5748386,6.6205225,2,2.7917814,0,1,Senior Engineer,11-50,2.7019112,18,13,3,1,1,False,True,False,True,True,True,True,False,True,True,False,True,True,4,1,1,False,False,False,True,0,405,38,1,0.9359494,0.633121,122600,False,False,2017,0.6271899,0.11705734,0.26570782,True,,,0.6102065,0.09563239,0.049861353,0.032,-0.0,0.17749375,-0.005,0.054269772,0.83697003
cand_006016,2025,Data,Director,Canada,30-39,38,BS,2,2010,3.0-3.4,13.944164,11.3119,5,2.9728234,0,0,Staff Engineer,201-1000,1.6621375,0,16,2,0,3,True,True,True,False,True,False,True,False,False,False,False,True,False,4,1,0,False,True,False,True,0,651,23,4,0.62407327,0.75249684,168418,False,True,2011,0.5648146,0.04986413,0.34682938,False,,,0.542925,0.099926956,0.047280096,0.032,-0.0,0.17920706,-0.005,-0.007590827,0.70954126
cand_023029,2025,SRE,Staff,US-Central,50-59,58,HS,5,1989,unknown,34.21231,26.67986,6,3.8109334,1,1,Senior Engineering Manager,201-1000,9.021172,18,19,4,0,3,True,False,False,False,False,False,False,True,True,False,False,True,False,5,3,1,False,False,False,False,0,892,21,4,0.54525834,0.8014293,348537,False,False,1991,0.6082183,0.30663517,0.3846089,False,,,0.5251263,0.071708634,0.016104031,0.04,-0.02,0.10781266,-0.022,0.02503026,0.63596916
cand_035473,2025,SWE,Entry,Canada,30-39,31,HS,2,2017,unknown,5.6452036,4.4192286,0,2.9126186,5,0,Senior Engineer,201-1000,0.0,1,46,2,1,3,True,True,True,False,True,True,False,False,True,True,False,True,False,5,0,1,False,True,True,False,0,618,36,3,0.6758402,0.6735493,149229,False,True,2019,0.63100135,0.002,0.3398055,False,,,0.53925395,0.09151335,0.037741978,0.04,-0.0,0.16925532,-0.005,-0.024979796,0.6785295
cand_049685,2025,PM,Staff,Other,30-39,36,PhD,2,2010,unknown,15.36923,12.348844,4,1.6797644,5,2,Engineering Manager,11-50,2.5626528,13,21,3,1,1,False,True,False,True,True,True,False,False,False,False,False,False,True,3,0,1,False,True,True,False,0,925,28,5,0.92085075,0.95725965,206607,False,False,2010,0.5600035,0.10287959,0.0759725,True,,,0.69374967,0.09998122,0.04970203,0.024,-0.0,0.17368326,-0.005,0.030437104,0.89287007
cand_004817,2025,Data,Mid,Other,40-49,48,AA,2,1999,unknown,26.968071,23.78709,9,4.206735,14,1,Engineering Manager,1000+,7.8745203,43,5,1,3,2,True,False,False,False,False,True,False,False,False,True,False,False,False,4,2,0,True,True,False,False,0,459,39,5,0.9097913,0.8646806,314597,False,False,1998,0.6102916,0.3222356,0.43078575,True,,,0.671363,0.080702014,0.023795426,0.032,-0.0,0.13649744,-0.015,0.024203364,0.8170638
cand_041693,2025,Security,Manager,Other,<30,26,PhD,1,2022,unknown,3.5921583,2.7405949,1,1.9206423,12,1,Engineer,201-1000,1.449672,4,30,4,1,2,True,False,False,False,True,True,False,False,True,False,True,True,True,6,0,1,False,True,False,False,0,603,21,2,0.5939598,0.6792181,112983,False,True,2021,0.66879195,0.05149016,0.16407493,False,,,0.50572956,0.08760698,0.046382077,0.048,-0.0,0.18198907,-0.0,0.0012031109,0.68892175
cand_012007,2025,SRE,Staff,EU,30-39,31,HS,3,2015,unknown,10.594663,8.144115,3,5.005363,0,1,Senior Engineer,51-200,0.77362907,0,22,5,1,2,False,False,True,False,False,False,False,False,True,True,True,False,False,4,1,1,False,False,True,False,0,727,39,8,0.8896665,0.66541785,171495,False,False,2014,0.6179333,0.023208873,0.523959,True,,,0.64246684,0.0977317,0.04282514,0.032,-0.0,0.17255685,-0.005,0.00681433,0.81683797
cand_041327,2025,SRE,Staff,India,50-59,59,BS,4,1989,unknown,34.579464,33.509995,6,4.534383,0,0,Staff Engineer,201-1000,10.70564,39,21,6,2,2,False,False,True,False,False,True,True,False,False,True,True,False,False,2,2,1,False,False,False,False,0,491,36,6,0.5981488,0.65874994,348235,True,True,1990,0.43962976,0.39916924,0.5290113,False,,,0.5271021,0.048967563,0.007818521,0.016,-0.0,0.072786085,-0.022,-0.015104075,0.56278414
cand_009506,2025,SRE,Manager,US-East,50-59,52,BS,2,1995,unknown,27.762257,25.697176,8,1.8779767,2,0,Senior Engineering Manager,1000+,6.2985535,34,28,1,2,0,True,True,True,True,False,True,False,False,True,True,True,True,False,4,3,1,False,False,False,True,0,603,21,5,0.47561553,0.9718071,246762,False,True,1997,0.53345644,0.2569566,0.21909729,False,,,0.54082686,0.07486186,0.035588007,0.032,-0.02,0.122449875,-0.022,0.026449332,0.66772604
cand_044798,2025,IT,Mid,US-East,60+,64,PhD,5,1983,<3.0,40.836666,39.29838,13,2.1453512,9,0,Staff Engineer,11-50,10.712105,48,18,4,0,3,True,True,True,False,False,True,False,False,True,False,True,True,False,2,3,0,False,False,True,False,0,352,7,4,0.5338621,0.76276153,370905,False,False,1984,0.41927242,0.41736317,0.25029096,False,,,0.513404,0.031663593,0.007794206,0.016,-0.0,0.0554578,-0.032,-0.032654367,0.5042075
cand_034062,2025,PM,Staff,US-Central,<30,27,Bootcamp,3,2019,unknown,3.8323007,3.4571013,1,2.7468028,0,0,Engineer,51-200,0.13748276,0,21,3,3,2,False,False,True,False,True,False,False,False,True,True,False,True,False,4,0,1,False,True,False,False,0,639,28,7,0.57588446,0.9545334,91674,False,False,2021,0.5551769,0.004124483,0.32046032,True,,,0.5844662,0.089348555,0.038704675,0.032,-0.0,0.16005324,-0.0,-0.008484448,0.73603505
cand_027474,2025,Data,Senior,EU,<30,29,HS,4,2017,3.5-3.7,6.4108458,5.4427586,2,2.1997595,0,0,Senior Engineer,1-10,1.8889207,16,40,5,1,4,False,False,True,False,False,True,False,False,True,False,False,False,False,4,0,1,False,False,False,False,0,898,57,5,0.47779498,0.9045445,145056,False,True,2019,0.535559,0.08866762,0.25663862,False,,,0.52813715,0.09357995,0.04810783,0.032,-0.0,0.17368779,-0.0,0.018141482,0.7199664
cand_031143,2025,Sales,Director,US-East,<30,27,Bootcamp,2,2020,<3.0,4.374479,4.1570945,1,4.858726,15,1,Engineer,201-1000,0.0,0,5,3,0,5,True,False,False,False,False,False,False,False,True,True,True,False,False,4,0,0,False,True,False,True,0,534,30,2,0.80442345,0.92693895,89441,True,False,2021,0.5883847,0.0,0.5068514,True,,,0.628936,0.09094414,0.037741978,0.032,-0.0,0.16068612,-0.0,0.037732106,0.82735425
cand_021235,2025,Security,Entry,US-West,<30,24,None,1,2024,3.8+,0.27249977,0.24028908,0,1.9917603,17,1,Intern,51-200,0.0,0,19,3,2,0,True,True,False,False,True,True,True,False,True,False,False,True,False,3,0,1,False,True,True,False,0,771,37,6,0.46808755,0.7201051,89141,True,True,2025,0.45945084,0.0,0.17237203,False,,,0.4938517,0.08078235,0.037741978,0.024,-0.0,0.14252433,-0.0,-0.043228887,0.59314716
cand_001390,2025,Data,Mid,UK,<30,26,Bootcamp,1,2022,unknown,1.181743,0.92597353,0,1.432307,3,1,Junior Engineer,201-1000,0.4000142,2,19,3,1,2,True,True,True,True,True,False,False,True,True,False,True,True,True,2,0,3,False,False,True,False,0,1029,18,3,0.80472463,0.9630678,78993,True,False,2024,0.47844493,0.016000425,0.10710248,True,,,0.6422672,0.08275796,0.040478677,0.016,-0.0,0.13923663,-0.0,0.013432088,0.79493594
cand_038249,2025,SWE,Mid,US-East,50-59,58,MS,5,1989,3.5-3.7,34.691147,32.942924,8,2.4193144,0,0,Engineering Manager,51-200,12.0,34,19,3,1,1,False,True,True,False,True,False,False,False,False,False,False,False,False,4,3,1,True,True,True,False,0,768,26,5,0.9272873,0.7694902,376345,False,False,1990,0.62545747,0.42800003,0.28225335,False,,,0.6584486,0.050820965,0.0039779753,0.032,-0.0,0.08679894,-0.022,-0.045191113,0.6780564
cand_037624,2025,SRE,Director,US-West,<30,25,Bootcamp,2,2023,unknown,2.405266,2.1098173,1,3.0270524,0,0,Junior Engineer,51-200,0.0,0,36,5,4,1,False,False,True,True,True,True,False,False,True,True,False,True,False,4,0,2,False,False,True,False,0,200,28,4,0.49414948,0.7316303,87639,True,False,2023,0.5388299,0.0,0.35315612,False,,,0.49327835,0.08598906,0.037741978,0.032,-0.0,0.15573104,-0.0,0.03242632,0.6814357
cand_042028,2025,PM,Entry,India,60+,66,HS,1,1981,unknown,42.885338,36.264168,11,3.0232973,6,1,Senior Engineering Manager,51-200,11.699207,82,39,3,1,0,True,True,True,True,False,True,False,False,True,True,True,True,True,3,5,1,False,False,False,False,0,583,30,3,0.9158413,0.9695468,413021,False,True,1982,0.5581683,0.51497626,0.29271802,False,,,0.6824539,0.04031025,0.004698022,0.024,-0.02,0.049008276,-0.032,0.018785188,0.7182473
cand_020834,2025,Security,Entry,Other,30-39,37,BS,3,2010,unknown,14.020438,10.738032,4,2.5589025,5,0,Principal Engineer,51-200,3.9862356,33,22,4,1,0,True,False,False,False,True,False,False,False,True,False,False,True,False,2,0,0,False,True,True,False,0,200,38,4,0.72361076,0.8397225,164631,True,False,2011,0.4605555,0.18558708,0.29853863,True,,,0.5952083,0.099754535,0.048503082,0.016,-0.01,0.15425761,-0.005,-0.00203178,0.7424341
cand_014757,2025,Data,Entry,EU,<30,26,PhD,5,2020,3.0-3.4,4.98982,4.587564,3,1.8102716,20,1,Engineer,1000+,0.0,0,29,1,2,2,True,False,False,False,True,False,False,False,True,True,True,True,True,3,0,0,False,True,False,False,0,619,14,3,0.66880596,0.9905398,128388,False,False,2020,0.49709454,0.0,0.15119836,True,,,0.60019004,0.09187048,0.037741978,0.024,-0.0,0.15361246,-0.0,-0.016987434,0.7368151
cand_026396,2025,PM,Senior,EU,<30,29,PhD,2,2017,unknown,7.062907,6.221642,2,2.0610876,0,0,Senior Engineer,11-50,1.8718766,12,5,3,4,3,True,True,False,False,True,True,False,False,True,True,False,True,False,3,0,3,False,False,True,False,0,1046,33,1,0.76270396,0.74375284,131917,False,False,2018,0.5325408,0.0801563,0.24046022,False,,,0.571697,0.09497782,0.04805049,0.024,-0.0,0.16702831,-0.0,-0.021668442,0.7170569
cand_006808,2025,SWE,Mid,India,30-39,36,None,4,2010,3.5-3.7,12.100672,10.973369,4,4.233182,16,2,Engineering Manager,201-1000,1.22719,12,23,1,1,0,True,True,True,False,False,True,False,False,True,True,True,True,False,5,0,2,False,True,False,False,0,481,22,6,0.9685182,0.9573075,188030,False,False,2013,0.68037033,0.060815703,0.37387124,True,,,0.7164428,0.09983748,0.045322735,0.04,-0.0,0.18516022,-0.005,-0.006759274,0.88984376
cand_009225,2025,Security,Senior,UK,30-39,38,MS,3,2008,unknown,16.25612,14.67154,5,2.7341702,13,1,Engineering Manager,1000+,2.8284602,15,35,6,3,3,True,True,False,False,False,False,False,False,True,True,True,False,False,4,0,2,False,False,False,False,0,697,48,8,0.7584442,0.69759244,170450,True,False,2009,0.5808555,0.114853814,0.2589865,True,,,0.60297394,0.09890464,0.04995404,0.032,-0.0,0.18085869,-0.005,-0.03485952,0.7439731
cand_048394,2025,Data,Mid,India,30-39,38,AA,1,2008,3.0-3.4,14.7124815,12.21069,5,3.6318734,5,0,Staff Engineer,11-50,3.2981052,12,30,1,1,1,True,False,False,False,True,True,False,True,True,True,False,False,True,4,1,0,False,True,False,False,0,491,12,7,0.5115811,0.78201234,183091,False,False,2010,0.53814954,0.12294316,0.42371854,False,,,0.52745587,0.09999315,0.049861338,0.032,-0.0,0.18185449,-0.005,0.0029621492,0.7072725
cand_005395,2025,SWE,Senior,US-East,30-39,35,AA,4,2011,unknown,11.5996685,11.443025,3,2.0462217,1,1,Staff Engineer,1-10,0.8569822,8,6,6,2,2,False,True,True,True,False,True,False,False,False,False,False,True,False,2,1,3,False,False,False,False,0,301,26,7,0.6806142,0.9286363,187517,False,True,2013,0.45528948,0.041709468,0.17872585,True,,,0.61594224,0.09995215,0.043315332,0.016,-0.0,0.15926749,-0.005,-0.027645342,0.7425644
cand_006943,2025,PM,Staff,EU,40-49,45,HS,1,2001,3.0-3.4,22.89887,20.928123,6,2.8180933,0,0,Engineering Manager,201-1000,6.6190686,18,17,5,1,0,False,True,False,False,True,True,True,False,False,False,True,True,False,3,0,1,False,True,False,False,0,600,33,6,0.4656214,0.7117507,237816,True,False,2002,0.47312427,0.23457205,0.32877755,False,,,0.49131766,0.08842536,0.033205688,0.024,-0.0,0.14563105,-0.015,0.004502641,0.6264514
cand_023870,2025,Data,Staff,Other,<30,27,MS,4,2019,3.5-3.7,4.9673543,4.123279,0,3.705266,0,0,Engineer,51-200,1.4238364,8,8,4,2,2,True,False,True,False,False,True,False,False,True,False,True,False,False,6,0,1,False,False,False,True,0,814,34,3,0.9087394,0.7726216,79924,False,False,2020,0.74174786,0.05871509,0.43228105,True,,,0.64058316,0.090869576,0.04626515,0.048,-0.0,0.18513474,-0.0,0.037043896,0.8627618
cand_032492,2025,Data,Director,UK,50-59,52,AA,4,1994,3.5-3.7,29.500818,22.694872,10,4.6917214,20,1,Director,1000+,3.8208826,7,17,3,1,2,True,False,False,False,False,False,False,False,False,False,False,False,False,2,0,2,False,True,True,False,0,526,28,4,0.8709511,0.88298124,298428,False,False,1995,0.47752357,0.12862648,0.4873675,True,,,0.6554291,0.0838188,0.048958123,0.016,-0.03,0.11877692,-0.022,0.00033421308,0.75254023
cand_036345,2025,Sales,Senior,Canada,<30,26,PhD,3,2022,unknown,3.1865497,2.984495,0,2.378187,13,1,Senior Engineer,1-10,1.8975033,8,24,7,1,1,True,False,True,False,True,False,False,False,True,True,True,True,False,4,0,0,False,False,False,False,0,752,50,4,0.53756124,0.8688343,143151,False,False,2022,0.5366789,0.0729251,0.21745512,False,,,0.5359133,0.08821166,0.048136402,0.032,-0.0,0.16834807,-0.0,-0.02056562,0.68369573
cand_010755,2025,IT,Director,EU,30-39,36,Bootcamp,1,2010,3.0-3.4,12.373442,9.602514,4,1.4457272,18,1,Principal Engineer,51-200,0.5304237,0,5,7,0,3,True,True,False,False,True,False,False,False,True,False,True,True,False,5,1,0,False,False,False,False,0,776,40,9,0.71237576,0.71768093,163678,False,False,2013,0.62747514,0.015912712,0.10866816,False,,,0.5968677,0.09911689,0.041323666,0.04,-0.01,0.17044054,-0.005,-0.051067695,0.71124053
cand_012301,2025,IT,Mid,UK,60+,64,Bootcamp,5,1983,unknown,39.200024,32.67007,10,3.748968,11,0,Engineering Manager,51-200,12.0,19,21,4,0,2,True,False,False,True,False,True,True,False,False,False,False,True,False,1,4,3,False,False,False,False,0,327,50,6,0.79324603,0.79742104,354474,False,False,1986,0.40948254,0.398,0.43737957,False,,,0.6231203,0.051719297,0.0039779753,0.008,-0.0,0.06369727,-0.032,-0.027679754,0.62713784
cand_048386,2025,SRE,Staff,US-Central,30-39,30,Bootcamp,2,2016,3.5-3.7,7.925865,7.012002,2,2.851535,0,1,Senior Engineer,1-10,0.80503273,0,15,4,1,5,True,False,False,False,False,True,True,True,True,True,True,True,False,6,0,1,True,True,False,False,0,281,45,9,0.81259257,0.78407985,128069,False,False,2017,0.7225185,0.024150982,0.2726791,True,,,0.6452234,0.09623325,0.043011364,0.048,-0.0,0.18724462,-0.005,0.043766633,0.87123466
cand_042745,2025,IT,Senior,US-West,50-59,57,MS,3,1991,unknown,32.92249,32.376675,10,2.241476,1,0,Engineering Manager,11-50,7.952658,39,18,2,1,1,True,False,True,False,False,False,False,False,True,True,True,True,False,3,3,3,False,False,False,False,0,472,25,6,0.6109532,0.7306105,360944,False,False,1992,0.5013573,0.31657976,0.26150554,False,,,0.5459558,0.052689474,0.023231225,0.024,-0.0,0.099920705,-0.022,-0.029751927,0.59412456
cand_029089,2025,SWE,Mid,US-West,<30,29,MS,5,2019,3.0-3.4,5.486198,4.990678,2,2.179799,2,1,Senior Engineer,11-50,0.0,0,17,4,1,7,False,True,False,False,True,False,True,False,True,False,False,True,True,5,0,0,False,False,True,False,0,656,12,3,0.90711516,0.6802401,90792,False,False,2020,0.6797564,0.0,0.19430989,True,,,0.62153834,0.09269841,0.037741978,0.04,-0.0,0.17044038,-0.0,-0.044625223,0.7473535
cand_044712,2025,IT,Senior,US-East,40-49,49,AA,3,1999,3.5-3.7,23.15666,21.921448,6,1.2543056,0,0,Principal Engineer,11-50,6.971666,56,46,5,1,2,False,False,True,True,False,True,True,False,True,False,True,True,True,5,2,2,False,False,False,False,0,301,26,4,0.83655816,0.67446405,223957,False,False,2002,0.66731167,0.32114998,0.14633566,True,,,0.60168815,0.08590689,0.03054135,0.04,-0.01,0.14644824,-0.015,0.074337766,0.8074742
cand_014343,2025,PM,Senior,Canada,40-49,40,Bootcamp,2,2007,unknown,16.584644,12.923242,6,1.2660886,4,0,Staff Engineer,51-200,4.5031548,9,40,1,1,3,True,True,True,True,False,False,False,False,True,False,False,True,False,4,1,1,False,True,True,False,0,827,28,6,0.49873167,0.6269756,204887,False,False,2008,0.536413,0.15309465,0.14771034,False,,,0.48595122,0.09986855,0.046591327,0.032,-0.0,0.17845988,-0.015,0.00427438,0.65368545
cand_038172,2025,Data,Staff,Other,30-39,32,AA,4,2014,unknown,9.783717,7.344378,1,2.9998307,11,2,Senior Engineer,11-50,0.0,0,44,1,0,2,True,True,True,False,True,True,True,False,True,False,False,True,False,5,0,5,True,False,False,True,0,538,37,4,0.49581745,0.96164376,158445,True,False,2015,0.5899968,0.0,0.22998023,False,,,0.5398649,0.096710436,0.037741978,0.04,-0.0,0.17445242,-0.005,-0.018705053,0.69061226
cand_005071,2025,Security,Mid,Canada,50-59,57,AA,1,1991,unknown,30.644102,25.722286,8,4.590552,1,0,Senior Engineering Manager,1000+,11.20216,41,27,1,2,3,True,True,False,False,True,True,False,False,False,False,True,True,False,0,2,0,False,False,False,False,0,908,21,2,0.6612216,0.97559404,313652,True,False,1994,0.331411,0.41806483,0.53556436,False,,,0.5885464,0.07478236,0.0061084065,0.0,-0.02,0.06089076,-0.022,-0.03334245,0.59409463
cand_024121,2025,SWE,Director,Other,60+,65,None,2,1983,unknown,40.46773,36.647625,8,2.8513873,3,0,Engineering Manager,201-1000,12.0,45,29,5,0,0,True,True,True,False,True,True,False,True,False,False,False,True,False,3,3,0,False,True,False,False,1,646,18,3,0.78992987,0.7172345,393520,False,False,1985,0.535486,0.45000002,0.33266184,False,,,0.58792233,0.039160233,0.0039779753,0.024,-0.0,0.06713821,-0.032,-0.053453423,0.5696071
cand_048809,2025,Data,Director,US-West,30-39,38,None,5,2008,3.8+,15.411925,14.940362,6,2.7027123,0,0,Engineering Manager,51-200,4.347485,22,33,1,2,1,False,True,False,True,False,False,False,False,True,False,True,True,False,4,0,1,False,True,False,False,0,489,37,3,0.82377285,0.92199093,223704,True,True,2010,0.60475457,0.17442456,0.31531644,True,,,0.6407187,0.09867465,0.04724193,0.032,-0.0,0.17791659,-0.005,-0.030254962,0.7833803
cand_017820,2025,IT,Manager,EU,30-39,35,AA,3,2012,unknown,11.602943,10.693936,2,4.0178714,0,0,Senior Engineer,201-1000,4.4817576,19,18,3,0,1,False,False,True,True,True,False,False,False,True,False,True,True,False,4,0,2,False,False,False,False,0,668,31,2,0.6608654,0.87416047,183520,True,False,2013,0.5721731,0.17245273,0.46875167,True,,,0.568135,0.09973711,0.04668441,0.032,-0.0,0.17842153,-0.005,0.010004502,0.75156105
cand_001122,2025,SRE,Manager,EU,30-39,34,BS,3,2013,unknown,12.822889,11.253473,2,2.1185503,2,1,Engineering Manager,11-50,2.9593942,23,13,7,0,1,True,False,True,False,False,True,False,False,True,False,True,True,False,4,0,0,False,False,False,False,0,632,60,3,0.8810123,0.9105304,172258,False,False,2012,0.6145358,0.13478182,0.1871642,True,,,0.6584604,0.09991403,0.049997423,0.032,-0.0,0.18191145,-0.005,0.022020537,0.8573924
cand_011264,2025,Sales,Manager,US-East,50-59,58,Bootcamp,1,1990,unknown,35.52131,32.018436,10,3.301335,9,0,Director,201-1000,11.7692795,32,8,5,1,4,False,True,False,True,False,True,False,False,False,False,False,True,False,1,2,0,False,False,False,True,0,694,25,5,0.79970694,0.8414896,366317,True,False,1989,0.41244137,0.4170784,0.38515577,False,,,0.62819535,0.053879377,0.0045217085,0.008,-0.03,0.036401086,-0.022,-0.013893314,0.6287031
cand_030579,2025,Data,Senior,India,<30,22,HS,5,2025,unknown,0.0,0.0,0,2.0595276,5,0,Intern,1000+,0.0,0,36,1,0,1,True,False,True,True,True,True,True,False,True,True,True,True,True,6,0,2,False,True,False,False,0,878,38,6,0.62395006,0.7653255,104579,True,True,2025,0.68062335,0.0,0.24027821,True,,,0.5574477,0.08007374,0.037741978,0.048,-0.0,0.16581571,-0.0,0.025871651,0.749135
cand_045464,2025,SRE,Manager,Canada,<30,29,PhD,3,2017,unknown,7.717548,6.464188,2,2.8630273,2,0,Senior Engineer,1000+,1.3579333,9,24,6,2,5,False,False,True,False,True,True,False,True,True,False,True,True,False,5,0,1,False,False,True,False,0,957,50,4,0.6356812,0.84082425,135907,True,True,2017,0.62546957,0.058738,0.33401984,True,,,0.5646533,0.095380895,0.045959517,0.04,-0.0,0.1813404,-0.0,0.015692143,0.7616858
cand_048216,2025,Sales,Entry,EU,30-39,32,None,3,2015,3.8+,8.017436,7.7947493,2,3.8623755,7,0,Senior Engineer,201-1000,0.0054254793,0,25,2,1,2,True,False,True,False,False,False,False,False,False,False,True,True,False,5,0,1,False,True,False,False,0,879,21,5,0.63326734,0.8216751,109427,False,True,2017,0.62082016,0.00016276438,0.4506105,True,,,0.5659786,0.09730787,0.03778036,0.04,-0.0,0.17508823,-0.005,-0.008544066,0.72752273
cand_043044,2025,IT,Director,India,50-59,56,Bootcamp,5,1990,unknown,34.405582,28.36924,12,2.7281744,0,0,Principal Engineer,201-1000,8.37951,36,24,1,0,1,False,False,True,False,True,True,False,False,True,True,False,True,False,3,1,0,False,False,False,False,0,445,20,5,0.56627375,0.82343,335157,True,True,1991,0.49325475,0.3233853,0.31828701,False,,,0.54288185,0.06613275,0.020240294,0.024,-0.01,0.10037304,-0.022,-0.014495588,0.60675925
cand_015656,2025,Data,Mid,US-Central,<30,22,Bootcamp,5,2024,3.8+,0.0,0.0,0,0.968361,9,0,Intern,1-10,0.0,0,7,4,1,3,True,False,True,False,False,True,False,False,True,False,False,True,True,4,0,2,False,True,False,True,0,665,16,2,0.6141852,0.9315651,90929,False,False,2025,0.5553371,0.0,0.112975456,False,,,0.56327784,0.08007374,0.037741978,0.032,-0.0,0.14981572,-0.0,-0.041402854,0.6716907
cand_001900,2025,PM,Mid,Other,30-39,31,HS,4,2017,unknown,6.006588,5.782911,0,1.2680463,11,1,Senior Engineer,1-10,0.0,0,5,2,1,0,True,False,False,False,True,True,True,False,True,False,True,False,False,5,1,2,False,True,False,False,0,533,13,7,0.47269702,0.8811849,132338,False,False,2019,0.58537275,0.0,0.087938726,False,,,0.5336809,0.094209574,0.037741978,0.04,-0.0,0.17195156,-0.005,-0.0004318391,0.7002006
cand_000147,2025,SRE,Staff,US-Central,30-39,38,PhD,4,2008,unknown,14.4426775,14.33152,2,5.4642777,10,0,Engineering Manager,201-1000,1.9969364,11,5,3,2,4,True,True,False,False,False,True,True,True,True,False,True,True,False,3,0,0,False,True,False,False,0,474,31,2,0.7937297,0.8237303,198624,False,False,2011,0.5304126,0.08190809,0.63749903,True,,,0.60455143,0.09916463,0.04845237,0.024,-0.0,0.171617,-0.005,-0.039096013,0.7320725
cand_029642,2025,PM,Entry,US-Central,60+,61,None,5,1986,unknown,36.594196,28.103727,8,3.0055437,23,1,Engineering Manager,51-200,12.0,47,38,4,1,3,False,False,True,False,True,False,False,False,True,False,True,True,True,3,3,1,False,True,True,True,1,599,30,4,0.49458668,0.8168967,372301,False,False,1988,0.45975068,0.45400003,0.29064673,False,,,0.5104847,0.06701855,0.0039779753,0.024,-0.0,0.09499653,-0.032,-0.0120520545,0.56142914
cand_003211,2025,SRE,Manager,Other,30-39,33,AA,5,2014,unknown,9.840545,9.4851675,3,4.372561,6,1,Senior Engineer,51-200,1.2976168,6,19,5,2,1,True,False,True,False,True,False,True,False,True,False,True,True,False,6,2,1,False,False,False,False,0,674,5,5,0.658064,0.80705863,130361,True,True,2015,0.68661284,0.050928503,0.45013213,True,,,0.57173413,0.09902876,0.045670707,0.048,-0.0,0.19269946,-0.005,0.061756015,0.82118964
cand_043850,2025,IT,Staff,UK,40-49,48,PhD,4,1999,unknown,26.814901,21.285227,8,2.161505,9,0,Senior Engineering Manager,11-50,9.623502,39,5,7,1,2,True,True,True,True,False,False,False,False,False,False,False,True,False,2,1,3,False,True,True,False,0,1146,47,1,0.60533166,0.6498712,290706,True,True,1998,0.43356633,0.3667051,0.25217557,False,,,0.49784034,0.08754226,0.012693134,0.016,-0.02,0.096235394,-0.015,0.04662083,0.6256966
cand_002354,2025,Data,Senior,India,<30,27,Bootcamp,2,2021,<3.0,2.8782492,2.1938114,1,2.2280717,6,0,Engineer,1000+,0.03963889,0,45,4,1,1,True,False,True,False,True,True,False,True,False,True,False,True,False,6,0,1,False,True,False,False,0,686,36,4,0.7374007,0.8927742,89621,False,False,2022,0.70248014,0.0011891668,0.2599417,True,,,0.61064506,0.086208865,0.038021665,0.048,-0.0,0.17223054,-0.0,-0.012851037,0.77002454
cand_031520,2025,SRE,Senior,UK,30-39,34,AA,4,2014,unknown,10.952933,9.504672,1,2.3313138,8,0,Senior Engineer,11-50,3.3451421,26,21,4,1,1,True,False,False,True,False,True,False,False,True,False,True,True,False,3,0,2,False,True,False,False,0,470,28,6,0.88828987,0.7805827,171602,False,False,2014,0.5509913,0.15235426,0.2719866,True,,,0.653018,0.09904369,0.04981422,0.024,-0.0,0.17285791,-0.005,-0.083999,0.7368769
cand_042583,2025,PM,Entry,Canada,50-59,54,MS,5,1992,unknown,31.036194,24.423353,7,2.5985467,0,0,Engineering Manager,11-50,6.731365,38,6,1,0,1,True,False,True,False,True,True,True,False,True,False,False,True,False,2,3,1,False,True,False,False,0,343,28,3,0.9276971,0.69021064,300090,False,False,1994,0.5055394,0.27794096,0.3031638,False,,,0.6307361,0.07880619,0.032360114,0.016,-0.0,0.1271663,-0.022,-0.02271021,0.71319216
cand_043337,2025,SRE,Manager,US-West,<30,22,AA,2,2025,3.8+,0.0,0.0,0,2.3650026,5,0,Intern,11-50,1.0534955,1,37,1,0,2,False,True,False,False,True,True,False,True,False,False,True,True,False,6,0,2,False,True,False,True,0,753,38,5,0.49835196,0.7721211,67445,False,False,2025,0.65550375,0.033604868,0.27591696,False,,,0.5088474,0.08007374,0.044416923,0.048,-0.0,0.17249066,-0.0,0.026107805,0.70744586
cand_045284,2025,SRE,Mid,US-West,<30,26,Bootcamp,5,2021,3.8+,4.541894,3.6055226,1,2.2446356,15,2,Engineer,51-200,0.91736686,2,18,6,2,3,True,False,True,False,True,True,True,False,True,False,False,True,True,3,0,2,False,False,True,True,0,777,12,3,0.8609863,0.83392614,96796,False,False,2020,0.5396973,0.031521007,0.14187413,True,,,0.63613045,0.08969585,0.043662105,0.024,-0.0,0.15735796,-0.0,-0.0015704681,0.7919179
cand_046956,2025,PM,Mid,US-West,50-59,55,AA,1,1992,unknown,32.92858,29.229496,10,4.0962305,0,1,Principal Engineer,1-10,9.020832,29,14,5,1,2,True,False,True,False,False,False,True,True,True,False,True,True,False,5,0,1,False,False,False,False,0,478,35,4,0.6202051,0.91358525,325733,True,False,1992,0.624041,0.32862496,0.41789356,False,,,0.5737889,0.06324777,0.01610609,0.04,-0.01,0.10935386,-0.022,0.012213064,0.67335576
cand_048790,2025,Data,Manager,US-West,<30,23,MS,5,2023,unknown,0.0,0.0,0,1.4627489,0,0,Intern,201-1000,0.35680994,0,18,4,2,0,False,False,True,True,True,False,False,False,True,True,False,False,True,6,0,3,False,True,False,True,0,430,25,6,0.7845349,0.91902775,62252,False,True,2025,0.71690696,0.0107042985,0.17065403,True,,,0.6443928,0.08007374,0.040193137,0.048,-0.0,0.16826686,-0.0,-0.04525316,0.76740646
cand_036585,2025,Sales,Mid,Other,30-39,37,AA,2,2011,unknown,9.751968,9.62506,1,3.1678715,12,0,Staff Engineer,11-50,3.382753,17,38,4,0,2,True,True,True,True,True,True,True,False,True,False,True,True,False,6,0,2,False,True,True,True,0,531,26,9,0.6288545,0.9879851,135803,False,False,2015,0.67577094,0.1354826,0.369585,True,,,0.6216961,0.09913336,0.049771618,0.048,-0.0,0.19690499,-0.005,0.032098074,0.8456992
cand_010465,2025,Data,Entry,US-West,50-59,58,AA,3,1989,3.8+,35.016354,30.436926,13,3.5310938,5,0,Senior Engineering Manager,1-10,7.1825247,24,40,4,3,3,True,True,True,False,False,True,False,True,True,False,False,True,False,3,3,0,False,False,False,True,0,669,17,7,0.74843824,0.73376596,344439,False,True,1990,0.525521,0.26347575,0.41196093,False,,,0.6007066,0.059181083,0.028943647,0.024,-0.02,0.09212473,-0.022,-0.024732318,0.646099
cand_007821,2025,PM,Entry,Other,30-39,32,AA,3,2014,unknown,7.6730776,6.890393,3,4.127575,16,1,Senior Engineer,1000+,0.30948532,3,31,2,0,2,True,False,False,True,True,True,False,False,False,False,False,True,False,7,0,0,True,True,True,False,0,551,30,3,0.91597205,0.7898082,128897,False,False,2017,0.7898611,0.01528456,0.4215504,True,,,0.64655185,0.09605106,0.039877344,0.055999998,-0.0,0.1919284,-0.005,-0.04503387,0.78844637
cand_007205,2025,PM,Staff,EU,60+,61,MS,5,1986,<3.0,36.54866,35.246353,11,1.9062698,20,1,Engineering Manager,1-10,10.320997,38,23,1,0,1,True,False,False,True,True,True,False,False,False,False,True,False,False,3,4,1,False,True,False,False,0,712,42,2,0.48122784,0.8575516,371339,False,False,1988,0.45957893,0.38562992,0.16239813,False,,,0.5019401,0.043433476,0.009366287,0.024,-0.0,0.076799765,-0.032,-0.03811379,0.50862604
cand_006413,2025,SWE,Director,India,<30,23,None,5,2025,unknown,0.0,0.0,0,3.668099,9,0,Intern,1000+,0.09321623,0,9,5,2,0,True,True,True,True,True,True,False,True,True,False,True,True,False,6,0,0,False,False,False,True,0,622,22,4,0.5702306,0.8578895,85862,False,True,2025,0.6665461,0.0027964872,0.42794487,True,,,0.5451586,0.08007374,0.03839701,0.048,-0.0,0.16647074,-0.0,0.03345162,0.745081
cand_034046,2025,Data,Staff,Canada,30-39,35,PhD,5,2013,<3.0,11.591717,9.363048,3,1.120788,15,1,Senior Engineer,51-200,0.5292142,1,15,4,1,2,True,True,True,True,False,True,True,True,True,True,False,True,True,5,0,1,False,True,False,False,0,396,37,2,0.60660195,0.8409357,129010,False,False,2013,0.6088204,0.017876428,0.070758596,False,,,0.5424978,0.09893267,0.041315947,0.04,-0.0,0.18024862,-0.005,0.0055094315,0.7232559
cand_012728,2025,Sales,Manager,UK,60+,65,AA,4,1983,3.0-3.4,42.908043,36.51447,12,2.5094724,1,1,Director,1000+,12.0,49,28,1,0,2,True,True,False,False,True,True,True,False,True,False,True,True,True,4,4,2,False,True,True,False,0,339,35,2,0.459557,0.73930526,418978,False,False,1982,0.53107804,0.458,0.23277178,False,,,0.470706,0.039557844,0.0039779753,0.032,-0.03,0.045535818,-0.032,0.01991408,0.5041559
cand_006925,2025,SWE,Entry,US-West,30-39,37,AA,4,2011,<3.0,12.926526,9.871827,3,2.2392242,0,0,Principal Engineer,11-50,3.5915973,16,18,3,1,2,False,False,True,True,False,True,True,True,True,True,True,False,False,6,0,0,False,True,True,True,0,429,17,2,0.5626005,0.62635565,170107,False,False,2012,0.6725201,0.13974793,0.2612428,False,,,0.48418128,0.09930351,0.049456123,0.048,-0.01,0.18675964,-0.005,0.031885196,0.69782615
cand_027995,2025,PM,Manager,US-West,60+,62,None,4,1985,unknown,39.706,39.31525,12,1.4035996,6,1,Engineering Manager,1000+,11.849648,74,16,6,1,1,True,False,True,True,False,True,True,False,True,False,False,False,False,4,2,1,False,False,False,True,0,460,22,4,0.5459536,0.9977833,386123,False,True,1985,0.5441907,0.5034895,0.10375328,False,,,0.5646404,0.031618614,0.004325983,0.032,-0.0,0.0679446,-0.032,0.009168637,0.6097536
cand_037612,2025,Sales,Senior,US-West,<30,22,None,3,2024,unknown,0.0,0.0,0,3.811085,15,1,Intern,51-200,0.0,6,19,2,1,2,True,True,False,False,True,True,False,True,True,False,False,True,True,7,0,2,False,False,False,False,0,652,42,1,0.5829947,0.6182478,59033,False,False,2025,0.724099,0.012,0.38462657,False,,,0.4836977,0.08007374,0.037741978,0.055999998,-0.0,0.17381571,-0.0,0.015057562,0.672571
cand_039483,2025,IT,Staff,US-West,<30,22,AA,5,2025,unknown,0.26300186,0.2439755,0,2.0495636,11,0,Intern,51-200,0.4693924,3,28,4,2,2,True,False,False,True,True,True,False,True,True,False,True,True,True,6,0,2,False,True,False,True,0,519,17,3,0.93556035,0.88238674,54961,False,False,2025,0.73794544,0.020081773,0.23911576,True,,,0.6719235,0.08079316,0.040931456,0.048,-0.0,0.16972461,-0.0,0.0025200392,0.8441681
cand_003016,2025,PM,Senior,India,<30,27,PhD,2,2019,unknown,6.1871486,5.4362044,2,0.7451814,6,0,Senior Engineer,11-50,0.7027395,9,5,1,2,3,True,False,False,False,False,True,False,False,True,False,True,False,False,3,0,4,False,False,True,True,0,489,40,5,0.7577979,0.63151985,113751,False,False,2019,0.5265596,0.039082184,0.08693782,False,,,0.5715332,0.09356754,0.04239812,0.024,-0.0,0.15996566,-0.0,-0.017223975,0.7142749
cand_001640,2025,IT,Senior,India,30-39,32,MS,1,2014,3.5-3.7,9.494858,7.9545712,3,2.3496416,18,1,Senior Engineer,1000+,0.43510213,0,10,3,1,0,True,True,True,False,False,False,False,False,False,True,True,False,False,6,0,1,False,False,True,True,0,757,26,5,0.50718683,0.769147,152844,True,True,2016,0.6464374,0.013053064,0.21412483,False,,,0.5113448,0.09750609,0.040708568,0.048,-0.0,0.18621466,-0.005,-0.00064936857,0.6919101
cand_008883,2025,Data,Mid,US-Central,30-39,31,BS,2,2017,unknown,6.630306,6.0585785,2,1.9933774,9,0,Senior Engineer,1000+,0.25358006,3,27,1,3,2,False,False,False,True,True,False,False,False,True,False,True,True,False,6,0,1,False,True,False,True,0,698,34,7,0.48869157,0.8861898,84532,True,False,2018,0.65023834,0.013607402,0.23256071,True,,,0.54028,0.09469812,0.039500363,0.048,-0.0,0.1821985,-0.005,0.045984387,0.7634629
cand_037601,2025,SRE,Mid,India,40-49,49,AA,2,1997,3.5-3.7,26.898481,23.623705,6,4.2534003,0,1,Engineering Manager,201-1000,7.627424,27,23,5,1,0,True,False,True,False,True,False,True,True,True,True,True,True,False,5,1,0,False,True,True,True,0,548,39,3,0.69550115,0.8127309,302996,False,True,1998,0.63910025,0.28282273,0.43623,False,,,0.5739716,0.08117979,0.025606984,0.04,-0.0,0.14678678,-0.015,0.0175275,0.723286
cand_012969,2025,Sales,Director,Canada,40-49,44,HS,3,2002,unknown,22.517742,16.92025,8,5.081574,0,2,Senior Engineering Manager,201-1000,4.653796,17,9,6,3,3,False,True,False,True,True,True,False,False,True,False,False,True,True,3,1,2,False,False,False,True,0,751,43,2,0.56019926,0.7602371,269224,True,False,2002,0.49203986,0.1736139,0.47285032,False,,,0.5101172,0.09633299,0.045904033,0.024,-0.02,0.14623703,-0.015,-0.0068209535,0.6345332
cand_023463,2025,Data,Manager,US-West,<30,22,None,3,2025,3.0-3.4,0.0,0.0,0,0.56266576,3,0,Intern,11-50,0.0,2,14,2,1,1,True,False,False,False,True,True,False,False,False,True,True,True,True,4,0,0,False,True,True,False,0,838,35,6,0.7200342,0.865138,55495,False,False,2025,0.58150685,0.004,0.06564434,True,,,0.6110396,0.08007374,0.037741978,0.032,-0.0,0.14981572,-0.0,-0.003731605,0.7571237
cand_015757,2025,Sales,Manager,US-East,<30,26,PhD,4,2020,unknown,3.1158566,3.1119165,0,3.0521948,7,0,Senior Engineer,51-200,0.0,2,25,7,2,3,True,False,False,False,False,False,False,False,True,True,True,False,False,5,0,2,False,True,False,False,0,763,25,3,0.8426952,0.6803333,123361,False,False,2022,0.6627057,0.004,0.35608938,True,,,0.59901,0.088522755,0.037741978,0.04,-0.0,0.16626474,-0.0,-0.0011044819,0.7641703
cand_044076,2025,PM,Staff,Other,50-59,55,MS,1,1992,3.0-3.4,32.52838,25.011322,9,3.285382,9,0,Senior Engineering Manager,1000+,8.047533,57,16,4,2,2,False,True,True,False,False,True,False,False,True,False,True,True,False,4,2,1,False,True,False,True,0,532,16,2,0.69558495,0.9349914,330822,False,True,1992,0.571617,0.355426,0.38329455,False,,,0.592453,0.0770083,0.022552555,0.032,-0.02,0.111560866,-0.022,-0.03122092,0.65079296
cand_004086,2025,SRE,Director,US-East,40-49,46,BS,5,2001,unknown,22.335657,16.881071,8,4.443082,1,0,Principal Engineer,1000+,6.1853237,35,37,4,2,4,True,True,False,False,False,False,False,False,True,False,False,True,False,1,0,0,False,False,False,True,0,694,31,3,0.8157045,0.9485525,280398,False,False,2003,0.42230755,0.2555597,0.51835954,True,,,0.6432071,0.09639009,0.036413934,0.008,-0.01,0.13080402,-0.015,-0.0053172363,0.7536939
cand_000508,2025,SRE,Mid,Canada,50-59,52,None,2,1995,unknown,28.888035,26.866903,8,1.4528642,0,0,Staff Engineer,1000+,7.0761,24,24,7,1,1,True,False,True,True,False,True,True,False,False,False,False,True,True,5,4,0,False,False,False,False,0,666,5,7,0.50260156,0.992212,295214,False,True,1996,0.6005203,0.26028302,0.16950083,False,,,0.56635296,0.07109966,0.029749641,0.04,-0.0,0.14084929,-0.022,0.01412117,0.6993234
cand_006354,2025,IT,Senior,US-Central,30-39,34,BS,2,2012,unknown,12.45067,10.674561,5,1.9372324,5,0,Principal Engineer,11-50,3.2150533,20,21,6,0,4,True,False,True,False,False,True,False,True,True,False,True,False,False,2,0,1,False,False,False,True,0,481,16,7,0.7828525,0.8743208,203821,False,False,2013,0.47240382,0.1364516,0.22601044,True,,,0.64086246,0.09972926,0.049927793,0.016,-0.01,0.15565705,-0.005,-0.042294703,0.74922484
cand_029644,2025,PM,Senior,Canada,<30,22,BS,4,2025,<3.0,0.0,0.0,0,2.8680084,0,0,Intern,201-1000,0.0,0,20,4,2,1,True,False,False,False,True,True,False,False,True,False,False,True,False,5,0,0,False,True,False,False,0,430,42,7,0.6004745,0.7454446,83815,True,False,2025,0.6200949,0.0,0.33460096,False,,,0.551255,0.08007374,0.037741978,0.04,-0.0,0.15781572,-0.0,-0.024087707,0.68498296
cand_020815,2025,Security,Director,Other,60+,65,BS,1,1981,<3.0,44.41067,36.430874,11,3.9673424,3,0,Director,11-50,12.0,86,10,1,1,2,True,False,True,True,True,True,False,False,True,False,False,True,True,2,5,1,False,False,False,False,1,976,20,2,0.5003926,0.67744637,412723,True,False,1981,0.41757852,0.532,0.4628566,False,,,0.4726267,0.039808415,0.0039779753,0.016,-0.03,0.029786395,-0.032,-0.0065257894,0.4638873
cand_006234,2025,IT,Manager,EU,30-39,36,None,4,2011,unknown,12.668076,11.433302,4,2.4445522,13,1,Engineering Manager,11-50,2.8011043,10,14,4,2,0,True,False,False,False,False,False,False,True,False,True,False,False,False,1,0,2,False,True,False,False,0,200,38,13,0.70120645,0.8140094,184209,False,False,2012,0.38940796,0.104033135,0.22519776,True,,,0.63622415,0.099950455,0.049938228,0.008,-0.0,0.15788868,-0.005,0.0055690277,0.79468185
cand_031989,2025,PM,Mid,EU,<30,29,Bootcamp,1,2017,unknown,6.228311,5.504296,2,2.5086057,4,1,Engineer,51-200,0.0,3,11,1,2,4,True,False,False,False,True,True,False,False,True,False,True,True,False,3,0,1,False,True,True,False,0,623,43,1,0.80318826,0.8587491,138294,True,False,2019,0.53730434,0.006,0.23267066,True,,,0.60886574,0.09369602,0.037741978,0.024,-0.0,0.155438,-0.0,-0.0071832845,0.75712043
cand_012995,2025,PM,Manager,US-West,40-49,40,None,3,2008,<3.0,16.337702,12.674322,5,3.8212142,0,1,Engineering Manager,1000+,6.921499,22,23,3,0,2,True,False,True,True,False,False,False,False,True,True,False,True,False,3,0,1,True,True,False,False,0,756,20,2,0.89147276,0.71770525,207530,False,False,2009,0.55829453,0.25164497,0.3858083,True,,,0.6175565,0.09992986,0.030921623,0.024,-0.0,0.15485148,-0.015,0.027619943,0.785028
cand_042501,2025,SRE,Staff,US-East,30-39,35,MS,3,2011,unknown,13.847643,11.009058,2,1.0215266,8,0,Staff Engineer,1000+,3.1153622,21,39,6,2,2,False,True,True,False,True,False,False,False,False,True,True,True,False,3,0,2,False,False,False,False,0,581,21,5,0.5669916,0.9645132,167537,True,False,2011,0.48673165,0.13546087,0.119178094,False,,,0.57134974,0.09984859,0.04997921,0.024,-0.0,0.17382781,-0.005,-0.016745795,0.72343177
cand_038920,2025,SWE,Director,India,30-39,36,MS,1,2011,3.0-3.4,11.965213,11.037295,4,2.3946695,3,1,Senior Engineer,51-200,1.1174613,5,34,1,0,0,True,False,False,False,False,False,True,False,True,False,False,True,False,5,0,3,False,False,False,True,0,355,23,5,0.6362214,0.92396396,161162,False,False,2013,0.6247443,0.043523844,0.21937811,True,,,0.5874703,0.09985707,0.044758193,0.04,-0.0,0.18461525,-0.005,0.043377608,0.8104632
cand_000262,2025,Data,Mid,Canada,40-49,45,AA,5,2001,unknown,24.899326,22.965782,10,2.3823812,6,0,Engineering Manager,1000+,7.178196,25,30,5,1,4,True,True,False,False,True,False,False,False,False,False,False,True,True,3,1,1,False,True,True,False,0,562,24,4,0.64075166,0.8061516,269315,False,False,2000,0.50315034,0.26534587,0.27794448,False,,,0.5594934,0.08306319,0.028976401,0.024,-0.0,0.1360396,-0.015,0.00215975,0.6826928
cand_007891,2025,Sales,Mid,UK,30-39,35,Bootcamp,1,2011,3.5-3.7,13.460846,11.751304,5,1.9526942,0,0,Staff Engineer,1000+,2.3067782,13,18,1,3,2,True,False,False,False,False,False,True,False,True,False,False,True,False,5,1,1,False,False,False,False,0,623,24,5,0.58666986,0.7249291,202880,False,False,2012,0.61733395,0.09520335,0.22781432,True,,,0.5303203,0.09999045,0.04925474,0.04,-0.0,0.1892452,-0.005,0.024445595,0.7390111
cand_010527,2025,Sales,Mid,UK,30-39,31,BS,2,2016,3.0-3.4,6.5148773,5.8224344,3,2.7886245,1,0,Senior Engineer,11-50,1.2692016,6,27,2,1,4,False,True,True,True,False,False,False,False,False,False,False,True,False,3,0,1,False,True,False,False,0,564,16,3,0.57871675,0.6766135,115126,True,True,2018,0.49491,0.050076053,0.32533953,False,,,0.50587356,0.09428081,0.04553169,0.024,-0.0,0.1638125,-0.005,0.008591729,0.6732778
cand_018600,2025,Data,Manager,US-Central,40-49,48,MS,4,2000,unknown,25.78011,22.88303,5,1.6418884,8,1,Principal Engineer,11-50,4.9414506,21,11,6,0,3,True,True,False,False,True,False,False,True,True,True,False,True,False,6,1,0,False,True,True,True,0,861,27,3,0.5071086,0.86969477,238239,False,False,1999,0.65475506,0.19024353,0.13155364,False,,,0.51942694,0.08329528,0.044444207,0.048,-0.01,0.16573949,-0.015,-0.027096886,0.64306957
cand_024114,2025,IT,Senior,Other,<30,27,PhD,2,2021,3.0-3.4,0.67254966,0.6123903,0,1.6628013,2,1,Intern,51-200,0.0,0,5,4,2,1,True,True,True,False,False,True,False,False,True,True,True,True,False,4,0,1,False,True,False,False,0,648,13,4,0.79596424,0.8620162,98210,True,False,2024,0.5975262,0.0,0.13399348,True,,,0.6249907,0.08186326,0.037741978,0.032,-0.0,0.15160525,-0.0,-0.023058232,0.7535377
cand_033498,2025,Data,Mid,EU,40-49,41,PhD,5,2007,unknown,12.299858,12.186923,4,2.78973,10,1,Staff Engineer,51-200,2.4175305,14,5,6,3,3,True,False,False,False,True,True,False,False,False,True,True,True,True,4,2,1,False,True,True,False,0,690,36,6,0.63737786,0.90784675,194976,False,False,2013,0.55914223,0.100525916,0.2654685,True,,,0.59065163,0.09999461,0.04947269,0.032,-0.0,0.1814673,-0.015,-0.019007215,0.73811173
cand_013471,2025,Sales,Staff,US-East,<30,23,PhD,2,2023,unknown,2.7145379,2.1150744,0,1.3001212,0,0,Junior Engineer,1000+,0.0,1,34,4,0,2,False,True,False,True,True,True,True,False,True,True,False,False,False,3,0,1,False,False,False,True,0,748,60,5,0.52829605,0.75031424,126005,True,False,2022,0.4856592,0.002,0.1516808,False,,,0.5149665,0.08600285,0.037741978,0.024,-0.0,0.14774483,-0.0,-0.022623219,0.6400881
cand_031725,2025,Data,Director,US-East,40-49,44,Bootcamp,4,2002,3.0-3.4,23.639715,18.307222,8,3.743119,0,0,Engineering Manager,51-200,6.6364837,47,51,2,1,2,False,False,False,False,True,True,True,True,True,False,True,True,False,4,1,0,False,False,True,False,0,1059,37,3,0.47158027,0.8769129,259411,False,False,2001,0.53431606,0.29309452,0.43669719,False,,,0.5084357,0.094045594,0.033074833,0.032,-0.0,0.15912044,-0.015,0.033820752,0.6863769
cand_023690,2025,PM,Director,India,40-49,45,BS,2,2003,unknown,22.60982,20.179241,5,3.088493,0,0,Engineering Manager,51-200,5.296779,37,5,7,2,4,False,True,True,True,True,False,False,True,False,False,False,True,False,2,3,1,False,True,True,False,0,510,28,2,0.8284708,0.780942,230613,False,False,2002,0.48569417,0.23290339,0.3603242,True,,,0.6081532,0.09019098,0.04240105,0.016,-0.0,0.14859203,-0.015,0.053453982,0.7951992
cand_010557,2025,SRE,Staff,US-East,50-59,57,BS,1,1991,unknown,33.12089,27.781433,11,1.5570782,0,0,Senior Engineering Manager,201-1000,10.1579895,27,10,1,1,1,True,False,False,False,False,False,True,False,True,False,True,True,False,2,1,0,False,True,False,False,0,718,38,4,0.72740966,0.93677974,330854,False,False,1992,0.46548194,0.35873967,0.18165913,False,,,0.6159493,0.06808985,0.01008322,0.016,-0.02,0.07417308,-0.022,0.03784241,0.70596474
cand_006556,2025,SWE,Entry,Other,40-49,45,None,4,2002,unknown,21.296278,19.655832,9,1.8042121,13,1,Senior Engineering Manager,201-1000,4.3375826,28,26,2,1,1,True,False,False,False,True,True,False,True,False,False,False,True,True,4,2,1,False,False,False,False,0,591,32,6,0.7378525,0.88963974,241316,False,False,2004,0.57673717,0.18612748,0.1504914,True,,,0.6221764,0.09135198,0.047281202,0.032,-0.02,0.15063319,-0.015,-0.021688037,0.7361216
cand_045577,2025,IT,Entry,UK,<30,27,MS,3,2020,3.5-3.7,4.9235406,3.705579,1,1.6406198,0,1,Engineer,201-1000,0.0,0,24,4,0,0,False,True,True,True,False,False,False,True,True,True,True,True,False,4,0,1,False,True,False,True,0,691,29,6,0.5504405,0.7965594,122024,False,False,2020,0.5500881,0.0,0.13140564,False,,,0.537966,0.08992728,0.037741978,0.032,-0.0,0.15966927,-0.0,-0.05403954,0.64359576
cand_041503,2025,Sales,Mid,Other,<30,22,MS,1,2025,unknown,0.0,0.0,1,3.0455859,0,0,Intern,51-200,0.0,0,29,6,0,0,True,False,True,False,False,True,True,False,False,False,False,True,False,8,0,0,True,False,True,False,0,691,29,8,0.8745598,0.86977875,89381,True,False,2025,0.854912,0.0,0.35531834,True,,,0.6780517,0.08007374,0.037741978,0.064,-0.0,0.18181571,-0.0,0.017393155,0.8772606
cand_027872,2025,PM,Manager,EU,30-39,39,None,2,2008,unknown,16.487234,14.106209,4,4.6217675,13,1,Staff Engineer,1000+,3.9671137,11,14,6,3,1,True,True,False,False,False,False,False,False,True,False,False,True,False,5,2,0,True,False,False,True,0,259,46,5,0.8985912,0.60209537,201602,True,False,2009,0.66888493,0.14101341,0.4792062,True,,,0.614926,0.09931775,0.048559733,0.04,-0.0,0.18787748,-0.005,-0.009834209,0.78796923
cand_010810,2025,Data,Staff,US-Central,50-59,58,PhD,2,1989,unknown,33.420464,29.355804,7,3.4127216,0,0,Engineering Manager,1000+,12.0,50,17,3,1,2,True,True,True,False,True,True,True,True,True,False,True,False,False,1,3,4,False,False,False,False,0,724,28,6,0.6483102,0.93458843,347073,False,False,1992,0.38966203,0.46,0.39815083,False,,,0.5998263,0.06282282,0.0039779753,0.008,-0.0,0.0748008,-0.022,0.019899359,0.6725264
cand_038214,2025,Sales,Staff,US-West,40-49,43,MS,2,2005,unknown,20.768332,19.738544,7,3.4706018,0,0,Principal Engineer,51-200,4.4303727,25,8,2,0,5,True,True,False,False,False,True,False,False,False,False,False,True,False,6,2,0,False,True,False,False,1,650,32,6,0.7049558,0.60727984,213491,True,True,2004,0.70099115,0.18291119,0.40490353,False,,,0.5541905,0.09117264,0.046903234,0.048,-0.01,0.17607586,-0.015,-0.016168412,0.699098
cand_011730,2025,Security,Staff,Other,30-39,37,None,5,2011,unknown,11.985093,10.823041,1,3.6038785,13,1,Senior Engineer,11-50,0.9960288,7,20,5,3,0,True,False,True,False,False,True,False,False,False,False,True,False,False,3,1,0,False,False,False,False,0,462,20,4,0.47948474,0.91341037,192101,False,False,2013,0.46506363,0.043880865,0.3604525,False,,,0.5245017,0.09978647,0.044102926,0.024,-0.0,0.1678894,-0.005,-0.0288981,0.658493
cand_027438,2025,SRE,Director,US-Central,30-39,38,BS,3,2008,unknown,13.953005,10.8960495,3,2.745161,4,0,Staff Engineer,51-200,3.7732217,20,21,2,1,0,False,True,False,False,True,True,False,False,False,False,False,True,False,4,1,2,False,False,False,True,0,585,44,5,0.73452103,0.65080327,164197,False,False,2011,0.5835709,0.15319666,0.32026878,True,,,0.567243,0.099812105,0.049074497,0.032,-0.0,0.18088661,-0.005,0.029114088,0.7722437
cand_021779,2025,SWE,Mid,Canada,40-49,44,Bootcamp,3,2004,3.8+,14.0,10.528445,4,2.633668,2,0,Principal Engineer,1000+,2.6735299,18,18,4,0,2,True,False,True,True,False,False,False,False,True,False,False,True,False,4,1,0,False,True,True,False,0,463,38,1,0.62305,0.60526866,213252,False,False,2011,0.56294334,0.1162059,0.30726126,False,,,0.49512124,0.09966638,0.04983374,0.032,-0.01,0.17150012,-0.015,-0.022717344,0.628904
cand_034079,2025,IT,Manager,US-West,30-39,36,Bootcamp,1,2012,3.5-3.7,11.91288,9.067607,4,2.032401,7,2,Senior Engineer,201-1000,3.6522973,27,11,6,1,1,False,False,False,True,False,True,False,True,False,False,True,False,False,4,2,0,False,True,False,True,0,890,12,6,0.5563283,0.9498787,181212,False,False,2013,0.5454323,0.16356893,0.117113456,False,,,0.57069063,0.09868177,0.049339574,0.032,-0.0,0.18002135,-0.005,-0.020504765,0.7252072
cand_022915,2025,SWE,Manager,Canada,30-39,34,AA,3,2014,unknown,9.969333,8.075889,1,2.5079021,8,0,Staff Engineer,11-50,1.9759679,5,14,3,4,2,False,False,True,False,True,True,False,False,True,False,False,True,False,3,2,2,False,False,False,False,0,621,29,3,0.79510295,0.60529006,137190,False,True,2015,0.53235394,0.06927904,0.29258856,False,,,0.56734407,0.09765168,0.048388053,0.024,-0.0,0.17003974,-0.005,-0.027879661,0.7045042
cand_008085,2025,SWE,Staff,US-East,30-39,31,PhD,5,2017,unknown,6.8041234,6.6630063,3,4.105008,0,1,Engineer,1000+,0.2575726,5,26,6,2,5,True,False,False,False,True,False,False,True,True,False,False,False,False,5,0,1,False,True,False,False,0,652,29,1,0.50518245,0.8402693,133961,False,True,2018,0.6010365,0.017727178,0.41891763,False,,,0.5008677,0.0956996,0.03952742,0.04,-0.0,0.17522702,-0.005,0.027668187,0.69876295
cand_043467,2025,SWE,Director,Other,40-49,42,None,1,2004,<3.0,20.749235,16.091051,7,1.0335577,13,1,Engineering Manager,51-200,4.9616823,14,33,5,1,4,True,True,True,False,False,False,False,False,True,True,True,True,True,1,2,1,True,False,False,False,0,632,29,2,0.7253322,0.7300029,257691,False,False,2004,0.3942331,0.17685047,0.06058173,False,,,0.5618668,0.09745025,0.04433466,0.008,-0.0,0.14978491,-0.015,0.01102757,0.70767933
cand_014709,2025,PM,Mid,US-West,50-59,58,PhD,3,1990,3.0-3.4,33.673695,29.999113,9,3.5091033,9,0,Engineering Manager,1000+,8.995811,17,27,3,2,4,False,False,False,True,False,True,True,False,True,False,False,False,False,2,4,0,True,True,False,False,0,445,21,3,0.50643444,0.76879877,369980,False,True,1991,0.4137869,0.30387437,0.40939537,False,,,0.49901184,0.06065606,0.016258132,0.016,-0.0,0.092914194,-0.022,-0.0034560608,0.56646997
cand_015466,2025,Security,Director,UK,50-59,54,Bootcamp,1,1994,3.5-3.7,29.379091,25.031532,9,2.6887894,0,2,Director,201-1000,7.322964,44,5,4,1,1,True,False,True,True,False,True,False,True,True,False,False,True,False,3,1,1,False,False,False,False,0,500,44,0,0.82182497,0.7494417,305302,True,True,1996,0.544365,0.30768895,0.19369209,False,,,0.58752704,0.07694578,0.027883148,0.024,-0.03,0.09882893,-0.022,0.013711422,0.6780673
cand_037172,2025,SRE,Staff,Other,50-59,55,None,2,1992,unknown,31.20903,27.157747,9,2.998847,2,0,Director,51-200,9.685916,56,26,3,2,2,True,False,False,False,False,False,False,False,False,False,False,True,False,6,2,0,False,True,False,False,0,794,13,7,0.79000753,0.8986643,320814,True,False,1994,0.7163348,0.40257746,0.34986547,True,,,0.6482355,0.07014794,0.012367871,0.048,-0.03,0.10051581,-0.022,0.002075735,0.728827
cand_028748,2025,SRE,Manager,US-East,30-39,32,MS,1,2016,unknown,8.26782,7.8082585,3,3.116765,4,0,Staff Engineer,201-1000,1.3989252,0,14,5,1,2,False,True,False,False,False,True,False,False,False,False,True,True,False,6,0,2,False,False,True,False,0,354,25,5,0.66177994,0.703769,144438,True,False,2017,0.68902266,0.041967757,0.3636226,True,,,0.5523768,0.0973249,0.046150856,0.048,-0.0,0.19147575,-0.005,0.029436426,0.76828897
cand_003104,2025,Security,Director,US-West,30-39,33,BS,3,2015,unknown,9.416677,8.684596,0,0.9435257,0,0,Senior Engineer,1000+,2.3352754,15,33,4,0,3,True,False,False,False,True,False,True,False,True,False,False,True,False,5,0,1,False,False,True,False,0,891,13,3,0.9013552,0.8198588,166421,True,False,2016,0.680271,0.100058265,0.11007799,True,,,0.64744616,0.098318025,0.049314342,0.04,-0.0,0.18763235,-0.005,-0.007979575,0.8220989
cand_000708,2025,PM,Senior,US-East,30-39,34,MS,2,2013,unknown,10.418659,8.81057,2,2.1339748,6,1,Staff Engineer,1-10,3.0311298,13,24,3,1,1,False,True,True,True,True,True,True,False,False,False,True,True,False,4,0,3,False,True,True,False,0,664,21,3,0.51258683,0.7754107,163787,True,False,2015,0.53751737,0.1169339,0.18896373,False,,,0.50248754,0.098442435,0.049998485,0.032,-0.0,0.18044093,-0.005,0.007882378,0.6858108
cand_038385,2025,Data,Entry,India,30-39,31,None,1,2017,<3.0,5.578681,4.5252233,2,1.3793255,0,1,Engineer,201-1000,0.0,8,18,2,3,1,True,True,True,False,False,True,True,True,False,True,True,True,True,3,0,1,False,True,False,True,0,540,19,2,0.56363,0.9166753,138195,True,False,2019,0.492726,0.016,0.1009213,False,,,0.5426056,0.09173899,0.037741978,0.024,-0.0,0.15348098,-0.005,-0.005165906,0.6859206
cand_023444,2025,PM,Entry,US-West,<30,29,AA,5,2017,3.0-3.4,8.404661,6.3778605,1,1.9742448,0,0,Senior Engineer,11-50,0.0,0,26,6,2,4,True,True,True,False,True,True,True,False,True,True,True,False,False,4,0,0,False,False,False,True,0,746,36,3,0.72880024,0.60929257,102673,False,False,2017,0.58576006,0.0,0.23032856,False,,,0.54493856,0.09523921,0.037741978,0.032,-0.0,0.16498119,-0.0,0.0014254332,0.7113452
cand_026510,2025,SWE,Mid,Canada,<30,29,MS,1,2018,3.5-3.7,6.408094,6.2818065,4,0.81558686,9,1,Senior Engineer,1-10,0.0,0,11,4,0,0,True,False,False,False,True,False,False,False,True,False,False,True,False,2,0,0,False,True,False,True,0,707,28,3,0.49853808,0.80938584,96340,False,True,2019,0.4122076,0.0,0.035151802,False,,,0.5043655,0.09507924,0.037741978,0.016,-0.0,0.14882122,-0.0,0.011411253,0.664598
cand_008466,2025,Data,Entry,UK,<30,27,BS,4,2020,unknown,2.372052,2.2578936,1,2.7858293,3,0,Engineer,201-1000,1.0539464,0,31,7,2,1,True,False,True,False,True,True,False,False,False,False,False,False,False,3,0,0,False,True,True,False,0,453,33,7,0.86473304,0.6714966,89418,False,False,2023,0.5504466,0.031618394,0.32501343,True,,,0.62895584,0.08637569,0.04441936,0.024,-0.0,0.15479505,-0.0,-0.028689088,0.7550618
cand_006230,2025,PM,Entry,Canada,50-59,59,None,3,1988,3.5-3.7,36.13258,29.664795,9,2.4158273,12,0,Senior Engineering Manager,51-200,9.989193,66,26,4,1,3,True,True,False,True,True,False,False,False,True,False,True,False,False,1,1,1,False,False,True,False,1,1063,36,4,0.82375675,0.7947113,370260,False,False,1989,0.41475135,0.4316758,0.2818465,False,,,0.62125707,0.06178245,0.010864465,0.008,-0.02,0.060646918,-0.022,-0.0166499,0.64325404
cand_046358,2025,SRE,Mid,India,30-39,36,HS,2,2011,unknown,13.801405,12.868066,4,3.709342,14,1,Staff Engineer,51-200,1.0518991,7,23,2,1,3,True,False,False,True,False,True,False,False,True,True,True,True,False,6,1,3,False,True,False,False,0,722,13,7,0.4789791,0.817076,179012,True,True,2011,0.64412916,0.04555697,0.37275657,False,,,0.52305794,0.09988379,0.044408295,0.048,-0.0,0.1922921,-0.005,0.015071229,0.72542125
cand_039357,2025,Security,Senior,US-East,30-39,30,HS,4,2017,unknown,7.4932723,7.3089175,1,3.2698927,18,1,Staff Engineer,201-1000,0.0,0,36,3,1,0,False,False,True,True,False,False,False,False,True,False,True,True,False,5,0,2,False,True,False,False,0,611,30,5,0.75454587,0.76766443,115990,False,False,2018,0.6359092,0.0,0.3214875,True,,,0.59762394,0.096660994,0.037741978,0.04,-0.0,0.17440298,-0.005,-0.021178741,0.7458482
cand_016386,2025,Security,Manager,US-Central,50-59,52,AA,2,1995,unknown,29.058727,28.37159,8,2.7869198,10,0,Principal Engineer,201-1000,9.40143,47,36,2,2,2,False,False,True,True,True,True,False,True,True,False,True,False,False,2,2,2,False,True,True,False,0,427,24,5,0.6817208,0.63413286,305174,False,False,1996,0.44801083,0.37604293,0.32514063,False,,,0.5454289,0.06612489,0.013893914,0.016,-0.01,0.086018816,-0.022,-0.014156543,0.59529114
cand_034165,2025,Data,Director,Canada,40-49,47,BS,1,2000,unknown,24.98169,19.916882,8,3.127755,0,0,Senior Engineering Manager,11-50,4.466077,10,22,1,1,2,True,True,False,False,False,True,False,True,True,False,True,True,False,3,2,1,False,True,False,False,0,595,43,1,0.49910912,0.724677,294859,True,True,2000,0.47982183,0.15398231,0.36490476,False,,,0.4756236,0.09078067,0.046751898,0.024,-0.02,0.14153257,-0.015,-0.014439521,0.58771664
cand_004168,2025,PM,Senior,Other,30-39,31,None,4,2017,3.0-3.4,4.279505,3.4859226,0,1.3003606,9,0,Senior Engineer,1000+,0.0,0,37,6,1,3,True,True,False,True,True,False,False,False,True,False,True,True,False,5,0,1,False,True,False,False,0,1043,44,4,0.8680702,0.8786714,146826,False,False,2021,0.66611403,0.0,0.15170874,True,,,0.65355885,0.08941636,0.037741978,0.04,-0.0,0.16715834,-0.005,0.018793385,0.8345106
cand_005803,2025,Sales,Senior,India,<30,27,AA,1,2021,3.8+,2.5570538,2.4324412,2,3.163234,0,0,Junior Engineer,11-50,0.054137886,2,35,3,0,4,False,True,False,True,True,True,True,False,True,False,False,True,False,5,0,1,False,True,False,False,0,686,45,6,0.9057852,0.7424882,93620,True,False,2022,0.68115705,0.005624137,0.36904395,True,,,0.6515225,0.08682613,0.03812355,0.04,-0.0,0.16494969,-0.0,-0.01255286,0.8039193
cand_012753,2025,Data,Director,Other,<30,28,None,5,2020,unknown,3.2079353,2.575255,2,1.6842939,12,0,Engineer,201-1000,0.0,0,7,1,0,3,True,False,True,False,True,True,True,True,False,False,False,True,False,6,0,2,False,False,True,False,0,619,15,2,0.5101588,0.691736,94428,False,False,2022,0.6520318,0.0,0.19650094,False,,,0.47890276,0.087190315,0.037741978,0.048,-0.0,0.1729323,-0.0,0.0109933335,0.66282845
cand_002189,2025,Security,Manager,UK,30-39,31,Bootcamp,2,2015,3.0-3.4,9.534833,8.944305,2,2.4353087,9,0,Senior Engineer,1-10,0.0,0,35,5,2,2,True,False,True,False,True,True,False,False,True,False,True,True,False,5,0,0,False,False,False,False,0,572,40,5,0.8473985,0.6577632,164831,False,False,2015,0.66197973,0.0,0.28411934,True,,,0.60814214,0.0985694,0.037741978,0.04,-0.0,0.17631137,-0.005,-0.011285915,0.7681676
cand_012187,2025,Security,Manager,UK,30-39,39,AA,1,2009,3.5-3.7,15.887808,12.130703,6,4.219351,14,1,Staff Engineer,51-200,4.6156683,30,13,6,0,2,True,False,False,False,False,True,False,False,True,False,False,True,False,6,0,2,False,True,False,True,0,364,25,3,0.900792,0.94298804,205921,False,True,2009,0.7284918,0.19847006,0.4322576,True,,,0.67187476,0.099997364,0.0460832,0.048,-0.0,0.19408056,-0.005,0.012507844,0.8734632
cand_031727,2025,Sales,Senior,Other,<30,25,None,3,2022,unknown,2.6292956,2.2768524,2,2.5924678,0,1,Junior Engineer,1000+,0.0,0,8,5,0,3,True,False,True,False,False,True,False,False,False,False,False,True,False,4,0,0,False,True,False,True,0,626,22,4,0.96707004,0.8864925,103618,False,False,2022,0.63341403,0.0,0.24245459,True,,,0.68977296,0.086424895,0.037741978,0.032,-0.0,0.15616688,-0.0,0.050884355,0.89682424
cand_019245,2025,Sales,Mid,US-East,30-39,34,AA,4,2012,unknown,12.1206045,10.340285,2,2.1537097,13,2,Staff Engineer,1000+,4.6713595,41,7,7,2,2,True,False,True,True,True,True,False,True,True,False,False,True,False,3,1,0,True,False,True,True,0,787,12,7,0.8348908,0.7158479,167784,False,True,2013,0.53614485,0.2221408,0.13126612,True,,,0.6273813,0.09957581,0.045820337,0.024,-0.0,0.16939615,-0.005,0.005778953,0.79755646
cand_037866,2025,IT,Staff,Canada,50-59,57,PhD,5,1991,3.5-3.7,34.1204,33.51832,12,3.7624965,4,0,Senior Engineering Manager,51-200,8.869178,26,19,2,0,0,False,False,True,False,True,False,False,False,False,False,True,True,False,3,2,0,False,True,False,True,1,503,27,5,0.9632693,0.88512224,366556,True,False,1991,0.56932056,0.31807533,0.43895793,True,,,0.6941687,0.048940506,0.017039713,0.024,-0.02,0.06998022,-0.022,0.0018468817,0.7439958
cand_043514,2025,IT,Director,UK,50-59,53,MS,1,1995,unknown,27.11135,26.4203,8,4.9745545,0,0,Engineering Manager,201-1000,8.097316,24,24,5,1,2,True,True,False,False,True,True,False,False,False,False,True,True,True,4,2,2,False,True,False,True,0,305,18,6,0.45675513,0.7780232,294798,True,False,1998,0.53135103,0.29091948,0.5803647,False,,,0.50146896,0.072549365,0.022199413,0.032,-0.0,0.12674879,-0.022,-0.052474435,0.5537433
cand_008718,2025,Security,Senior,US-Central,30-39,31,MS,5,2015,unknown,10.003955,9.951438,2,1.3612674,16,1,Staff Engineer,51-200,2.0036511,16,8,4,1,3,True,True,True,False,False,False,True,False,False,False,True,True,True,3,0,0,False,True,False,True,0,287,41,6,0.6340337,0.7860647,156968,False,False,2015,0.4934734,0.09210954,0.09881453,True,,,0.56512475,0.09935447,0.0484727,0.024,-0.0,0.17182717,-0.005,0.0091545,0.74110645
cand_028824,2025,SWE,Senior,US-Central,40-49,45,BS,5,2002,3.5-3.7,22.76151,18.282694,6,1.4820721,0,1,Senior Engineering Manager,11-50,5.246858,27,28,3,2,4,True,False,True,True,True,True,False,True,True,False,False,False,False,3,0,2,True,True,False,True,0,776,32,4,0.73524797,0.6712097,253656,False,True,2002,0.5270496,0.21140575,0.11290841,False,,,0.5655787,0.094090424,0.04270267,0.024,-0.02,0.1407931,-0.015,-0.0076084314,0.6837634
cand_024468,2025,Data,Entry,Canada,<30,29,Bootcamp,3,2017,3.8+,5.1271176,4.2331047,2,1.3709643,1,0,Engineer,11-50,0.0,0,29,5,0,1,True,False,False,True,False,True,False,False,True,False,False,True,False,5,0,1,False,True,False,False,0,934,26,3,0.76959175,0.9038213,90196,True,False,2020,0.653085,0.0,0.15994583,True,,,0.6181214,0.091110826,0.037741978,0.04,-0.0,0.1688528,-0.0,0.013486602,0.8004608
cand_048252,2025,Security,Manager,UK,40-49,43,Bootcamp,4,2003,3.0-3.4,21.323713,21.189625,8,3.7673056,0,1,Principal Engineer,1-10,7.2953,43,13,2,3,2,True,True,False,True,True,True,False,False,True,False,True,True,True,2,1,4,False,True,False,True,0,891,42,0,0.9565021,0.9950057,269446,True,True,2004,0.51130044,0.304859,0.379519,False,,,0.68377686,0.087781206,0.028091663,0.016,-0.01,0.121872865,-0.015,-0.07840407,0.71224564
cand_007201,2025,Data,Entry,EU,50-59,57,PhD,1,1990,unknown,31.673744,28.835188,7,3.6545994,10,0,Director,11-50,9.313586,65,16,5,2,0,False,False,False,False,False,True,False,False,False,False,False,True,True,4,2,0,False,True,False,True,0,330,31,10,0.75151974,0.7646983,314424,False,True,1993,0.58197063,0.4094076,0.42636994,False,,,0.62597156,0.064572476,0.014387433,0.032,-0.03,0.080959916,-0.022,0.008438763,0.6933702
cand_009282,2025,SWE,Senior,US-East,40-49,43,MS,5,2005,unknown,18.68851,15.40781,3,0.51580244,6,0,Principal Engineer,201-1000,6.0916667,27,16,5,0,5,True,False,True,False,True,True,True,False,True,False,False,False,False,2,0,0,False,False,False,False,0,492,21,6,0.87488055,0.8013591,236570,False,False,2006,0.4899761,0.23675002,0.06017695,True,,,0.65248,0.098223805,0.03708909,0.016,-0.01,0.1413129,-0.015,0.0032831905,0.7820761
cand_026820,2025,Sales,Senior,Canada,<30,29,PhD,1,2019,unknown,4.9890327,4.1238947,0,1.9701396,22,2,Engineer,51-200,0.0,0,26,4,1,1,True,True,False,False,True,True,False,True,False,True,False,False,False,4,0,0,False,True,True,True,0,452,50,4,0.70652723,0.9792583,108536,True,False,2020,0.5629721,0.0,0.1098496,True,,,0.61713624,0.09087094,0.037741978,0.032,-0.0,0.16061293,-0.0,0.014722113,0.7924713
cand_027373,2025,PM,Mid,India,<30,28,AA,3,2018,3.0-3.4,5.5264826,4.8869286,0,0.5194731,5,0,Engineer,201-1000,0.0,0,25,2,1,5,True,True,True,True,True,True,True,True,False,False,True,True,False,4,0,0,False,False,False,False,0,576,17,4,0.6295136,0.8768458,124204,True,False,2019,0.56173605,0.0,0.06060519,False,,,0.5696989,0.09248906,0.037741978,0.032,-0.0,0.16223104,-0.0,-0.03619568,0.69573426
cand_022492,2025,Sales,Mid,US-West,<30,28,MS,3,2020,<3.0,2.5668683,2.1196463,2,0.5,4,1,Junior Engineer,1000+,0.0,1,23,8,1,2,True,True,True,False,True,False,False,False,False,False,True,False,False,5,0,2,True,True,False,False,0,699,28,2,0.8173439,0.8546003,97254,True,True,2022,0.66013545,0.002,-0.0016666688,True,,,0.6189904,0.086014844,0.037741978,0.04,-0.0,0.16375682,-0.0,-0.025069857,0.75767744
cand_045637,2025,IT,Entry,US-Central,<30,29,PhD,5,2019,3.0-3.4,5.080546,4.168787,1,2.5012128,12,1,Senior Engineer,1000+,0.89565593,3,14,1,3,0,True,False,True,False,False,True,False,False,False,False,False,True,False,1,0,0,False,False,False,False,0,499,46,6,0.8386105,0.6092934,108503,True,True,2020,0.4177221,0.032869678,0.23180816,False,,,0.60137236,0.090969875,0.043538246,0.008,-0.0,0.14250812,-0.0,-0.045139447,0.6987411
cand_045879,2025,SWE,Senior,UK,<30,26,MS,4,2022,unknown,0.0,0.0,0,2.418004,0,0,Intern,11-50,0.0,2,18,6,2,1,True,False,True,False,True,True,False,True,True,False,False,True,False,5,0,0,False,True,False,False,1,461,33,3,0.47089043,0.72501916,77995,False,False,2025,0.5941781,0.004,0.28210047,False,,,0.4778155,0.08007374,0.037741978,0.04,-0.0,0.15781572,-0.0,0.00534475,0.64097595
cand_029339,2025,SRE,Manager,Other,30-39,34,Bootcamp,4,2012,3.5-3.7,13.665774,13.34205,3,1.689953,11,0,Staff Engineer,51-200,3.537873,27,14,4,1,4,True,False,False,True,False,True,True,False,True,True,False,True,False,5,1,0,False,True,True,True,0,1249,16,2,0.87925947,0.88555694,170559,False,True,2011,0.6666852,0.1601362,0.19716118,True,,,0.6468522,0.09972244,0.049549993,0.04,-0.0,0.18927243,-0.005,-0.020220155,0.8109045
cand_046547,2025,IT,Staff,Other,40-49,41,Bootcamp,2,2005,unknown,19.619783,18.085138,6,1.5124265,8,0,Engineering Manager,1000+,4.537168,30,32,3,1,1,True,False,False,False,True,True,False,False,True,False,False,True,True,4,1,2,False,True,False,False,0,874,20,4,0.90120703,0.9082792,225387,True,False,2005,0.61357474,0.19611505,0.17644976,True,,,0.6710783,0.09444587,0.046441007,0.032,-0.0,0.17288688,-0.015,0.037687194,0.86665237
cand_010803,2025,SRE,Manager,UK,30-39,38,PhD,2,2008,3.0-3.4,14.679647,12.433075,2,1.3932242,6,0,Staff Engineer,1000+,3.345219,21,26,1,2,2,False,False,True,False,True,False,False,False,True,True,False,True,False,3,1,2,False,False,False,False,0,876,17,1,0.9609275,0.97023886,169551,False,False,2010,0.5671855,0.14235657,0.16254282,True,,,0.6863724,0.099971056,0.049814135,0.024,-0.0,0.1737852,-0.005,0.0022201927,0.8573778
cand_020964,2025,Data,Senior,US-West,40-49,44,Bootcamp,3,2004,unknown,19.797495,19.399426,4,3.9304826,0,0,Senior Engineering Manager,11-50,7.2094254,26,13,4,1,4,True,True,True,True,True,False,True,False,True,False,False,True,False,3,1,1,False,True,True,False,0,683,35,3,0.7540028,0.7415454,212825,False,False,2005,0.5308006,0.26828277,0.4585563,False,,,0.5802101,0.09189781,0.02874018,0.024,-0.02,0.12463799,-0.015,0.016063536,0.7059116
cand_030032,2025,IT,Senior,Canada,30-39,32,PhD,3,2016,3.8+,7.806696,7.1518526,2,0.5,12,1,Staff Engineer,201-1000,0.38173884,3,16,3,2,1,True,False,True,False,True,True,True,False,False,False,False,False,True,3,0,2,False,False,False,False,0,659,26,7,0.89188135,0.84491456,117681,False,True,2017,0.54837626,0.017452165,-0.0016666688,True,,,0.67314136,0.09643775,0.04035822,0.024,-0.0,0.16079597,-0.005,0.034578513,0.86351585
cand_005222,2025,Sales,Mid,Canada,30-39,33,PhD,2,2014,unknown,9.484067,8.313434,3,1.348973,0,1,Staff Engineer,201-1000,2.4105506,21,31,4,2,1,True,False,False,False,False,True,True,True,False,False,False,True,True,3,0,2,False,True,False,False,0,705,41,4,0.7186057,0.8733057,150122,False,False,2016,0.52372116,0.11431652,0.097380176,True,,,0.6001731,0.09792449,0.049460046,0.024,-0.0,0.17138454,-0.005,0.0031369838,0.7696947
cand_000659,2025,Data,Manager,US-East,40-49,44,None,2,2004,3.0-3.4,20.461115,17.62176,5,1.3658475,8,1,Senior Engineering Manager,1-10,4.056238,11,28,2,1,0,True,False,False,True,True,True,True,False,True,False,False,True,True,3,1,1,False,False,False,False,1,853,28,5,0.63439626,0.74964064,228003,False,False,2005,0.5002126,0.14368716,0.09934886,False,,,0.55196685,0.09523984,0.04828685,0.024,-0.02,0.1475267,-0.015,0.005321512,0.68981504
cand_033245,2025,Security,Mid,Other,40-49,48,BS,5,1999,<3.0,22.923504,17.529396,4,0.9512112,0,0,Engineering Manager,1000+,6.673198,40,21,5,1,5,False,False,True,False,True,True,False,True,False,False,False,False,False,1,1,1,False,False,False,True,0,666,37,6,0.9767706,0.9785062,278575,False,False,2002,0.4553541,0.28019595,0.11097464,True,,,0.72357094,0.09539133,0.032798603,0.008,-0.0,0.13618994,-0.015,0.011418373,0.8561793
cand_005865,2025,PM,Mid,UK,50-59,55,Bootcamp,5,1993,3.8+,31.943342,24.893276,7,3.4345706,0,0,Senior Engineering Manager,1000+,8.075508,47,19,4,3,2,True,True,True,False,False,True,False,False,True,False,True,True,False,2,3,2,False,False,False,True,0,366,24,2,0.6355523,0.974061,315303,True,False,1993,0.44711047,0.33626524,0.40069988,False,,,0.5792555,0.077372566,0.022353848,0.016,-0.02,0.095726416,-0.022,0.0308979,0.68387985
cand_048871,2025,Sales,Mid,US-East,<30,28,MS,5,2019,unknown,6.646171,5.7545304,3,2.292672,15,1,Engineer,11-50,0.0,2,28,5,0,3,True,True,True,False,True,True,True,False,False,True,True,False,False,3,0,2,False,True,False,False,0,200,36,7,0.754986,0.6150694,119479,True,False,2018,0.5184972,0.004,0.2074784,True,,,0.579259,0.09415816,0.037741978,0.024,-0.0,0.15590014,-0.0,0.033909094,0.7690682
cand_022985,2025,SWE,Senior,UK,50-59,55,PhD,3,1993,unknown,30.311872,28.8929,9,4.0416684,14,1,Staff Engineer,51-200,7.185818,33,23,1,0,2,True,False,False,False,False,False,False,False,True,False,True,True,False,2,0,0,True,True,False,False,0,445,25,4,0.5464222,0.76113874,317817,False,False,1995,0.41761777,0.28157455,0.41152796,False,,,0.5174755,0.06437879,0.028918728,0.016,-0.0,0.10929752,-0.022,0.016560594,0.6213336
cand_028880,2025,SRE,Senior,EU,30-39,37,PhD,5,2011,3.8+,12.116635,11.89336,2,1.7438213,13,1,Engineering Manager,1000+,0.8158589,7,17,5,1,2,True,False,True,True,False,True,False,False,True,False,True,True,False,4,0,2,False,False,True,False,0,773,30,2,0.4627849,0.8363169,156254,True,False,2013,0.5217236,0.038475767,0.1434458,False,,,0.4912381,0.09999825,0.043075126,0.032,-0.0,0.17507339,-0.005,-0.0034774232,0.6578341
cand_047087,2025,IT,Senior,UK,<30,28,Bootcamp,3,2018,3.8+,5.962262,4.5692086,0,0.976713,3,0,Senior Engineer,1000+,2.1114683,11,25,7,0,1,True,True,True,False,True,False,False,False,True,True,True,True,False,5,0,0,False,True,False,False,0,488,13,6,0.48430339,0.6342555,117191,True,False,2019,0.5943607,0.085344054,0.11394985,False,,,0.4823573,0.091831855,0.048781514,0.04,-0.0,0.18061337,-0.0,0.023281798,0.6862525
cand_026527,2025,Data,Entry,EU,60+,66,None,4,1980,3.0-3.4,42.85043,32.819065,12,2.3010292,0,0,Engineering Manager,51-200,11.102193,82,24,5,2,1,True,True,True,False,True,True,True,False,True,False,True,True,False,3,3,1,False,True,False,False,0,617,13,2,0.49176192,0.63786286,384713,False,True,1982,0.47835237,0.49706578,0.2684534,False,,,0.46168923,0.051228262,0.006427593,0.024,-0.0,0.08165586,-0.032,-0.06586407,0.445481
cand_009647,2025,Security,Manager,US-Central,60+,60,HS,2,1987,unknown,35.020462,29.890162,7,3.7200022,15,2,Principal Engineer,201-1000,11.587585,76,26,5,2,0,True,False,True,False,False,True,False,False,False,False,True,True,True,3,0,0,False,False,True,False,0,1038,33,1,0.5113114,0.8640274,329808,False,True,1990,0.4697623,0.4996276,0.31400025,False,,,0.50776446,0.061023176,0.004990026,0.024,-0.01,0.08001321,-0.032,0.04331836,0.59909606
cand_049545,2025,SWE,Entry,Other,50-59,54,HS,3,1994,unknown,29.666853,26.970528,11,3.5446026,0,0,Director,1000+,10.201526,27,43,4,0,0,True,True,False,False,False,False,False,False,True,False,True,False,False,2,3,1,False,False,False,False,0,431,16,4,0.9562182,0.9317755,323204,False,False,1995,0.51124364,0.36004576,0.41353697,True,,,0.6950314,0.07076121,0.009888143,0.016,-0.03,0.066649355,-0.022,-0.0017183886,0.73796237
cand_032374,2025,Security,Director,Canada,<30,24,MS,5,2023,<3.0,1.6208338,1.4882271,0,2.62572,0,1,Junior Engineer,11-50,2.4470744,22,36,6,0,2,False,True,True,False,True,False,False,False,True,True,False,True,False,4,0,0,False,False,False,False,0,471,31,6,0.6589957,0.7868141,105084,False,False,2023,0.57179916,0.11741223,0.24633402,False,,,0.5740113,0.084322564,0.049524575,0.032,-0.0,0.16584715,-0.0,-0.04713065,0.69272786
cand_026158,2025,Sales,Mid,India,40-49,48,AA,4,1998,<3.0,22.938528,21.180323,7,1.2708452,6,3,Staff Engineer,1-10,4.8756766,16,16,4,0,2,True,False,False,False,True,False,False,True,False,False,True,True,True,3,1,2,False,False,False,False,0,904,34,3,0.5127845,0.8789697,257140,True,True,2002,0.47755688,0.17827031,-0.031734735,False,,,0.5232685,0.08780435,0.044794276,0.024,-0.0,0.15659863,-0.015,0.03175465,0.69662184
cand_011711,2025,IT,Manager,UK,40-49,42,BS,3,2004,<3.0,20.181698,16.944735,7,3.2853744,10,0,Principal Engineer,51-200,5.3094764,37,37,3,0,2,False,True,True,False,True,True,False,False,False,False,False,False,False,6,1,1,False,False,False,True,0,415,15,6,0.7653423,0.98131895,245245,False,True,2005,0.70473516,0.2332843,0.3832937,True,,,0.6501336,0.09629709,0.042323627,0.048,-0.01,0.1766207,-0.015,0.0019235978,0.81367797
cand_027238,2025,Sales,Manager,US-West,<30,25,BS,5,2022,unknown,2.5497396,2.4145713,0,2.3358278,0,0,Engineer,51-200,0.447128,2,12,2,1,4,False,True,False,True,False,True,False,True,True,False,True,False,False,5,1,1,False,True,True,True,0,682,43,4,0.63902074,0.7305938,94314,True,False,2022,0.62780416,0.017413842,0.27251324,False,,,0.54377604,0.08678027,0.040786937,0.04,-0.0,0.1675672,-0.0,-0.0024863011,0.70885694
cand_018353,2025,PM,Staff,EU,40-49,40,PhD,3,2006,unknown,16.384926,13.047469,5,2.9841242,11,0,Staff Engineer,1000+,5.5315704,34,29,3,2,0,True,True,True,False,True,True,False,False,True,False,True,True,False,3,0,1,False,True,True,False,0,542,40,2,0.52660084,0.8265677,226007,False,False,2009,0.4761535,0.23394711,0.3481478,False,,,0.51162386,0.09983082,0.040925216,0.024,-0.0,0.16475604,-0.015,-0.01991979,0.6414601
cand_049514,2025,SRE,Staff,EU,<30,23,PhD,3,2023,unknown,2.3142343,2.1180851,0,0.5,7,0,Engineer,51-200,0.0,0,23,2,2,0,True,False,False,False,True,True,False,True,True,False,True,True,False,8,0,1,False,False,False,False,1,669,30,3,0.46346694,0.88499355,76147,True,True,2023,0.76686007,0.0,0.058333334,False,,,0.50721216,0.08601075,0.037741978,0.064,-0.0,0.18775272,-0.0,0.014489749,0.70945466
cand_021724,2025,IT,Entry,EU,30-39,30,Bootcamp,3,2017,3.8+,6.3600574,6.213313,1,2.8809786,0,0,Engineer,11-50,0.0,0,20,3,1,1,True,True,True,False,True,True,False,False,True,False,False,False,False,4,0,3,False,False,False,False,0,321,27,7,0.55160874,0.6970238,135483,True,False,2019,0.55032176,0.0,0.33611417,False,,,0.5244678,0.0949637,0.037741978,0.032,-0.0,0.16470568,-0.005,-0.0038000196,0.6803735
cand_025924,2025,SRE,Director,Canada,<30,22,AA,4,2025,<3.0,0.0,0.0,0,3.2093213,11,0,Intern,201-1000,0.9115467,9,18,3,0,4,False,True,True,False,False,True,False,True,True,False,True,True,False,5,0,1,False,True,True,True,0,709,28,2,0.6628436,0.7094093,84579,False,False,2025,0.62340206,0.0453464,0.37442082,False,,,0.5358771,0.08007374,0.04362899,0.04,-0.0,0.16370273,-0.0,-0.020935643,0.6786442
cand_041389,2025,Security,Entry,Canada,50-59,53,None,2,1995,unknown,29.392612,28.909023,9,2.1698225,14,2,Staff Engineer,1000+,6.274507,30,14,5,1,4,True,True,False,False,False,True,True,False,True,False,False,True,False,4,2,1,False,True,False,False,1,820,28,5,0.5676477,0.88715625,324234,False,True,1996,0.5418629,0.24823523,0.13314596,False,,,0.55610794,0.06432467,0.035764225,0.032,-0.0,0.1320889,-0.022,0.04013652,0.70633334
cand_004772,2025,SRE,Director,US-West,40-49,43,PhD,5,2005,unknown,20.085476,18.264822,5,1.8738474,2,0,Principal Engineer,1-10,7.5854034,28,24,1,4,4,True,False,False,False,True,True,False,False,True,False,False,True,False,3,1,0,False,False,False,False,0,796,27,3,0.6753337,0.67739594,226529,True,False,2005,0.5134001,0.28356212,0.21861552,False,,,0.53984594,0.09412299,0.025918653,0.024,-0.01,0.13404164,-0.015,0.03344948,0.6923371
cand_035204,2025,Data,Manager,US-West,<30,29,Bootcamp,2,2017,unknown,6.9434114,6.8366275,0,3.3400133,0,0,Engineer,1000+,0.10571524,0,8,3,1,0,True,True,False,False,True,True,True,True,True,True,True,True,False,5,1,1,False,True,False,False,0,426,7,5,0.57275146,0.80155855,136052,True,False,2018,0.6145503,0.0031714572,0.3896682,False,,,0.5407747,0.09596922,0.038484108,0.04,-0.0,0.17445332,-0.0,-0.026814863,0.68841314
cand_027878,2025,Sales,Manager,Canada,40-49,40,None,4,2006,unknown,19.765102,18.010574,10,1.5152893,1,1,Engineering Manager,1-10,5.303357,37,19,3,1,1,False,False,True,True,True,True,False,False,True,False,False,False,False,4,2,0,False,False,False,False,0,541,26,2,0.50517696,0.6901979,253844,True,False,2005,0.5402021,0.23310073,0.11678375,False,,,0.47685152,0.09457741,0.042360973,0.032,-0.0,0.16893838,-0.015,-0.015395201,0.6153947
cand_005874,2025,Security,Director,India,30-39,31,BS,1,2017,3.8+,7.072318,6.8542695,2,2.2287734,0,0,Senior Engineer,51-200,2.4255552,14,10,5,2,4,False,True,True,True,True,True,False,True,False,True,False,False,True,4,0,2,True,False,False,False,0,887,27,4,0.6506089,0.7806667,147794,False,False,2018,0.57012177,0.10076666,0.26002356,True,,,0.5578464,0.095996164,0.049487043,0.032,-0.0,0.17748322,-0.005,0.07522965,0.8055593
cand_017804,2025,SRE,Senior,US-East,30-39,32,Bootcamp,5,2015,<3.0,7.9198737,7.8662114,1,1.1003444,6,0,Senior Engineer,201-1000,0.6961952,0,15,2,1,3,True,False,False,False,False,False,True,False,False,False,True,True,False,5,0,0,False,True,False,True,0,475,26,11,0.5110711,0.83692354,146297,False,False,2017,0.5972142,0.020885857,0.12837352,True,,,0.56225955,0.0973974,0.042358246,0.04,-0.0,0.17975566,-0.005,0.05225475,0.78927
cand_034223,2025,IT,Manager,US-East,50-59,53,Bootcamp,4,1993,3.0-3.4,30.978373,27.968882,10,0.8357359,0,0,Senior Engineering Manager,201-1000,9.002676,35,19,4,0,2,True,False,True,False,True,True,False,True,True,True,True,False,False,2,0,3,False,True,False,True,1,1017,29,2,0.8636547,0.7470141,340464,False,False,1994,0.49273092,0.3400803,0.09750252,False,,,0.613682,0.06746735,0.016216338,0.016,-0.02,0.07968369,-0.022,-0.037509747,0.63385594
cand_007841,2025,SRE,Entry,US-Central,30-39,36,MS,1,2010,unknown,14.300409,13.842225,5,2.3160975,8,0,Staff Engineer,1000+,3.7046409,12,21,3,1,6,True,True,True,True,True,True,False,False,True,True,True,True,False,4,0,1,False,True,False,False,0,731,44,3,0.5155341,0.6028282,179624,False,False,2011,0.53644013,0.13513923,0.27021137,False,,,0.4690026,0.09947764,0.049230173,0.032,-0.0,0.18070781,-0.005,-0.02000006,0.6247104
cand_015922,2025,Data,Director,India,60+,64,AA,5,1984,unknown,39.812263,33.296387,7,4.1611414,3,0,Director,51-200,11.800126,25,15,4,0,5,True,False,False,False,False,True,False,False,True,True,False,True,False,1,4,1,False,False,False,True,0,785,18,9,0.6259766,0.7836359,402349,False,False,1985,0.38269532,0.4040038,0.4854665,False,,,0.57981896,0.049663424,0.004445772,0.008,-0.03,0.0321092,-0.032,-0.035015997,0.54491216
cand_028366,2025,IT,Senior,US-West,30-39,31,PhD,2,2015,unknown,8.259436,6.956961,2,2.402969,0,0,Senior Engineer,201-1000,0.0,0,40,5,0,2,True,False,True,False,True,True,False,True,False,False,False,False,False,5,0,0,False,True,False,False,0,474,27,7,0.71594095,0.9294724,134174,False,False,2017,0.6431882,0.0,0.28034636,True,,,0.62847376,0.09615129,0.037741978,0.04,-0.0,0.17389327,-0.005,-0.0014652563,0.7959018
cand_012083,2025,SWE,Manager,US-East,30-39,36,AA,5,2011,3.0-3.4,12.854781,12.68569,2,2.9230788,0,0,Staff Engineer,1000+,3.7843404,22,5,1,2,3,True,False,False,False,False,True,True,False,False,False,True,True,False,4,1,1,False,True,False,False,0,390,48,9,0.7357971,0.8514183,173405,True,False,2012,0.5871594,0.15753022,0.34102586,True,,,0.6318127,0.09992747,0.049047947,0.032,-0.0,0.18097542,-0.005,-0.023590831,0.78419733
cand_020033,2025,Security,Staff,UK,<30,22,MS,1,2024,unknown,0.433931,0.427054,0,1.7206221,18,2,Intern,51-200,0.3027562,0,21,5,1,0,False,True,False,False,True,False,True,False,False,False,False,False,False,4,0,3,False,False,False,False,0,710,5,2,0.6384538,0.8105401,69107,False,True,2025,0.55269074,0.009082686,0.08073923,False,,,0.54756683,0.08132743,0.03983219,0.032,-0.0,0.15315962,-0.0,-0.015210388,0.68551606
cand_014487,2025,IT,Entry,EU,30-39,30,PhD,4,2017,<3.0,7.3241715,6.305892,0,0.65891314,0,0,Senior Engineer,1-10,1.1306102,2,17,2,0,0,True,False,True,False,False,False,False,False,True,False,False,True,False,4,0,0,False,True,False,True,0,606,23,2,0.82420826,0.75386995,118930,True,False,2018,0.60484165,0.03791831,0.0768732,True,,,0.6012469,0.09511958,0.04482725,0.032,-0.0,0.17194684,-0.005,0.03815609,0.8063498
cand_020818,2025,PM,Mid,US-East,40-49,42,None,3,2006,unknown,17.498358,16.865582,3,3.4569986,20,2,Principal Engineer,1000+,5.7025375,34,32,3,1,3,True,False,True,False,True,True,False,True,True,False,True,True,False,4,0,0,True,False,False,False,0,482,36,3,0.6553371,0.6889638,216819,True,True,2008,0.5544008,0.23907612,0.2833165,False,,,0.5351608,0.09641256,0.039796624,0.032,-0.01,0.15820919,-0.015,0.010265991,0.688636
cand_037517,2025,SRE,Staff,EU,40-49,48,HS,4,2000,unknown,24.911232,23.098974,7,2.30976,10,0,Principal Engineer,1000+,4.245572,31,14,4,1,0,True,True,False,True,True,True,False,False,True,False,False,True,False,3,2,2,False,True,False,False,0,828,19,1,0.7111531,0.78558797,246889,True,False,2000,0.5138973,0.18936718,0.269472,False,,,0.5620212,0.08268733,0.04763369,0.024,-0.01,0.14432102,-0.015,-0.061340105,0.63000214
cand_044235,2025,Sales,Mid,US-Central,30-39,38,BS,5,2010,<3.0,13.586653,12.826167,5,2.1642234,1,0,Staff Engineer,51-200,1.5696461,5,38,3,0,0,True,True,False,False,False,True,True,False,True,True,True,True,False,4,0,0,False,True,True,False,0,580,25,5,0.7898954,0.80996,198070,False,False,2011,0.59714574,0.05708939,0.25249273,True,,,0.6184554,0.099894725,0.046903312,0.032,-0.0,0.17879805,-0.005,0.021053653,0.81330717
cand_048650,2025,SRE,Entry,Canada,60+,65,HS,3,1981,3.5-3.7,43.248615,34.94996,10,4.461276,4,0,Principal Engineer,51-200,12.0,48,17,2,2,3,True,True,True,True,True,True,True,False,True,False,True,True,False,2,2,1,False,False,False,False,0,591,25,2,0.8500453,0.8833254,428741,True,True,1982,0.48667574,0.45600003,0.5204822,False,,,0.63618094,0.04436099,0.0039779753,0.016,-0.01,0.05433897,-0.032,0.005965376,0.6644853
cand_036235,2025,SWE,Staff,Canada,<30,27,AA,1,2019,unknown,5.5813622,5.3578153,2,0.81654,0,0,Engineer,201-1000,0.0,0,5,4,1,2,True,False,True,False,True,True,False,True,False,False,False,True,False,4,0,2,False,False,True,True,0,663,34,5,0.50004435,0.6129141,138188,False,False,2019,0.54000884,0.0,0.095263,False,,,0.47759834,0.09341817,0.037741978,0.032,-0.0,0.16316016,-0.0,0.0128576225,0.65361613
cand_021069,2025,SRE,Staff,Canada,60+,65,BS,2,1983,unknown,41.991558,37.518555,17,2.9656136,0,1,Director,1000+,12.0,61,20,7,1,3,False,True,True,False,True,True,False,False,False,False,False,True,True,2,3,2,False,True,False,False,0,775,29,5,0.89573216,0.8921196,376104,False,False,1983,0.49914643,0.48200002,0.28598824,False,,,0.6719302,0.03660691,0.0039779753,0.016,-0.03,0.026584888,-0.032,0.009888419,0.67640346
cand_009523,2025,PM,Entry,US-Central,<30,27,Bootcamp,2,2020,3.0-3.4,1.4319797,1.102687,0,3.7234378,15,1,Junior Engineer,11-50,0.0,2,18,6,1,4,True,False,True,False,True,True,True,False,True,True,True,True,False,5,1,0,False,True,False,False,0,974,29,0,0.91484976,0.8851522,76584,False,False,2024,0.67047,0.004,0.3744011,True,,,0.6472279,0.083255306,0.037741978,0.04,-0.0,0.16099727,-0.0,0.002465148,0.8106903
cand_032755,2025,Data,Entry,EU,50-59,57,AA,2,1989,3.5-3.7,34.36749,26.446672,7,3.72766,6,0,Senior Engineering Manager,201-1000,12.0,56,15,4,1,1,True,True,False,False,True,False,True,True,True,False,True,True,True,3,4,4,False,True,False,False,0,913,34,5,0.47451502,0.9311291,345390,True,False,1991,0.469903,0.472,0.43489367,False,,,0.5323061,0.07246419,0.0039779753,0.024,-0.02,0.080442175,-0.022,-0.046326146,0.5444221
cand_012053,2025,SRE,Director,Canada,40-49,42,MS,3,2004,unknown,17.221992,16.823498,4,2.2785444,2,0,Staff Engineer,1000+,1.244997,8,13,1,0,3,True,False,False,False,True,True,True,False,True,False,True,True,False,3,1,1,False,True,False,True,0,587,50,4,0.7779037,0.81029296,173038,False,False,2008,0.5339141,0.053349912,0.2658302,True,,,0.6083249,0.09647324,0.045411795,0.024,-0.0,0.16588505,-0.015,0.04363753,0.80284745
cand_023593,2025,PM,Manager,US-East,40-49,42,None,4,2004,3.0-3.4,20.65999,18.017698,5,2.403955,7,0,Principal Engineer,11-50,3.5184464,23,25,3,1,4,True,False,True,False,True,True,True,True,False,True,False,False,False,3,0,1,False,False,True,True,0,827,31,3,0.47024766,0.7361643,221648,False,False,2004,0.4682162,0.15155339,0.28046143,False,,,0.47981957,0.09456491,0.049581777,0.024,-0.01,0.15814668,-0.015,0.03150146,0.65446776
cand_008037,2025,SWE,Entry,EU,<30,25,Bootcamp,5,2021,unknown,3.8242452,3.5800986,1,2.1387818,15,1,Engineer,1000+,0.0,2,18,3,2,2,True,False,True,False,True,True,True,False,True,False,False,True,True,4,0,2,False,True,False,True,0,683,34,5,0.4913528,0.8445581,82075,True,True,2021,0.52577055,0.004,0.18952455,False,,,0.5208851,0.08963668,0.037741978,0.032,-0.0,0.15937866,-0.0,0.008167856,0.6884316
cand_046976,2025,Sales,Director,Other,30-39,31,HS,1,2015,<3.0,9.941948,7.834402,2,2.4402263,3,2,Staff Engineer,1000+,0.8390774,0,28,4,1,2,True,True,True,False,False,True,False,False,True,False,False,True,False,6,0,0,False,True,False,True,0,581,56,10,0.4670094,0.7106134,128667,False,False,2015,0.6509019,0.025172323,0.16469306,False,,,0.515576,0.09735773,0.043211143,0.048,-0.0,0.18856886,-0.005,0.019845335,0.71899015
cand_016399,2025,SRE,Mid,US-West,30-39,32,HS,1,2016,3.0-3.4,7.656027,6.1614175,3,0.80803066,0,0,Senior Engineer,11-50,0.0,0,21,1,1,3,False,False,True,False,True,True,False,False,True,False,True,True,True,4,0,4,False,False,False,False,0,698,15,4,0.6222132,0.82963306,106295,False,False,2017,0.56444263,0.0,0.094270244,False,,,0.55770123,0.09487533,0.037741978,0.032,-0.0,0.16461731,-0.005,-0.008077246,0.7092413
cand_045785,2025,PM,Mid,India,30-39,30,AA,1,2016,3.0-3.4,7.791707,6.227353,3,2.5138924,8,0,Staff Engineer,1000+,1.3823136,6,23,6,2,0,True,True,False,False,True,True,True,False,True,False,False,False,True,5,0,1,False,True,False,False,0,938,45,7,0.48854488,0.7802752,157813,True,True,2017,0.59104234,0.053469412,0.29328743,False,,,0.5190457,0.09498749,0.046073806,0.04,-0.0,0.1810613,-0.005,-0.006989069,0.6881179
cand_034615,2025,Sales,Director,India,40-49,49,None,2,1998,unknown,23.543959,22.007124,6,5.6755066,0,0,Principal Engineer,1000+,7.004382,54,7,5,1,3,True,True,True,True,True,True,False,False,False,True,False,True,False,5,1,0,False,False,False,False,0,733,5,4,0.60926133,0.80890685,260109,True,False,2001,0.6218523,0.31813148,0.66214246,False,,,0.5490228,0.08568085,0.03029331,0.04,-0.01,0.14597414,-0.015,0.033001516,0.7129985
cand_007624,2025,Sales,Director,Canada,40-49,40,None,5,2006,unknown,19.234947,16.355694,3,2.278444,5,0,Engineering Manager,51-200,5.723527,25,20,3,1,3,True,True,True,False,True,True,False,False,True,False,False,False,True,2,1,0,False,False,False,False,0,617,23,4,0.97513795,0.67823005,207009,False,True,2006,0.5108609,0.22170581,0.26581848,True,,,0.65094435,0.09711466,0.03965524,0.016,-0.0,0.1527699,-0.015,0.02514716,0.8138614
cand_013661,2025,PM,Staff,US-East,60+,64,AA,2,1983,unknown,41.001472,33.675396,15,2.4532108,5,0,Principal Engineer,201-1000,11.56174,29,5,4,1,2,True,True,True,False,False,True,False,False,True,False,True,True,True,2,3,3,False,False,True,True,0,439,5,4,0.5623494,0.7570219,346084,False,False,1984,0.4283032,0.40485218,0.2862079,False,,,0.5222267,0.048430752,0.0050596236,0.016,-0.01,0.059490375,-0.032,0.008703241,0.5584203
cand_037736,2025,SWE,Manager,Canada,<30,22,PhD,3,2025,unknown,0.0,0.0,0,1.5117084,0,0,Intern,1000+,0.012758224,4,5,5,1,1,True,True,True,True,True,True,True,False,True,False,True,True,False,5,0,1,False,True,True,False,0,548,21,3,0.69781166,0.8797158,57225,False,False,2025,0.63956237,0.008382747,0.17636597,False,,,0.58817726,0.08007374,0.037832182,0.04,-0.0,0.1579059,-0.0,-0.03924598,0.7068372
cand_026541,2025,Data,Staff,Other,<30,22,Bootcamp,5,2025,3.5-3.7,0.0,0.0,0,2.6681912,6,0,Intern,1-10,0.0,0,17,4,1,2,True,False,False,False,False,True,False,False,True,True,False,True,True,6,0,4,False,True,True,False,0,818,26,5,0.49333277,0.82510406,50000,True,False,2025,0.65366656,0.0,0.31128898,False,,,0.5176873,0.08007374,0.037741978,0.048,-0.0,0.16581571,-0.0,-0.019466927,0.6640361
cand_013267,2025,Security,Senior,US-Central,30-39,32,Bootcamp,1,2014,3.0-3.4,8.05139,6.043514,3,0.5,0,2,Staff Engineer,11-50,2.846253,25,14,6,1,3,True,True,False,False,True,True,False,False,False,False,True,True,False,4,0,0,False,False,False,True,0,771,30,2,0.73589563,0.9107687,141641,False,False,2017,0.5871791,0.13538758,-0.06166667,True,,,0.60171723,0.09467193,0.049963083,0.032,-0.0,0.17663501,-0.005,-0.00664009,0.7667122
cand_018082,2025,SRE,Entry,EU,40-49,49,MS,2,1998,unknown,27.787264,21.889704,11,2.912423,0,0,Engineering Manager,1000+,7.1582375,44,24,2,2,1,True,True,True,False,False,False,False,False,False,False,True,False,True,3,1,0,False,True,False,False,0,759,5,5,0.7704052,0.70197165,300673,True,False,1997,0.53408104,0.30274713,0.33978266,True,,,0.59003615,0.08599031,0.029127454,0.024,-0.0,0.13911776,-0.015,0.030534748,0.7446887
cand_048085,2025,Security,Entry,Canada,40-49,48,BS,3,1998,unknown,27.29635,23.956762,7,4.1744933,4,1,Senior Engineering Manager,11-50,6.438366,40,20,4,0,2,True,False,True,True,False,False,False,False,True,False,False,True,False,3,2,2,False,True,False,False,0,660,26,3,0.5819314,0.894141,274308,True,False,1998,0.49305296,0.273151,0.4270242,False,,,0.5505042,0.080201834,0.03455576,0.024,-0.02,0.118757606,-0.015,0.0135453055,0.66780716
cand_042767,2025,SRE,Director,US-East,40-49,40,MS,4,2007,unknown,17.742352,14.4545555,3,2.199421,5,0,Staff Engineer,1-10,5.4866395,11,25,3,3,2,True,True,False,False,False,False,False,False,False,False,False,True,False,3,0,2,False,True,True,False,0,393,23,8,0.53025633,0.82786363,205527,False,True,2007,0.4818846,0.1865992,0.2565991,False,,,0.54916245,0.09907455,0.041214596,0.024,-0.0,0.16428915,-0.015,0.00642447,0.7048761
cand_004070,2025,SWE,Staff,Canada,30-39,39,BS,5,2009,unknown,15.613833,13.756034,5,1.4009264,1,0,Principal Engineer,51-200,3.0839975,15,29,1,1,1,True,True,False,False,False,False,False,False,False,True,True,True,True,6,0,2,False,False,False,True,1,480,36,3,0.9796376,0.6643125,192925,False,False,2009,0.7550942,0.122519925,0.1634414,True,,,0.64373565,0.099525265,0.049988978,0.048,-0.01,0.18751423,-0.005,-0.022897577,0.8033523
cand_016286,2025,Security,Entry,India,<30,25,None,1,2022,unknown,1.775449,1.748883,1,3.599831,3,0,Engineer,51-200,0.5373879,0,23,6,1,0,True,True,False,False,True,True,True,True,True,True,False,False,True,6,0,2,False,False,False,False,0,691,48,4,0.9111362,0.8649339,96008,True,False,2023,0.73972726,0.016121639,0.4199803,True,,,0.6658845,0.08502977,0.041368045,0.048,-0.0,0.17439783,-0.0,-0.019495467,0.82078683
cand_001118,2025,IT,Staff,US-Central,<30,26,MS,4,2022,3.5-3.7,0.0,0.0,0,1.470344,13,1,Intern,201-1000,0.49215284,8,29,1,0,1,True,True,False,False,False,True,False,False,True,False,False,True,False,5,0,1,False,False,False,False,0,749,33,6,0.8758449,0.90478873,55058,True,False,2025,0.66433567,0.030764587,0.111540124,True,,,0.6735035,0.08007374,0.0410784,0.04,-0.0,0.16115212,-0.0,-0.060965516,0.7736901
cand_010074,2025,IT,Director,Canada,30-39,37,BS,2,2010,unknown,13.424925,12.809088,2,1.3570483,0,0,Engineering Manager,51-200,1.9935553,16,9,1,0,0,True,False,True,False,False,False,False,False,True,True,False,True,False,5,1,3,False,True,False,False,0,269,25,4,0.6364303,0.6085508,163630,False,False,2012,0.6272861,0.091806665,0.15832229,False,,,0.51846075,0.09989903,0.04844208,0.04,-0.0,0.18834111,-0.005,0.005002032,0.7068039
cand_011373,2025,SWE,Entry,Other,30-39,30,HS,1,2016,3.0-3.4,7.311337,6.905478,1,2.7318242,1,1,Staff Engineer,51-200,1.7038114,12,22,2,2,3,True,True,True,False,False,True,False,False,False,False,True,True,False,5,0,3,False,True,False,False,0,722,17,2,0.7083348,0.627192,144173,True,True,2018,0.6408336,0.07511435,0.2587128,False,,,0.53535557,0.09607389,0.047442563,0.04,-0.0,0.18351644,-0.005,-0.041580696,0.67229134
cand_032684,2025,SWE,Entry,US-East,<30,27,Bootcamp,4,2020,unknown,2.3593416,2.2259214,0,3.378632,2,0,Junior Engineer,11-50,0.0,0,19,2,0,3,True,False,True,False,False,True,False,True,False,False,False,True,True,5,0,1,False,False,True,False,0,788,11,3,0.50942594,0.9918458,93566,False,False,2023,0.60021853,0.0,0.39417374,False,,,0.5446682,0.08629255,0.037741978,0.04,-0.0,0.16403452,-0.0,-0.034530964,0.67417175
cand_046433,2025,Data,Director,UK,30-39,37,BS,4,2010,3.0-3.4,13.694774,10.626088,4,0.91974854,9,0,Engineering Manager,201-1000,3.2326005,18,16,3,1,3,False,True,True,False,False,True,False,False,False,True,False,True,True,4,0,1,False,True,True,False,0,753,28,1,0.58420193,0.89810807,191181,False,False,2011,0.54934037,0.13297802,0.10730399,False,,,0.54009235,0.099709116,0.049915534,0.032,-0.0,0.18162465,-0.005,-0.008431381,0.7082856
cand_025349,2025,Data,Mid,US-Central,40-49,40,BS,2,2006,unknown,18.662926,16.393568,4,2.2298317,7,0,Senior Engineering Manager,51-200,5.6211843,37,27,6,0,1,True,False,True,False,False,True,False,False,True,True,True,True,False,5,2,0,True,False,False,False,0,756,22,9,0.6401185,0.87702185,219600,False,True,2006,0.62219036,0.24263553,0.26014704,True,,,0.6034459,0.09706501,0.04033891,0.04,-0.02,0.15740393,-0.015,0.041083414,0.78693324
cand_006715,2025,PM,Entry,US-Central,30-39,36,HS,5,2012,3.0-3.4,11.833832,10.829119,3,2.490887,0,0,Senior Engineer,1-10,1.6631714,4,29,6,0,4,False,False,False,False,True,False,True,False,True,False,True,True,True,4,0,0,False,False,False,False,0,896,31,7,0.817457,0.86332166,167715,False,True,2013,0.6034914,0.057895143,0.29060346,True,,,0.65077424,0.09978866,0.047284182,0.032,-0.0,0.17907284,-0.005,0.023840155,0.84868723
cand_034567,2025,SWE,Director,UK,50-59,58,HS,2,1990,<3.0,34.086586,29.318872,8,3.5020022,0,0,Senior Engineering Manager,51-200,12.0,83,8,1,0,3,True,True,False,False,True,True,True,False,True,False,True,True,False,3,1,1,False,True,True,False,0,421,11,6,0.6434613,0.62835264,365655,True,False,1991,0.50869226,0.526,0.40856692,False,,,0.53688204,0.0629471,0.0039779753,0.024,-0.02,0.07092509,-0.022,0.0034657929,0.5892729
cand_001030,2025,PM,Staff,EU,30-39,32,HS,1,2016,3.5-3.7,7.7177143,6.4242086,2,3.774035,13,1,Senior Engineer,1-10,0.3756494,3,16,4,1,2,True,False,True,True,True,False,False,True,True,True,False,True,False,3,1,3,False,True,True,True,0,710,24,6,0.56307,0.7787132,116275,True,False,2017,0.48178068,0.017269483,0.3803041,False,,,0.53881717,0.09531552,0.04031798,0.024,-0.0,0.1596335,-0.005,0.013708338,0.70715904
cand_022753,2025,Sales,Staff,UK,<30,29,Bootcamp,1,2019,unknown,4.594975,4.3853464,1,3.5417488,0,0,Senior Engineer,1-10,0.0,1,12,3,2,3,True,True,False,False,True,True,True,False,True,False,True,False,True,2,2,0,False,False,False,False,0,395,19,4,0.94813734,0.7259518,116984,True,False,2020,0.50962746,0.002,0.413204,True,,,0.6510384,0.09144067,0.037741978,0.016,-0.0,0.14518265,-0.0,0.009296137,0.8055172
cand_011761,2025,Data,Senior,US-Central,30-39,39,BS,4,2009,3.8+,14.930658,13.668266,4,1.7671822,0,1,Engineering Manager,1000+,5.9416785,43,18,5,1,3,False,True,True,False,False,False,False,False,False,False,True,True,True,4,2,3,True,True,True,False,0,745,32,3,0.6799446,0.97840494,160137,False,False,2010,0.5759889,0.26425037,0.14617124,True,,,0.60166156,0.09957143,0.038152907,0.032,-0.0,0.16972435,-0.005,0.02801823,0.79440415
cand_035896,2025,SWE,Manager,US-Central,30-39,31,HS,5,2016,unknown,9.26183,7.821067,1,2.0422983,15,1,Senior Engineer,1000+,0.0,2,11,3,0,2,False,False,False,False,True,True,False,False,True,False,True,True,True,4,1,1,False,True,False,True,0,785,5,4,0.83031493,0.98074794,121479,False,True,2016,0.593563,0.004,0.17826813,True,,,0.6607598,0.09734101,0.037741978,0.032,-0.0,0.167083,-0.005,-0.026817448,0.7960254
cand_014492,2025,SWE,Director,EU,50-59,53,MS,2,1994,unknown,27.77288,26.993261,7,4.129307,0,0,Principal Engineer,1000+,8.254026,39,35,5,1,4,False,False,True,False,False,True,False,True,False,False,True,True,False,3,2,0,False,False,False,True,0,466,20,3,0.94003034,0.62135583,268904,False,False,1997,0.56800604,0.3256208,0.48175246,False,,,0.62128174,0.07068688,0.021102114,0.024,-0.01,0.105789,-0.022,0.011689074,0.7167598
cand_025085,2025,SWE,Mid,EU,30-39,33,None,3,2014,3.0-3.4,10.004301,9.739189,4,3.154438,4,0,Senior Engineer,1-10,0.9589378,5,21,1,0,1,False,False,False,False,True,True,True,False,False,False,True,True,False,4,0,2,False,False,False,False,0,797,21,6,0.8966929,0.62061113,155728,False,True,2015,0.61600524,0.03876814,0.36801776,True,,,0.6239648,0.09921432,0.043896627,0.032,-0.0,0.17511095,-0.005,-0.0090803215,0.7849954
cand_020395,2025,Security,Manager,Canada,30-39,30,MS,4,2017,unknown,8.474762,6.7574973,1,2.9064515,9,1,Senior Engineer,1-10,0.0,0,29,1,3,3,True,False,False,False,False,False,False,False,True,False,True,True,False,6,0,1,False,True,False,False,0,494,8,5,0.45512372,0.8365433,148013,False,False,2017,0.64352477,0.0,0.279086,False,,,0.506602,0.09584735,0.037741978,0.048,-0.0,0.18158934,-0.005,-0.024489118,0.6587022
cand_004813,2025,PM,Senior,US-East,60+,66,BS,3,1981,unknown,42.34424,34.01044,9,2.8770716,12,0,Staff Engineer,201-1000,10.630009,57,9,4,2,1,True,False,True,True,True,False,True,False,True,False,False,True,False,2,2,2,False,False,False,False,0,597,18,1,0.83016,0.7737458,403937,False,False,1983,0.47603202,0.43290028,0.33565837,False,,,0.6013052,0.047349088,0.008107104,0.016,-0.0,0.071456194,-0.032,0.061133143,0.7018945
cand_008994,2025,SWE,Entry,Canada,30-39,36,Bootcamp,1,2010,unknown,13.340061,13.279436,3,2.8918722,14,1,Engineering Manager,201-1000,4.1123238,30,11,1,2,1,True,False,True,False,True,True,False,False,True,False,True,False,False,5,0,1,False,False,True,True,0,565,11,3,0.7938933,0.6138819,208208,False,True,2012,0.647112,0.18336973,0.2773851,True,,,0.56863904,0.09974771,0.04810367,0.04,-0.0,0.18785137,-0.005,-0.013552844,0.73793757
cand_049691,2025,PM,Senior,US-Central,<30,28,BS,2,2019,unknown,5.519383,4.974004,0,0.8550298,0,0,Engineer,51-200,0.0,0,32,2,1,0,True,False,True,True,True,True,False,False,True,True,True,True,False,7,0,0,False,False,False,False,0,507,24,4,0.70405334,0.7159437,123953,True,False,2019,0.7608107,0.0,0.099753484,True,,,0.56360745,0.092664935,0.037741978,0.055999998,-0.0,0.18640691,-0.0,0.020483887,0.7704983
cand_021374,2025,Security,Entry,EU,50-59,56,BS,3,1991,unknown,31.86257,23.956354,9,2.9629803,3,1,Senior Engineering Manager,11-50,9.114443,28,21,7,0,2,False,True,False,True,False,True,False,True,True,False,False,True,False,3,3,3,False,False,True,False,0,684,29,3,0.90583664,0.714365,336832,True,False,1993,0.5586673,0.3294333,0.28568104,False,,,0.62791586,0.08020305,0.015544357,0.024,-0.02,0.099747404,-0.022,0.015362572,0.7210258
cand_030242,2025,SWE,Senior,UK,40-49,48,BS,3,1999,unknown,26.742346,23.492014,7,3.8388202,0,0,Principal Engineer,51-200,5.280049,9,20,8,1,0,True,True,True,True,False,True,False,True,True,False,True,False,False,4,2,1,True,True,False,False,0,753,40,6,0.91593534,0.6658688,271712,True,False,1998,0.62318707,0.17640148,0.44786233,False,,,0.63975114,0.08156204,0.042502634,0.032,-0.01,0.14606467,-0.015,-0.06547549,0.7053404
cand_047578,2025,SWE,Staff,UK,<30,27,MS,4,2019,unknown,6.203434,5.088845,1,3.6574614,0,0,Engineer,51-200,1.2550472,4,20,3,1,2,True,False,True,True,False,True,False,False,True,True,True,True,True,6,0,1,False,False,False,True,0,794,26,2,0.9267235,0.9960362,102605,True,False,2019,0.7453447,0.045651417,0.4267038,True,,,0.68556046,0.092894115,0.04546174,0.048,-0.0,0.18635586,-0.0,1.9550196e-05,0.87193584
cand_001164,2025,PM,Entry,Other,40-49,44,Bootcamp,4,2002,3.0-3.4,23.449644,21.537764,4,5.0719924,18,3,Principal Engineer,51-200,6.438263,14,27,5,0,4,True,True,True,True,True,False,True,True,True,False,True,True,False,5,1,0,True,True,False,False,0,874,42,2,0.9705855,0.99848133,232924,True,True,2002,0.67911714,0.2211479,0.41173244,True,,,0.70140123,0.08690243,0.034556527,0.04,-0.01,0.15145896,-0.015,0.018676065,0.85653627
cand_024810,2025,Sales,Entry,Canada,30-39,32,MS,3,2015,unknown,9.794564,8.093514,1,2.2791939,7,0,Senior Engineer,201-1000,1.9778124,9,25,4,0,1,False,True,True,True,True,False,False,False,False,False,True,True,False,6,0,1,False,True,False,False,0,772,39,4,0.8607116,0.6295556,142142,False,False,2015,0.726309,0.077334374,0.26590595,True,,,0.60116017,0.09767248,0.048393764,0.048,-0.0,0.19406626,-0.005,0.0352027,0.82542914
cand_021109,2025,IT,Director,UK,30-39,36,PhD,5,2012,unknown,11.967728,10.6111765,4,2.602818,0,0,Staff Engineer,51-200,0.53529143,2,18,5,0,7,False,True,False,False,True,True,True,True,False,True,False,True,False,3,0,2,False,False,False,False,0,729,34,3,0.6885986,0.7790569,178517,False,True,2013,0.51771975,0.020058744,0.3036621,True,,,0.5648209,0.09970279,0.041354693,0.024,-0.0,0.1650575,-0.005,0.017996117,0.7428745
cand_003697,2025,Data,Mid,EU,30-39,32,AA,3,2016,3.5-3.7,8.590411,7.7900467,3,2.2934961,0,0,Staff Engineer,51-200,0.0,0,5,5,0,3,True,True,True,True,True,False,False,False,False,True,True,True,False,5,0,0,True,True,False,False,0,957,31,9,0.8049841,0.641736,153389,True,False,2016,0.6609968,0.0,0.26757455,True,,,0.61409163,0.09730192,0.037741978,0.04,-0.0,0.17504391,-0.005,-0.027304737,0.7568309
cand_011438,2025,Sales,Entry,UK,40-49,41,BS,3,2005,3.8+,19.470312,18.829353,8,2.7108982,5,0,Senior Engineering Manager,201-1000,5.2978196,30,26,2,0,2,True,True,True,False,True,True,True,False,True,False,False,True,True,4,0,3,True,False,False,False,0,453,25,5,0.95486826,0.89184314,214018,False,False,2006,0.626807,0.2189346,0.31627145,True,,,0.6925725,0.09305538,0.04239472,0.032,-0.02,0.1474501,-0.015,0.008582749,0.83360535
cand_004469,2025,IT,Senior,US-West,40-49,43,PhD,4,2003,unknown,21.669645,20.469654,5,0.5191342,18,1,Principal Engineer,11-50,1.8582362,4,14,3,1,1,True,True,True,True,False,True,False,False,False,True,True,True,False,5,1,2,False,True,False,False,0,737,36,3,0.86234593,0.64171517,251711,False,False,2003,0.6574692,0.063747086,0.00056565553,True,,,0.5981641,0.08952052,0.048004024,0.04,-0.01,0.16752453,-0.015,0.0020523905,0.752741
cand_009807,2025,Sales,Mid,Canada,50-59,52,PhD,5,1996,unknown,27.571083,22.640982,8,2.9636939,5,0,Engineering Manager,201-1000,10.018813,23,5,2,0,2,True,True,False,False,False,True,False,True,False,True,False,True,True,4,2,1,False,False,False,False,0,744,26,5,0.5821421,0.9790241,294279,True,False,1997,0.55226177,0.3465644,0.34576428,False,,,0.57955456,0.08396766,0.010724504,0.032,-0.0,0.12669218,-0.022,-0.03409155,0.6501552
cand_047767,2025,PM,Mid,India,40-49,48,BS,3,2000,unknown,23.43338,18.920546,7,2.8192046,19,2,Senior Engineering Manager,11-50,5.1784577,25,19,3,2,2,True,False,True,False,True,True,False,False,True,False,False,True,False,4,2,0,False,True,False,False,0,571,38,6,0.7358005,0.69063085,264598,False,False,2002,0.5713268,0.20535372,0.20890719,False,,,0.58165634,0.09287549,0.043108515,0.032,-0.02,0.14798401,-0.015,-0.00851182,0.70612854
cand_006748,2025,Data,Manager,India,30-39,37,None,3,2010,<3.0,15.726356,14.967886,3,2.186303,9,0,Principal Engineer,201-1000,3.8106925,10,35,2,2,1,True,True,True,False,False,True,False,True,True,False,False,True,False,5,1,2,False,False,False,True,0,689,17,2,0.858593,0.6795195,176639,True,False,2009,0.6642186,0.13432078,0.25506866,True,,,0.59841144,0.09864988,0.048983566,0.04,-0.01,0.17763345,-0.005,-0.023331795,0.7477131
cand_049184,2025,PM,Director,UK,30-39,32,BS,5,2015,unknown,7.1042275,5.395246,2,3.4691339,0,0,Senior Engineer,11-50,1.0653129,14,28,1,0,2,False,False,True,False,True,False,False,False,True,True,True,True,False,5,0,2,True,False,False,False,0,775,6,3,0.46207762,0.99474573,111724,False,True,2018,0.5924155,0.05995939,0.40473226,True,,,0.5286763,0.09348969,0.04448063,0.04,-0.0,0.17797032,-0.005,0.026689611,0.72833616
cand_017378,2025,SWE,Manager,Other,<30,28,HS,5,2019,3.0-3.4,1.9905204,1.5161914,0,2.768426,2,1,Junior Engineer,51-200,0.0,0,16,5,3,4,True,False,True,False,False,False,False,False,True,False,True,False,False,4,0,2,False,False,True,True,0,594,22,5,0.58802074,0.7220391,79688,True,False,2023,0.55593747,0.0,0.26298302,False,,,0.5302151,0.08439901,0.037741978,0.032,-0.0,0.154141,-0.0,0.015575911,0.699932
cand_036884,2025,Sales,Mid,UK,60+,64,Bootcamp,3,1984,<3.0,37.571587,33.602528,12,4.009703,8,1,Engineering Manager,11-50,11.623144,61,27,5,1,3,True,True,True,False,True,True,False,False,False,True,True,True,False,0,2,1,False,False,False,False,0,963,34,2,0.48428473,0.8258332,394751,True,False,1987,0.29019028,0.47069433,0.4077987,False,,,0.4966663,0.048667025,0.0048955,0.0,-0.0,0.053562526,-0.032,0.036917266,0.5551461
cand_013356,2025,Security,Senior,US-East,30-39,30,AA,4,2016,unknown,8.401687,7.130773,3,3.2344947,7,1,Staff Engineer,1-10,0.2399492,0,10,4,0,2,True,False,True,True,False,True,False,True,False,True,False,True,False,5,0,4,False,True,False,False,0,427,12,4,0.8719941,0.64734143,146570,False,True,2017,0.6685655,0.0071984758,0.31735772,True,,,0.6086662,0.09640727,0.039407816,0.04,-0.0,0.17581508,-0.005,-0.018230775,0.7612505
cand_032404,2025,Security,Director,US-West,<30,24,Bootcamp,4,2024,3.8+,0.0,0.0,0,0.5,8,0,Intern,51-200,0.0,4,16,2,2,3,True,False,False,False,True,True,False,False,True,False,True,False,False,6,0,1,False,True,False,True,0,609,5,4,0.78798395,0.7423249,50000,True,False,2025,0.7109301,0.008,0.058333334,True,,,0.5982593,0.08007374,0.037741978,0.048,-0.0,0.16581571,-0.0,0.050283108,0.8143582
cand_042454,2025,SRE,Director,UK,50-59,55,BS,1,1992,unknown,32.779766,30.848131,9,2.8776753,2,1,Engineering Manager,51-200,6.962667,52,14,5,1,0,True,False,True,False,False,True,True,True,True,False,True,False,True,2,3,1,False,True,True,False,0,724,20,2,0.77926934,0.63128066,347981,False,False,1992,0.4741872,0.31288,0.2757288,False,,,0.5610004,0.05779728,0.030609569,0.016,-0.0,0.10440685,-0.022,-0.012159846,0.6312474
cand_046065,2025,SWE,Entry,Canada,40-49,43,Bootcamp,4,2003,unknown,21.791527,18.003166,3,3.1645064,18,2,Principal Engineer,51-200,5.054818,22,7,2,0,1,True,True,True,False,True,True,False,False,True,True,False,True,False,5,0,0,False,False,True,False,0,761,39,2,0.5341412,0.95817345,246628,True,True,2003,0.5918282,0.19564456,0.24919239,False,,,0.5405841,0.0945904,0.04381941,0.04,-0.01,0.16840981,-0.015,-0.02119164,0.67280227
cand_011538,2025,IT,Entry,Canada,<30,26,BS,2,2021,unknown,2.3687334,2.1482067,0,1.8969972,1,0,Junior Engineer,1-10,0.369878,2,14,6,1,4,True,False,True,False,True,True,False,True,False,True,False,True,False,4,0,1,False,True,False,False,1,597,18,2,0.9624735,0.9419829,92631,False,False,2023,0.63166136,0.01509634,0.22131634,True,,,0.6872623,0.086089686,0.04027979,0.032,-0.0,0.15836948,-0.0,-0.050528016,0.7951038
cand_002008,2025,IT,Entry,UK,40-49,46,None,3,2000,3.0-3.4,23.388039,19.475887,4,3.1754167,5,0,Engineering Manager,201-1000,9.735876,49,46,3,1,2,False,True,True,False,True,True,True,True,True,False,False,True,False,3,1,1,False,False,False,False,0,461,27,3,0.5282567,0.8105541,266597,False,False,2002,0.48148468,0.39007628,0.37046528,False,,,0.5150007,0.091736645,0.012111399,0.024,-0.0,0.12784804,-0.015,0.024499573,0.65234834
cand_003221,2025,SRE,Mid,India,<30,29,BS,4,2018,3.8+,7.439225,6.8976445,1,2.9240882,12,0,Staff Engineer,201-1000,1.170966,7,5,1,0,2,False,True,True,False,True,False,False,True,False,False,True,True,False,5,0,3,False,True,False,False,0,681,36,6,0.5405657,0.9985841,141733,True,False,2018,0.5981132,0.04912898,0.34114364,True,,,0.5749148,0.096062034,0.04503682,0.04,-0.0,0.18109885,-0.0,0.0038881756,0.7599018
cand_044996,2025,Sales,Staff,US-Central,50-59,55,PhD,5,1991,<3.0,31.851791,31.423954,7,3.6971776,0,0,Staff Engineer,1-10,8.663067,26,46,6,0,1,True,True,True,False,False,False,False,False,False,False,False,True,False,2,3,1,False,True,False,False,0,630,45,4,0.46684274,0.66911924,349925,False,False,1993,0.41336855,0.311892,0.4313374,False,,,0.4712188,0.05586469,0.01835359,0.016,-0.0,0.09021828,-0.022,0.029118393,0.5685555
cand_018762,2025,Data,Senior,Other,30-39,30,PhD,4,2018,unknown,6.6087656,5.7915072,1,2.2633793,0,0,Senior Engineer,201-1000,2.8272853,18,33,3,2,0,True,True,False,False,False,True,False,False,True,False,False,False,False,4,0,1,False,True,False,False,0,657,49,3,0.86676735,0.7949387,129811,False,False,2018,0.6133535,0.120818555,0.2640609,True,,,0.6303563,0.0942251,0.049953412,0.032,-0.0,0.17617851,-0.005,0.0031481683,0.80468297
cand_014165,2025,IT,Entry,US-West,30-39,34,MS,5,2013,3.5-3.7,11.526655,11.00387,5,4.314384,0,1,Senior Engineer,11-50,2.2296865,8,22,5,0,3,True,False,True,False,False,True,False,False,True,True,False,False,False,4,0,3,False,True,False,False,0,350,21,4,0.9522115,0.872022,172430,False,True,2013,0.6304423,0.0828906,0.44334477,True,,,0.6816784,0.09984699,0.04908138,0.032,-0.0,0.18092838,-0.005,0.01591005,0.8735168
cand_040683,2025,IT,Senior,US-East,<30,26,AA,3,2022,unknown,2.9589593,2.3879151,0,1.3233991,12,0,Engineer,51-200,3.3627107,27,26,3,1,4,True,True,True,False,True,True,False,False,False,False,True,True,True,6,0,1,True,True,False,False,0,651,41,6,0.77979493,0.9371419,116664,False,False,2022,0.705959,0.15488133,0.15439655,True,,,0.6463566,0.08671178,0.04979486,0.048,-0.0,0.18450665,-0.0,-0.0074226153,0.8234406
cand_025080,2025,SRE,Manager,UK,<30,28,Bootcamp,3,2018,unknown,3.7545388,2.8526788,0,3.2289913,1,0,Engineer,11-50,0.0,2,25,1,0,3,True,True,True,False,False,True,False,False,True,True,True,True,False,4,0,1,False,True,False,False,0,498,25,2,0.76298356,0.67319924,114622,False,False,2021,0.5917634,0.004,0.37671563,False,,,0.5636841,0.08788635,0.037741978,0.032,-0.0,0.15762833,-0.0,-0.00012517872,0.72118723
cand_001822,2025,Data,Mid,US-East,30-39,34,AA,1,2012,unknown,11.224304,10.91243,3,1.5856504,0,1,Staff Engineer,1000+,0.0,0,19,5,0,2,False,False,True,False,True,True,False,False,True,False,False,True,False,5,0,3,False,True,False,True,0,720,29,5,0.70986116,0.6247371,160165,True,False,2014,0.64197224,0.0,0.12499255,False,,,0.55339885,0.099817626,0.037741978,0.04,-0.0,0.17755961,-0.005,-0.0074167103,0.71854174
cand_044661,2025,Security,Staff,US-East,50-59,58,BS,3,1990,unknown,32.60136,28.530716,10,3.256429,0,0,Senior Engineering Manager,51-200,9.261197,51,26,8,1,2,True,True,True,False,True,True,False,False,True,False,False,True,False,1,3,1,True,False,True,False,0,687,16,4,0.78303194,0.7653658,331286,False,True,1992,0.41660637,0.3798359,0.3799167,False,,,0.6011343,0.06559279,0.014686698,0.008,-0.02,0.06827949,-0.022,0.0032796047,0.6506934
cand_006848,2025,Data,Manager,US-East,40-49,43,MS,3,2005,unknown,18.666576,18.222363,4,2.879951,0,1,Engineering Manager,51-200,5.6134925,22,30,2,0,3,True,False,True,True,True,True,True,False,True,False,False,True,False,1,0,3,False,True,True,False,0,462,9,5,0.63768154,0.9735272,211921,False,False,2006,0.3875363,0.21240479,0.27599427,False,,,0.59789395,0.09420004,0.040389698,0.008,-0.0,0.14258973,-0.015,-0.015456254,0.71002746
cand_012635,2025,Security,Senior,India,40-49,42,BS,2,2006,unknown,16.256886,15.751084,2,1.8117838,6,0,Principal Engineer,51-200,2.3393013,12,12,2,2,3,True,True,True,True,True,False,False,False,False,False,True,True,False,5,1,2,False,True,False,False,0,575,17,4,0.69879806,0.7221756,216738,False,False,2009,0.6347596,0.09417905,0.21137476,False,,,0.5630144,0.097852014,0.049322564,0.04,-0.01,0.17717458,-0.015,-0.049151145,0.67603785
cand_037668,2025,SWE,Mid,Canada,<30,26,AA,4,2021,3.5-3.7,2.2032428,2.0641453,1,2.157152,9,1,Junior Engineer,11-50,0.0,0,21,1,0,2,True,True,True,True,True,True,False,False,True,True,False,True,False,6,0,1,False,False,True,False,0,414,14,5,0.6986048,0.64605266,86567,False,False,2023,0.692221,0.0,0.1916677,False,,,0.5537222,0.08586898,0.037741978,0.048,-0.0,0.17161095,-0.0,-0.06053583,0.6647973
cand_006095,2025,Security,Entry,Canada,30-39,38,MS,3,2009,3.8+,14.690978,12.198839,2,3.2115445,3,0,Principal Engineer,1-10,3.0048873,17,16,3,0,3,True,False,True,True,False,True,False,True,True,False,False,False,False,4,2,2,False,False,True,False,0,876,15,6,0.6478627,0.90825975,193992,False,False,2010,0.5670725,0.124146625,0.37468016,True,,,0.59440386,0.09999391,0.049999963,0.032,-0.01,0.17199387,-0.005,-0.017040282,0.74435747
cand_039248,2025,PM,Manager,US-East,30-39,39,Bootcamp,5,2009,3.8+,14.321838,14.222711,4,2.2328675,0,1,Engineering Manager,1000+,3.2868295,23,22,3,1,1,True,True,True,True,False,False,False,False,False,False,False,True,False,4,1,1,False,False,False,False,0,250,10,4,0.96243984,0.98263425,182998,True,False,2011,0.63248795,0.14460489,0.2005012,True,,,0.7073808,0.0992405,0.049871612,0.032,-0.0,0.18111211,-0.005,-0.0013919101,0.882101
cand_010577,2025,Data,Mid,US-East,40-49,44,MS,3,2003,<3.0,20.32475,16.946915,3,3.408784,7,0,Staff Engineer,11-50,5.138373,29,18,7,0,3,True,False,False,False,False,False,False,False,True,False,False,True,False,3,1,2,False,False,False,False,0,577,44,6,0.85947263,0.84182733,207355,False,False,2005,0.5460612,0.21215118,0.39769146,True,,,0.65518093,0.09629389,0.04334226,0.024,-0.0,0.16363615,-0.015,-0.06299431,0.7408228
cand_031074,2025,IT,Manager,India,60+,64,MS,1,1983,unknown,39.788044,37.371548,16,4.558882,0,2,Senior Engineering Manager,51-200,11.885348,63,19,1,1,2,True,True,True,True,True,False,False,True,False,True,True,True,True,1,3,1,False,False,True,False,0,804,29,4,0.94744056,0.95093036,381367,False,False,1985,0.4494881,0.48256046,0.4118696,False,,,0.6957903,0.03703199,0.004241232,0.008,-0.02,0.029273223,-0.032,-0.05031158,0.64275193
cand_029112,2025,IT,Senior,Canada,30-39,32,AA,3,2014,unknown,8.269609,7.8566446,1,3.136888,2,0,Senior Engineer,1-10,0.8678229,2,20,5,2,3,True,True,True,False,False,True,False,False,False,False,False,True,False,5,0,2,False,True,False,False,0,788,37,3,0.58251554,0.8109574,159113,False,False,2017,0.61483645,0.03003469,0.36597028,False,,,0.5340719,0.097385496,0.04337811,0.04,-0.0,0.1807636,-0.005,-0.030539265,0.67929626
cand_010192,2025,SWE,Manager,US-West,30-39,37,Bootcamp,1,2010,3.5-3.7,13.758076,13.013319,3,1.0896001,0,1,Staff Engineer,201-1000,1.5338999,11,21,1,1,4,True,False,True,True,True,True,False,False,True,False,False,True,False,2,1,0,False,True,False,False,0,779,8,2,0.4546454,0.6369192,169985,False,False,2011,0.41092908,0.068017,0.067120016,False,,,0.44850972,0.09984167,0.0467518,0.016,-0.0,0.16259347,-0.005,-0.0007214074,0.6053818
cand_000314,2025,SRE,Manager,US-East,<30,28,BS,1,2020,unknown,3.883175,3.4877949,1,2.048232,0,0,Engineer,51-200,0.0,5,28,5,1,1,True,True,False,False,True,False,True,True,True,True,False,True,False,3,0,2,False,True,True,False,0,767,20,2,0.6811401,0.76276314,122097,False,False,2021,0.516228,0.010000001,0.2389604,False,,,0.5529517,0.08942076,0.037741978,0.024,-0.0,0.15116274,-0.0,0.012702993,0.71681744
cand_011449,2025,IT,Staff,US-Central,<30,26,BS,3,2022,unknown,2.9387043,2.6142614,1,2.2157288,3,0,Engineer,1-10,0.0,1,5,1,0,2,True,True,True,True,False,False,False,False,True,False,True,True,False,4,0,0,False,True,True,False,0,782,25,3,0.4553435,0.92065775,74757,True,False,2022,0.5285687,0.002,0.25850168,False,,,0.5115018,0.0872891,0.037741978,0.032,-0.0,0.15703109,-0.0,0.012265119,0.680798
cand_030745,2025,Sales,Director,UK,30-39,36,AA,1,2011,3.5-3.7,11.628294,9.636954,4,4.121465,0,0,Senior Engineer,11-50,1.5801567,9,39,1,2,3,True,False,True,True,True,True,True,False,False,False,False,True,False,4,0,1,False,True,False,False,0,570,39,0,0.4898462,0.6958558,142221,True,True,2013,0.53796923,0.065404706,0.4808376,False,,,0.46061733,0.09914198,0.046947245,0.032,-0.0,0.17808923,-0.005,0.041463535,0.6751701
cand_029702,2025,SWE,Senior,US-East,30-39,33,MS,1,2015,3.0-3.4,8.468982,8.257683,4,3.1688108,0,0,Senior Engineer,1000+,0.0,5,46,1,2,4,True,False,False,True,False,False,False,False,True,True,False,True,True,5,0,0,False,False,False,False,1,692,16,5,0.6681007,0.9434808,127328,False,False,2017,0.63362014,0.010000001,0.3696946,True,,,0.60253143,0.09786194,0.037741978,0.04,-0.0,0.17560393,-0.005,0.027027829,0.8001632
cand_027658,2025,SWE,Director,India,30-39,30,PhD,3,2018,unknown,7.5596085,6.606915,3,1.908234,0,0,Staff Engineer,11-50,0.0,1,20,1,1,1,True,True,True,False,False,True,False,True,True,False,False,True,False,5,0,1,True,True,False,False,0,692,47,3,0.76986563,0.8244147,141403,False,False,2017,0.6539731,0.002,0.2226273,True,,,0.60233593,0.09561076,0.037741978,0.04,-0.0,0.17335275,-0.005,0.020496197,0.79118484
cand_023685,2025,Security,Entry,US-East,30-39,30,PhD,1,2016,3.0-3.4,5.203649,4.687273,1,1.9777749,5,0,Engineer,1-10,0.0,0,22,7,1,1,True,False,True,False,False,False,False,False,True,False,True,False,False,6,0,1,False,False,False,False,0,466,31,5,0.87182873,0.75618166,128469,False,False,2020,0.7301991,0.0,0.2307404,True,,,0.6363764,0.09207887,0.037741978,0.048,-0.0,0.17782086,-0.005,0.008889585,0.8180868
cand_028375,2025,PM,Senior,India,<30,22,HS,2,2025,3.0-3.4,0.0,0.0,0,2.3462746,0,0,Intern,201-1000,1.7160053,6,29,4,2,0,True,False,True,False,False,False,True,False,True,True,False,True,False,5,0,0,False,True,False,False,0,547,26,5,0.8832986,0.6178372,68575,False,True,2025,0.6766597,0.06348016,0.27373204,True,,,0.6127219,0.08007374,0.047489226,0.04,-0.0,0.16756296,-0.0,0.05021409,0.830499
cand_003085,2025,Data,Staff,Canada,50-59,54,MS,4,1993,3.0-3.4,30.577162,22.98305,8,2.3208017,1,1,Principal Engineer,51-200,4.1877856,28,32,7,0,0,True,True,False,True,False,True,True,False,True,False,False,True,False,6,3,2,False,False,False,True,0,476,38,4,0.86442244,0.72592205,303908,False,False,1994,0.73205113,0.18163359,0.2107602,True,,,0.62173223,0.08301463,0.04784346,0.048,-0.01,0.1688581,-0.022,-0.0073854066,0.7612049
cand_049371,2025,PM,Manager,US-West,50-59,56,HS,3,1990,unknown,31.522617,28.324253,12,2.9316943,0,0,Senior Engineering Manager,1000+,8.753781,25,23,4,2,2,True,False,False,False,True,True,False,True,False,False,True,True,True,2,1,0,False,False,True,True,0,440,52,2,0.5061239,0.6627925,330410,False,False,1993,0.42122477,0.31261346,0.342031,False,,,0.47170186,0.06628302,0.017769089,0.016,-0.02,0.08005211,-0.022,-0.020871075,0.5088829
cand_003751,2025,IT,Manager,US-Central,<30,28,None,1,2020,unknown,4.460026,3.594653,0,2.7375498,3,0,Engineer,1-10,0.83648616,6,36,4,1,3,False,True,True,False,True,True,False,False,True,True,True,True,True,4,0,1,False,False,False,True,0,722,37,3,0.47402406,0.7340495,118102,True,False,2021,0.5323048,0.037094586,0.3193808,False,,,0.48071834,0.089670576,0.043196015,0.032,-0.0,0.1648666,-0.0,0.01947756,0.6650625
cand_005048,2025,Data,Staff,Canada,<30,27,AA,2,2020,3.0-3.4,3.9994144,3.5678227,2,4.0494695,13,2,Engineer,51-200,0.0,0,22,5,0,0,True,False,False,False,True,True,False,False,True,False,True,True,False,4,1,2,True,True,False,False,0,605,23,3,0.66358066,0.6847455,134458,True,False,2021,0.5618828,0.0,0.3524381,False,,,0.53720236,0.08960808,0.037741978,0.032,-0.0,0.15935007,-0.0,-0.0020474542,0.6945049
cand_029186,2025,SRE,Director,Other,30-39,37,AA,4,2009,unknown,13.935054,11.25412,4,1.4611285,10,0,Principal Engineer,1-10,5.4598775,31,9,5,1,0,True,True,False,False,True,True,False,False,True,False,True,False,False,3,0,0,False,True,False,False,0,749,22,5,0.96067786,0.8352879,202613,True,False,2011,0.56380224,0.22579633,0.17046498,True,,,0.6832948,0.099914186,0.04138545,0.024,-0.01,0.15529963,-0.005,0.04714531,0.88073975
cand_030708,2025,SWE,Director,US-West,40-49,45,HS,4,2001,unknown,22.855202,20.737228,7,2.2779684,2,0,Staff Engineer,1000+,7.199559,41,22,3,2,3,True,True,True,True,True,False,True,False,True,False,False,True,True,2,1,1,False,True,False,True,1,636,5,2,0.5772787,0.9348435,255807,True,False,2002,0.43378907,0.2979868,0.26576298,False,,,0.5510162,0.08888673,0.028814787,0.016,-0.0,0.13370152,-0.015,-0.011312675,0.65840507
cand_020146,2025,Data,Mid,EU,<30,24,PhD,4,2024,unknown,1.7622497,1.4878335,2,0.5,0,0,Engineer,51-200,0.92752665,4,18,2,2,2,True,True,True,False,True,True,False,True,True,True,True,True,False,5,0,3,False,True,True,False,0,951,16,4,0.6220462,0.8201113,80786,False,True,2023,0.62440926,0.0358258,0.058333334,True,,,0.55573845,0.08432149,0.04371974,0.04,-0.0,0.16804123,-0.0,0.033079408,0.75685906
cand_032249,2025,Security,Entry,US-Central,<30,23,PhD,3,2024,unknown,0.0,0.0,0,1.0015415,0,1,Intern,11-50,0.0,1,33,1,1,0,True,False,True,False,True,False,False,True,True,True,True,False,True,4,0,1,True,True,False,False,0,644,36,1,0.9549959,0.6945856,78822,False,False,2025,0.6309992,0.002,0.056846507,True,,,0.6291657,0.08007374,0.037741978,0.032,-0.0,0.14981572,-0.0,0.041941747,0.8209232
cand_004969,2025,IT,Mid,US-East,30-39,32,PhD,1,2016,unknown,7.096252,5.3666916,2,2.659492,0,0,Senior Engineer,201-1000,0.0,3,48,1,0,3,False,True,False,False,True,False,True,False,False,False,True,True,False,6,0,1,False,True,False,False,0,733,40,4,0.9731731,0.8102105,120197,False,False,2018,0.7546346,0.006,0.31027406,True,,,0.67665267,0.09343516,0.037741978,0.048,-0.0,0.17917714,-0.005,-0.015080083,0.83574975
cand_030525,2025,PM,Manager,Canada,30-39,37,MS,1,2010,unknown,13.412946,10.553072,4,1.562588,0,2,Staff Engineer,11-50,3.740735,11,11,1,0,1,True,False,True,False,False,True,False,False,False,True,True,True,False,4,0,1,True,False,False,False,0,544,8,2,0.90315473,0.9127018,182227,True,False,2012,0.620631,0.13422206,0.06230192,True,,,0.66064453,0.099677436,0.049149983,0.032,-0.0,0.18082742,-0.005,0.02256199,0.85903394
cand_018494,2025,Sales,Mid,Canada,40-49,43,Bootcamp,5,2004,<3.0,21.78696,20.489555,6,2.1878326,0,0,Engineering Manager,201-1000,2.9587238,15,34,5,2,2,True,True,False,False,True,True,False,False,True,False,True,True,True,5,2,1,False,True,True,False,0,397,19,4,0.7122188,0.85126936,204878,False,True,2003,0.6424438,0.11876172,0.25524715,True,,,0.5935304,0.08947391,0.04999734,0.04,-0.0,0.17947125,-0.015,0.011005356,0.769007
cand_038064,2025,Sales,Director,Canada,<30,29,PhD,3,2017,unknown,6.728296,5.931647,2,2.626121,9,0,Engineer,51-200,0.0,2,33,4,0,1,True,False,False,False,False,False,True,False,True,True,False,True,False,4,0,1,True,False,False,True,0,760,31,3,0.63898075,0.84222865,133596,False,False,2018,0.5602962,0.004,0.30638078,False,,,0.560089,0.0944756,0.037741978,0.032,-0.0,0.16421758,-0.0,-0.02404768,0.7002589
cand_041836,2025,Security,Mid,Other,30-39,33,MS,1,2013,unknown,10.442667,8.80549,3,3.5932226,10,0,Senior Engineer,11-50,2.787364,24,28,5,3,2,False,True,True,False,False,True,False,False,True,False,True,False,False,3,1,0,False,False,True,True,0,556,39,4,0.6816727,0.84582806,140868,False,True,2015,0.5080012,0.13162093,0.4192093,True,,,0.58175105,0.09843751,0.049929403,0.024,-0.0,0.17236692,-0.005,0.011204982,0.7603229
cand_032752,2025,PM,Manager,India,<30,24,None,4,2022,3.0-3.4,2.0638776,1.7346977,0,2.1787598,8,0,Junior Engineer,11-50,0.0,0,11,2,0,1,False,True,True,False,False,True,False,False,True,True,True,False,False,5,0,1,False,True,False,False,0,615,23,2,0.7468157,0.89197063,88964,False,True,2023,0.6426965,0.0,0.25418863,True,,,0.6017796,0.08499159,0.037741978,0.04,-0.0,0.16273355,-0.0,-0.036716808,0.7277963
cand_020073,2025,Sales,Senior,Canada,40-49,45,Bootcamp,1,2003,unknown,19.2086,15.460578,6,3.2578895,0,0,Principal Engineer,51-200,3.6841044,11,5,3,1,0,True,True,False,True,False,True,False,False,True,False,True,True,False,5,1,2,False,True,False,False,1,721,38,3,0.5234688,0.7115067,214332,True,False,2006,0.6046938,0.13252313,0.38008708,False,,,0.49351543,0.09816889,0.04927407,0.04,-0.01,0.17744295,-0.015,-0.007428689,0.6485297
cand_026273,2025,SWE,Director,US-West,30-39,32,BS,4,2014,unknown,10.71521,10.560157,2,2.1082346,0,1,Staff Engineer,51-200,1.7902371,3,15,2,2,2,True,True,True,True,True,False,False,False,False,False,True,True,True,7,1,2,False,True,False,False,0,751,42,0,0.5346959,0.92468345,150167,True,True,2014,0.7269392,0.059707116,0.18596071,True,,,0.5220803,0.09968058,0.047764745,0.055999998,-0.0,0.20344532,-0.005,0.0074126944,0.7279383
cand_013649,2025,Security,Staff,Other,30-39,33,AA,5,2013,3.0-3.4,11.349424,9.451389,4,2.2611217,7,3,Senior Engineer,11-50,1.3724153,10,21,4,1,2,True,False,True,False,True,True,False,False,False,False,True,False,False,3,0,0,False,True,True,False,0,813,38,7,0.7083928,0.722853,153964,False,False,2014,0.51584524,0.061172463,0.083797514,True,,,0.58450806,0.09900263,0.04602758,0.024,-0.0,0.1690302,-0.005,0.012303823,0.7608421
cand_025533,2025,SWE,Manager,Other,60+,64,Bootcamp,1,1984,unknown,40.79145,35.19261,12,3.5918946,0,1,Senior Engineering Manager,51-200,12.0,58,14,4,0,1,True,True,False,False,True,False,False,False,True,False,True,False,False,3,4,2,False,False,False,True,0,777,38,3,0.5443418,0.69780016,387233,False,False,1984,0.48886836,0.476,0.35905436,False,,,0.4980797,0.043601077,0.0039779753,0.024,-0.02,0.051579054,-0.032,-0.011321259,0.50633746
cand_017521,2025,Security,Entry,UK,<30,28,None,3,2019,3.5-3.7,5.3886576,5.1116347,1,2.262908,4,1,Engineer,11-50,0.0,0,31,2,1,2,True,True,False,False,True,False,False,False,True,False,True,True,True,6,0,2,False,True,False,True,0,406,13,4,0.82401574,0.8120312,102309,True,False,2020,0.7214698,0.0,0.20400593,True,,,0.62481177,0.092939205,0.037741978,0.048,-0.0,0.1786812,-0.0,-0.009403493,0.7940895
cand_025480,2025,IT,Entry,India,50-59,54,MS,1,1993,unknown,30.350632,26.690441,6,4.094617,0,0,Director,51-200,10.791332,35,31,5,1,3,True,True,False,False,True,False,False,False,True,False,False,True,False,6,2,1,True,False,False,False,0,544,11,5,0.7996116,0.9982363,310188,True,False,1995,0.7199223,0.39374,0.4777053,True,,,0.6595113,0.07167425,0.0075006993,0.048,-0.03,0.09717494,-0.022,0.031021064,0.7657073
cand_048234,2025,Sales,Senior,US-East,40-49,43,None,3,2004,unknown,20.230425,19.283463,3,1.97356,7,0,Senior Engineering Manager,11-50,4.4074,21,8,3,1,0,False,True,False,False,False,False,False,True,True,False,False,True,False,6,1,2,False,True,False,False,0,652,44,4,0.73285836,0.9757305,250858,False,False,2005,0.7007384,0.174222,0.23024866,False,,,0.6256465,0.09213959,0.046998885,0.048,-0.02,0.16713847,-0.015,-0.059010025,0.7187749
cand_048787,2025,Sales,Manager,US-East,50-59,50,BS,5,1997,3.8+,26.975609,20.282227,7,4.0193353,10,1,Engineering Manager,1-10,6.912622,48,21,1,1,2,True,False,True,False,False,True,True,False,True,True,False,True,False,3,1,0,False,True,True,False,0,907,25,1,0.8310384,0.67332166,287119,True,False,1998,0.53787434,0.30337867,0.40892243,False,,,0.5815278,0.08995534,0.030988896,0.024,-0.0,0.14494424,-0.022,-0.03153006,0.672942
cand_032389,2025,PM,Manager,Other,40-49,42,AA,1,2004,3.0-3.4,21.739567,18.920454,9,2.6397364,0,0,Principal Engineer,1000+,5.34402,17,27,7,2,2,True,False,False,True,False,True,False,False,True,False,True,False,False,3,0,1,False,False,True,True,0,808,37,1,0.9052066,0.73810047,206375,True,False,2003,0.56104136,0.19432062,0.30796924,False,,,0.62044245,0.09287568,0.042111553,0.024,-0.01,0.14898723,-0.015,-0.034619164,0.71981055
cand_005086,2025,IT,Staff,US-West,40-49,42,PhD,1,2005,unknown,18.468462,14.496658,4,2.0828536,8,1,Senior Engineering Manager,1-10,6.6449313,44,10,1,0,0,False,False,True,False,True,False,False,False,True,False,False,True,True,4,0,0,False,True,False,False,0,800,6,2,0.8933817,0.71267533,237719,True,True,2007,0.6120097,0.28734797,0.18299957,True,,,0.6172187,0.099042684,0.033011317,0.032,-0.02,0.14405401,-0.015,-0.0055431067,0.7407296
cand_017252,2025,IT,Mid,US-Central,30-39,32,PhD,1,2015,unknown,8.396185,6.8399935,1,0.76163685,2,2,Senior Engineer,51-200,2.2549882,18,8,7,3,2,True,False,True,False,False,True,False,False,False,True,True,True,False,1,0,1,False,False,False,True,0,579,20,5,0.91750306,0.8002739,164300,False,False,2017,0.44183394,0.103649646,-0.031142376,True,,,0.66118085,0.09597437,0.049140222,0.008,-0.0,0.1531146,-0.005,-0.037715465,0.77158
cand_004039,2025,Data,Staff,EU,<30,29,Bootcamp,4,2018,3.0-3.4,6.5662985,5.143325,0,1.2336826,12,0,Engineer,201-1000,0.0,3,39,6,2,2,False,True,True,False,True,True,False,False,True,False,False,True,False,5,0,2,True,False,False,True,0,797,16,2,0.57703507,0.7927161,130230,True,True,2018,0.605407,0.006,0.14392965,False,,,0.5225055,0.09300169,0.037741978,0.04,-0.0,0.17074367,-0.0,0.019422725,0.71267194
cand_018386,2025,Security,Senior,EU,40-49,45,AA,4,2002,3.8+,23.749115,21.261908,8,2.2642684,0,0,Senior Engineering Manager,51-200,5.89298,44,13,1,1,2,True,False,False,True,False,True,False,False,False,False,True,True,False,4,0,0,False,False,False,False,0,704,29,6,0.79808503,0.7148599,269722,False,False,2001,0.599617,0.2647894,0.26416466,False,,,0.60830176,0.08760071,0.038493186,0.032,-0.02,0.1380939,-0.015,-0.015805496,0.7155902
cand_004246,2025,SRE,Senior,UK,40-49,47,None,5,1999,unknown,23.856754,18.105976,9,2.0764525,0,0,Engineering Manager,11-50,7.5952244,39,24,1,2,2,False,True,False,True,True,True,True,False,True,False,True,True,False,5,1,2,False,False,False,False,0,578,42,4,0.8145809,0.7670702,253222,True,False,2001,0.6629162,0.30585673,0.24225278,True,,,0.61251736,0.094408855,0.025845727,0.04,-0.0,0.16025458,-0.015,-0.019481339,0.7382906
cand_018627,2025,PM,Mid,EU,<30,25,None,5,2022,unknown,1.5805651,1.48535,1,2.9274764,20,1,Junior Engineer,11-50,0.0,0,5,4,2,0,True,False,True,False,True,True,False,True,False,True,True,True,False,3,1,2,True,True,True,False,0,200,24,3,0.7021236,0.72841686,74712,True,False,2023,0.5037581,0.0,0.2815389,False,,,0.55942667,0.0843147,0.037741978,0.024,-0.0,0.14605668,-0.0,-0.002468483,0.70301485
cand_000879,2025,Security,Staff,EU,40-49,40,Bootcamp,5,2006,3.5-3.7,16.050594,13.611748,4,1.4525348,0,0,Staff Engineer,51-200,1.3999454,13,37,6,0,3,True,False,False,False,True,True,True,False,True,False,False,False,False,2,0,1,False,True,False,False,0,703,29,5,0.7209154,0.7206315,219970,False,False,2009,0.4641831,0.06799836,0.1694624,False,,,0.57644665,0.09959992,0.04615557,0.016,-0.0,0.16175549,-0.015,-0.06819286,0.6550093
cand_023298,2025,Data,Staff,EU,40-49,43,HS,2,2004,3.0-3.4,18.901972,17.092567,6,2.4951034,7,0,Principal Engineer,11-50,5.012566,10,9,4,1,2,True,True,False,False,True,False,False,False,True,True,True,True,False,5,0,0,False,True,False,False,0,672,23,6,0.68608046,0.9918425,236462,False,False,2006,0.63138276,0.17037697,0.29109538,True,,,0.6244967,0.09607684,0.04405537,0.04,-0.01,0.1701322,-0.015,0.038212962,0.8178419
cand_029752,2025,SRE,Director,US-Central,40-49,45,MS,1,2001,unknown,22.78016,19.705473,3,3.5896013,12,0,Engineering Manager,51-200,4.8236046,26,19,8,1,2,False,True,True,False,True,False,False,True,True,True,True,True,False,4,2,0,False,True,False,False,0,589,30,3,0.7767638,0.77660483,268054,True,False,2002,0.5853528,0.19670814,0.41878682,True,,,0.5951883,0.09124454,0.045064736,0.032,-0.0,0.16830929,-0.015,0.023409696,0.7719073
cand_030172,2025,IT,Entry,UK,40-49,48,AA,3,1998,unknown,25.14939,19.7438,8,3.6839592,4,0,Principal Engineer,51-200,6.2232866,17,37,6,0,4,False,False,False,False,True,True,False,False,False,False,False,False,False,4,2,0,False,False,False,True,0,537,39,4,0.88351995,0.7907136,275436,False,False,2000,0.61337066,0.2206986,0.42979527,True,,,0.6413747,0.0911612,0.036138132,0.032,-0.01,0.14929934,-0.015,-0.0017994215,0.77387464
cand_028559,2025,Data,Manager,UK,<30,24,Bootcamp,2,2024,3.0-3.4,0.59155196,0.47830978,0,1.1498088,0,0,Intern,201-1000,0.36939326,2,22,4,2,2,True,True,False,False,True,True,False,False,True,False,True,True,False,4,0,3,False,False,True,False,0,648,33,8,0.92456925,0.95933574,82114,True,True,2024,0.6249139,0.015081799,0.13414435,True,,,0.7134664,0.08147614,0.04027658,0.032,-0.0,0.15375271,-0.0,0.0049309367,0.87215
cand_018863,2025,SRE,Manager,US-East,<30,23,PhD,1,2024,unknown,1.3961452,1.2627832,0,1.7696958,8,0,Junior Engineer,1000+,0.0,0,31,4,1,0,True,False,True,False,False,False,False,False,False,False,False,True,False,5,0,2,False,False,False,True,0,649,27,5,0.6925341,0.63887584,75487,False,False,2024,0.63184017,0.0,0.2064645,True,,,0.5501621,0.08370149,0.037741978,0.04,-0.0,0.16144347,-0.0,0.026192194,0.73779774
cand_043343,2025,PM,Staff,Other,50-59,56,HS,3,1992,3.5-3.7,32.336914,28.674776,14,2.931295,9,0,Senior Engineering Manager,201-1000,8.445196,58,8,6,0,4,False,False,False,True,False,True,True,False,False,False,False,False,False,3,3,1,True,False,False,False,1,936,20,5,0.85925597,0.8575766,307251,False,True,1993,0.5443512,0.3693559,0.3419844,False,,,0.65225494,0.06511035,0.019795517,0.024,-0.02,0.08890587,-0.022,-0.03049761,0.6886632
cand_034210,2025,IT,Manager,US-Central,40-49,43,HS,2,2003,unknown,20.759554,15.998329,4,2.5514555,0,1,Engineering Manager,1000+,2.0984251,11,25,2,0,2,True,False,True,False,False,True,False,False,False,True,False,True,True,4,2,1,False,False,False,False,0,856,37,5,0.7516587,0.65246385,205433,False,False,2004,0.59033173,0.08495276,0.2376698,True,,,0.57357335,0.09756311,0.048745934,0.032,-0.0,0.17830905,-0.015,-0.0030871632,0.7337953
cand_026083,2025,PM,Entry,India,40-49,41,MS,2,2006,unknown,16.56134,15.429871,4,3.620635,0,0,Engineering Manager,51-200,6.607747,42,25,4,1,2,False,False,True,True,False,False,False,False,True,False,False,False,False,3,0,2,True,False,True,True,0,454,21,3,0.94576955,0.8061733,227451,False,False,2008,0.5691539,0.28223243,0.4224074,True,,,0.660254,0.09820094,0.033290695,0.024,-0.0,0.15549164,-0.015,0.024415424,0.8251611
cand_001941,2025,SRE,Mid,US-West,<30,24,HS,3,2023,3.8+,2.1232188,1.9024013,0,3.2555993,17,1,Junior Engineer,1000+,0.0,0,33,4,0,4,False,False,False,False,True,True,False,False,True,True,False,True,False,5,0,1,False,True,True,True,0,668,30,3,0.48616314,0.87446916,79777,True,False,2023,0.583066,0.0,0.3198199,False,,,0.5130509,0.08544067,0.037741978,0.04,-0.0,0.16318265,-0.0,0.006110913,0.68234444
cand_022225,2025,SWE,Staff,US-East,50-59,58,Bootcamp,2,1988,unknown,37.915688,28.730902,9,4.0353913,3,0,Principal Engineer,11-50,12.0,26,12,2,2,0,True,True,False,False,False,True,False,True,False,False,True,True,False,2,1,1,False,False,False,False,0,403,24,4,0.51576704,0.81594145,330109,True,False,1987,0.4206534,0.412,0.47079566,False,,,0.51770675,0.064922236,0.0039779753,0.016,-0.01,0.07490022,-0.022,0.0033930282,0.574
cand_044691,2025,IT,Mid,India,50-59,54,HS,5,1992,<3.0,31.610594,24.347853,10,3.0643315,5,2,Senior Engineering Manager,201-1000,9.450839,38,6,1,3,2,True,False,False,False,True,True,False,False,True,False,False,False,False,6,5,1,False,True,False,True,0,782,32,6,0.57583064,0.77154136,318542,True,False,1993,0.67099947,0.3595252,0.23750535,False,,,0.541849,0.07903397,0.013620918,0.048,-0.02,0.120654896,-0.022,0.0629094,0.7034133
cand_043239,2025,Data,Entry,US-West,<30,29,Bootcamp,2,2018,unknown,4.930509,4.450037,2,3.4698849,7,0,Engineer,11-50,0.0,1,18,3,0,3,True,False,True,False,False,False,False,False,True,False,False,True,True,6,0,1,False,True,False,True,0,684,13,2,0.58689296,0.66815215,106166,False,False,2020,0.67154527,0.002,0.40481988,False,,,0.50104296,0.09157921,0.037741978,0.048,-0.0,0.1773212,-0.0,0.007835906,0.6862001
cand_023859,2025,IT,Director,UK,30-39,33,AA,3,2015,unknown,7.6011367,7.35336,2,2.3448012,1,0,Senior Engineer,11-50,0.548073,7,9,7,2,2,True,True,True,True,False,True,False,True,True,False,True,True,False,3,0,2,False,False,False,False,0,718,9,7,0.9584232,0.9653234,134712,True,False,2017,0.5708513,0.030442191,0.27356014,True,,,0.72051275,0.09672292,0.041435983,0.024,-0.0,0.1621589,-0.005,0.018654713,0.89632636
cand_014158,2025,SRE,Senior,Canada,60+,66,BS,5,1980,<3.0,45.36217,42.970284,16,0.8554756,0,2,Principal Engineer,51-200,12.0,52,10,2,1,0,False,True,False,False,False,False,False,False,True,True,False,True,False,1,4,0,True,False,False,True,0,511,35,3,0.92620754,0.69449383,446684,True,False,1980,0.4452415,0.46400002,-0.020194516,False,,,0.63107145,0.022759609,0.0039779753,0.008,-0.01,0.024737583,-0.032,-0.006818958,0.6169901
cand_033875,2025,Security,Staff,US-West,50-59,53,None,5,1995,3.0-3.4,29.768158,26.657404,8,0.5,13,3,Senior Engineering Manager,201-1000,8.310652,26,32,2,3,1,True,False,True,False,True,False,True,False,True,True,True,False,True,5,2,1,False,False,True,False,1,200,31,5,0.8127671,0.71809703,299602,False,False,1995,0.6517201,0.30131957,-0.12166667,True,,,0.6080879,0.07178157,0.020711284,0.04,-0.02,0.112492844,-0.022,0.029547248,0.728128
cand_048104,2025,SWE,Director,US-Central,40-49,41,PhD,4,2006,3.8+,19.05351,16.610935,3,2.0249465,14,1,Principal Engineer,1000+,4.1003866,35,15,4,1,1,True,False,False,False,True,True,False,True,False,False,True,False,True,5,1,0,True,True,True,False,0,718,30,6,0.92657024,0.98837525,218899,False,False,2006,0.6736474,0.1930116,0.17624374,True,,,0.7079747,0.09677226,0.048143394,0.04,-0.01,0.17491566,-0.015,-0.07301089,0.79487944
cand_023449,2025,SWE,Director,US-West,40-49,40,Bootcamp,3,2008,3.0-3.4,15.541173,13.279792,4,2.0525677,3,1,Staff Engineer,51-200,4.8044553,18,27,3,0,0,True,False,True,False,True,True,False,False,True,True,True,True,False,2,2,0,False,True,False,False,0,522,53,6,0.47875467,0.9049142,168705,False,False,2009,0.41325092,0.18013367,0.17946623,False,,,0.534547,0.09974756,0.045162685,0.016,-0.0,0.16091025,-0.015,-0.056627687,0.62382954
cand_006623,2025,Sales,Manager,US-Central,30-39,35,MS,5,2012,unknown,11.788687,11.265573,2,2.638333,7,0,Senior Engineer,201-1000,3.1962554,8,28,4,0,2,True,False,False,True,False,True,True,True,True,False,False,True,False,1,1,0,False,True,False,False,0,559,44,4,0.4815392,0.710185,175689,False,False,2013,0.3504745,0.11188767,0.3078055,False,,,0.48457572,0.0999168,0.049939856,0.008,-0.0,0.15785666,-0.005,-0.038042195,0.5993902
cand_038264,2025,IT,Director,Other,<30,25,None,3,2023,3.0-3.4,1.3244884,1.2695495,1,2.3871472,18,1,Junior Engineer,11-50,0.60571855,0,14,2,2,3,True,False,False,False,False,False,False,True,True,False,True,True,True,6,1,0,False,False,False,True,0,872,21,3,0.7973864,0.88118935,106339,False,False,2024,0.7044773,0.018171558,0.2185005,True,,,0.6233231,0.08372027,0.04179931,0.048,-0.0,0.17351958,-0.0,-0.031117097,0.7657256
cand_026241,2025,SRE,Director,US-East,30-39,36,PhD,5,2011,unknown,14.473488,13.02265,4,2.1055655,4,1,Engineering Manager,1000+,3.0773225,11,28,3,2,2,True,True,False,False,True,True,False,False,True,False,True,True,False,4,0,0,False,False,False,False,0,773,39,3,0.5533234,0.88102686,197722,False,False,2011,0.54733133,0.11431968,0.1856493,False,,,0.5378686,0.09983874,0.049990658,0.032,-0.0,0.18182941,-0.005,-0.014575073,0.70012295
cand_047591,2025,Security,Manager,Other,30-39,31,MS,5,2016,3.0-3.4,8.67555,8.431532,3,2.9751935,4,0,Senior Engineer,11-50,0.50381947,0,5,1,1,0,True,False,True,False,False,False,False,False,True,False,False,True,True,6,0,1,False,True,False,False,0,464,16,2,0.7696418,0.9272819,106894,False,False,2016,0.710595,0.015114585,0.3471059,True,,,0.616831,0.098054074,0.041153412,0.048,-0.0,0.18720749,-0.005,0.01776768,0.8168062
cand_024155,2025,Sales,Mid,US-West,50-59,50,HS,3,1998,unknown,26.90345,23.872772,8,3.4971006,2,2,Senior Engineering Manager,1000+,5.5374784,43,16,1,1,1,True,False,False,False,False,True,True,False,True,True,True,True,False,4,0,0,False,False,True,False,0,434,22,3,0.7526094,0.69793016,264039,False,False,1998,0.5888552,0.25212437,0.28799507,False,,,0.5709993,0.080449946,0.040886935,0.032,-0.02,0.13333689,-0.022,0.035045188,0.7173814
cand_032058,2025,SWE,Mid,Other,30-39,37,None,4,2011,unknown,10.970998,9.357438,3,2.5656273,9,0,Staff Engineer,51-200,2.308085,14,21,1,3,3,True,False,True,False,True,False,False,False,True,False,True,True,False,3,0,0,False,False,False,False,0,787,27,4,0.64111394,0.76313055,158746,True,False,2014,0.50072277,0.09724255,0.29932317,True,,,0.551016,0.09892814,0.049257528,0.024,-0.0,0.17218567,-0.005,0.044075925,0.76227754
cand_009331,2025,Data,Manager,India,40-49,45,BS,2,2003,3.5-3.7,20.919794,19.750555,5,3.8522902,0,1,Principal Engineer,51-200,4.54251,20,10,5,1,3,True,True,True,False,True,True,True,False,True,True,True,True,True,3,1,2,False,True,False,False,0,890,25,3,0.8468678,0.6997913,215868,False,True,2004,0.54937357,0.17627531,0.38943383,True,,,0.604362,0.09114648,0.046417136,0.024,-0.01,0.15156361,-0.015,0.042946868,0.78387254
cand_043564,2025,Security,Entry,UK,40-49,49,PhD,5,1999,3.8+,26.963907,26.29458,7,3.4455318,0,0,Principal Engineer,11-50,8.527352,21,39,3,4,0,False,True,False,True,True,True,True,False,False,False,True,True,False,4,3,2,False,True,False,True,0,812,26,4,0.7831918,0.70045567,296568,False,True,1998,0.5966384,0.29782057,0.4019787,False,,,0.5882082,0.07295468,0.019245645,0.032,-0.01,0.11420033,-0.015,-0.015326854,0.6720817
cand_003493,2025,IT,Senior,India,40-49,44,AA,2,2002,unknown,20.800503,16.6048,5,4.3639574,0,1,Principal Engineer,1-10,5.378234,38,36,2,1,0,False,False,False,False,True,True,False,True,False,False,True,True,True,5,0,1,False,False,False,False,0,668,23,4,0.4575708,0.6167823,246623,True,True,2004,0.59151417,0.237347,0.44912833,False,,,0.4575062,0.09678071,0.04189947,0.04,-0.01,0.16868018,-0.015,0.06778438,0.67897075
cand_004878,2025,Security,Director,UK,40-49,45,None,4,2003,<3.0,22.223818,18.725653,5,1.603804,12,2,Principal Engineer,11-50,4.7944355,18,28,2,0,5,False,False,False,False,True,False,False,True,True,False,False,True,False,5,1,1,False,True,False,True,0,831,24,6,0.7484042,0.73236066,241076,False,True,2003,0.63968086,0.17983307,0.067110464,True,,,0.59441364,0.09325745,0.045213606,0.04,-0.01,0.16847105,-0.015,-0.002302641,0.74558204
cand_047062,2025,SRE,Manager,EU,<30,24,BS,3,2023,3.5-3.7,0.34607032,0.32927334,0,3.3748984,5,0,Intern,1-10,2.5551503,6,13,2,1,3,True,False,True,False,False,True,True,False,True,False,False,True,True,3,0,1,False,True,False,True,0,722,28,0,0.49436158,0.7165337,84341,False,False,2025,0.47470564,0.08865452,0.39373815,False,,,0.4663333,0.081042685,0.049691748,0.024,-0.0,0.15473443,-0.0,0.031265832,0.6523336
cand_000998,2025,Sales,Staff,Other,40-49,40,PhD,5,2007,unknown,15.593827,14.367859,5,2.8657966,7,1,Staff Engineer,1-10,1.7690927,11,13,4,2,3,True,True,True,False,True,True,True,False,True,False,False,False,False,2,0,0,False,True,False,False,0,857,37,6,0.7359944,0.6595418,203070,False,False,2009,0.46136555,0.07507278,0.27434292,True,,,0.57550645,0.09913849,0.04768778,0.016,-0.0,0.16282627,-0.015,0.025179297,0.748512
cand_037086,2025,Sales,Staff,Canada,<30,22,HS,5,2024,unknown,0.29653883,0.24449918,0,1.885805,4,0,Intern,11-50,0.0,0,20,3,0,1,True,True,True,False,True,True,True,True,True,False,True,True,False,3,0,0,False,False,True,False,0,788,40,2,0.88437915,0.6247672,55975,False,False,2025,0.5535425,0.0,0.22001058,True,,,0.59648615,0.080794685,0.037741978,0.024,-0.0,0.14253667,-0.0,0.024829797,0.76385266
cand_036437,2025,Data,Staff,US-West,<30,24,HS,4,2022,unknown,2.53255,2.295847,0,2.5389268,7,1,Junior Engineer,11-50,1.1709232,6,50,5,1,2,True,True,True,False,True,True,False,False,True,True,True,True,True,4,0,1,False,False,False,True,1,646,23,5,0.71127206,0.6087634,118885,False,False,2022,0.5764211,0.0471277,0.23620811,True,,,0.5506979,0.08647412,0.0450366,0.032,-0.0,0.16351072,-0.0,0.015187562,0.7293962
cand_034749,2025,Data,Manager,Other,30-39,38,PhD,3,2008,unknown,15.326541,12.878831,3,3.2377958,0,0,Engineering Manager,1-10,4.595451,32,32,2,0,2,True,True,True,False,False,True,False,False,False,False,True,True,False,4,0,0,False,True,False,False,0,872,35,7,0.6222142,0.65312487,204559,True,False,2010,0.5644428,0.20186353,0.37774283,False,,,0.5403999,0.09988089,0.04617679,0.032,-0.0,0.17805769,-0.005,-0.02068231,0.69277525
cand_028616,2025,IT,Mid,US-Central,30-39,38,MS,4,2009,3.0-3.4,11.922137,9.017804,2,3.10232,2,0,Staff Engineer,51-200,2.9720247,22,22,1,0,3,False,True,True,False,False,False,False,True,True,False,False,True,False,4,0,1,False,False,False,False,0,485,24,3,0.60637534,0.9093663,137768,False,False,2013,0.5596084,0.13316074,0.3619373,True,,,0.56210464,0.09863692,0.04999878,0.032,-0.0,0.1806357,-0.005,0.015177459,0.7529178
cand_037095,2025,IT,Mid,UK,50-59,54,HS,2,1993,unknown,30.932722,24.830269,9,3.4020147,0,0,Engineering Manager,11-50,9.8882,61,34,3,2,4,False,True,True,False,False,False,False,True,True,False,False,False,False,4,3,0,False,True,False,True,0,942,17,5,0.7006286,0.91838443,310877,True,True,1994,0.5801257,0.418646,0.39690173,False,,,0.6088969,0.07756633,0.011350877,0.032,-0.0,0.120917216,-0.022,-0.002108442,0.70570564
cand_022810,2025,Sales,Staff,US-Central,40-49,43,None,3,2005,unknown,18.805176,17.756813,6,2.9907718,7,1,Senior Engineering Manager,201-1000,7.960213,61,9,3,2,1,False,False,False,False,True,True,False,False,True,False,False,True,False,7,2,1,False,False,False,False,0,376,34,1,0.8850524,0.6768431,248226,False,True,2006,0.79117715,0.3608064,0.28892335,True,,,0.601137,0.095014244,0.023176922,0.055999998,-0.02,0.15419117,-0.015,0.0046066456,0.74493486
cand_007142,2025,Sales,Senior,US-East,<30,27,MS,3,2020,unknown,3.9095201,3.5623367,0,3.1018171,0,1,Engineer,11-50,3.5142634,15,25,1,0,0,False,True,True,False,True,False,False,False,False,True,False,False,False,4,0,0,False,True,False,False,0,532,35,5,0.8725123,0.7582634,109140,True,True,2021,0.61450243,0.1354279,0.30187863,True,,,0.637032,0.08959528,0.04958847,0.032,-0.0,0.17118376,-0.0,0.01722378,0.8254395
cand_021558,2025,SRE,Staff,India,30-39,34,BS,5,2013,unknown,12.198412,11.941364,2,1.3902433,5,0,Staff Engineer,1000+,2.1016014,5,30,2,2,3,False,False,True,False,True,True,False,False,False,True,True,True,True,1,0,1,True,False,False,False,0,567,43,1,0.70682997,0.8985972,174624,True,False,2013,0.39719933,0.07304804,0.16219504,False,,,0.5831099,0.09999947,0.048754647,0.008,-0.0,0.15675412,-0.005,-0.05142308,0.683441
cand_009935,2025,Data,Manager,Canada,30-39,31,None,1,2017,3.5-3.7,7.244994,7.111418,3,1.9598297,9,0,Staff Engineer,201-1000,0.0,0,17,1,0,4,False,True,True,True,False,True,True,False,True,False,False,False,False,4,1,2,False,True,False,False,0,1025,29,6,0.9546918,0.8147499,93864,False,False,2018,0.62343836,0.0,0.2286468,True,,,0.6830921,0.096379176,0.037741978,0.032,-0.0,0.16612116,-0.005,0.022858137,0.8670714
cand_004788,2025,Data,Senior,UK,<30,24,MS,5,2024,3.5-3.7,1.8915231,1.57096,0,1.9877026,4,0,Junior Engineer,201-1000,0.0,1,44,6,2,2,True,False,True,False,False,False,True,False,False,True,True,True,False,5,0,0,False,True,False,False,1,913,30,10,0.55871606,0.9088985,72598,True,False,2023,0.6084099,0.002,0.23189864,False,,,0.58733034,0.08454832,0.037741978,0.04,-0.0,0.1622903,-0.0,-0.05831322,0.6913074
cand_030510,2025,SRE,Entry,India,30-39,35,AA,3,2012,unknown,13.988828,10.808999,4,4.250813,1,0,Engineering Manager,11-50,3.028744,16,19,6,2,2,True,True,False,False,False,False,True,False,True,True,False,True,False,4,2,3,False,False,False,False,0,520,42,4,0.9265896,0.6500354,173371,False,False,2011,0.6244846,0.122862324,0.4959282,True,,,0.6283134,0.099781334,0.04999871,0.032,-0.0,0.18178006,-0.005,0.028397998,0.83349144
cand_031189,2025,Security,Mid,EU,40-49,45,None,3,2003,unknown,20.235027,18.593155,7,2.8111932,14,2,Engineering Manager,1000+,4.6648417,7,36,2,0,1,True,False,True,False,False,True,False,False,True,False,False,True,False,4,1,1,False,False,False,True,0,629,24,1,0.5250471,0.6578019,216390,False,True,2005,0.5333428,0.15394525,0.20797253,False,,,0.4713269,0.093511775,0.04585148,0.032,-0.0,0.17136326,-0.015,0.026729368,0.65441954
cand_020083,2025,PM,Staff,Canada,<30,23,BS,5,2024,unknown,1.278265,1.2017806,2,0.93151194,0,3,Engineer,11-50,0.0,0,25,2,1,0,True,True,False,False,False,False,False,False,True,False,True,True,False,3,0,2,False,False,False,False,0,509,11,1,0.8309565,0.65017647,99701,False,False,2024,0.54619133,0.0,-0.07132361,False,,,0.5768701,0.083531976,0.037741978,0.024,-0.0,0.14527395,-0.0,-0.025391668,0.6967523
cand_010823,2025,IT,Mid,Canada,30-39,32,None,5,2016,3.5-3.7,8.144747,6.4876113,1,2.896852,4,0,Senior Engineer,1-10,2.119472,5,13,3,1,4,False,False,False,False,True,False,True,False,True,False,False,True,False,5,0,1,True,False,False,False,1,580,16,4,0.5704333,0.9366539,145336,False,False,2017,0.61075336,0.07358416,0.33796608,True,,,0.56098247,0.09541898,0.048803106,0.04,-0.0,0.18422207,-0.005,0.021615654,0.7618202
cand_000672,2025,Security,Entry,India,40-49,43,MS,1,2005,unknown,17.699177,17.391829,5,2.594084,6,1,Staff Engineer,11-50,5.243834,12,27,4,3,1,True,True,False,False,True,True,False,False,True,True,True,True,True,4,0,1,False,True,False,False,0,437,31,7,0.5796321,0.8719924,225107,False,True,2007,0.55092645,0.18131503,0.24264312,False,,,0.5692697,0.095612764,0.04272079,0.032,-0.0,0.17033356,-0.015,-0.01387922,0.71072406
cand_015594,2025,Sales,Entry,Other,40-49,44,AA,3,2004,3.0-3.4,21.348042,20.43948,5,2.0343847,13,1,Engineering Manager,1000+,3.0382047,21,20,5,2,1,True,False,True,True,True,False,True,False,False,False,False,True,True,1,0,1,False,False,False,False,0,817,27,3,0.9077687,0.9102757,232147,True,False,2004,0.43072042,0.13314614,0.17734487,True,,,0.6677742,0.08959104,0.04999772,0.008,-0.0,0.14758876,-0.015,0.012960444,0.8133234
cand_043048,2025,Sales,Entry,US-Central,40-49,48,HS,3,2000,unknown,23.267517,22.533932,7,4.4051332,0,1,Senior Engineering Manager,1000+,9.002441,53,5,1,3,4,False,False,False,False,False,False,False,False,True,False,True,False,True,2,2,0,False,False,False,True,0,591,27,5,0.896148,0.8079793,267231,False,False,2002,0.4992296,0.37607324,0.45393217,True,,,0.6552477,0.08426191,0.016217766,0.016,-0.02,0.096479684,-0.015,0.016040366,0.75276774
cand_021911,2025,Sales,Director,US-Central,<30,22,None,4,2025,unknown,0.0,0.0,0,2.2715719,7,0,Intern,1000+,0.16806462,0,22,2,0,1,True,True,False,False,False,True,False,False,True,True,True,False,False,5,0,0,False,True,False,False,0,657,12,1,0.726618,0.9159663,80377,False,False,2025,0.63949025,0.005041939,0.26501673,True,,,0.59350955,0.08007374,0.038915884,0.04,-0.0,0.15898961,-0.0,0.013675651,0.7661748
cand_011868,2025,SWE,Staff,US-West,40-49,46,HS,3,2001,3.5-3.7,21.416594,17.818611,8,1.1905168,3,0,Principal Engineer,201-1000,5.026609,33,22,5,3,0,True,True,False,False,True,True,False,False,False,False,True,False,False,1,2,0,False,True,True,False,0,569,30,2,0.7355958,0.8122386,251021,True,False,2004,0.40461916,0.21679828,0.13889362,False,,,0.58190626,0.094909415,0.043977354,0.008,-0.01,0.13688676,-0.015,-0.023915244,0.6798778
cand_034690,2025,Sales,Entry,US-Central,50-59,50,PhD,5,1997,3.0-3.4,27.811178,25.178236,6,1.9265128,0,0,Engineering Manager,201-1000,8.321301,27,17,4,0,2,True,True,True,True,True,True,False,False,True,True,True,True,False,3,0,4,True,False,False,False,0,338,14,8,0.97629166,0.7605687,298405,True,True,1997,0.5752583,0.30363905,0.22475983,True,,,0.69181585,0.076490544,0.020638125,0.024,-0.0,0.12112866,-0.022,-0.026192378,0.76475215
cand_011321,2025,Data,Staff,Canada,50-59,51,PhD,3,1996,unknown,28.793945,26.86698,4,3.5789201,5,0,Senior Engineering Manager,51-200,8.876039,29,11,1,0,2,True,False,True,False,False,False,False,False,True,False,True,False,True,2,0,0,False,False,False,True,0,893,28,6,0.79568434,0.98045635,295922,True,False,1996,0.47497022,0.3242812,0.41754067,False,,,0.66058075,0.0710994,0.016996857,0.016,-0.02,0.08409627,-0.022,-0.040789228,0.68188775
cand_044211,2025,IT,Manager,EU,30-39,35,Bootcamp,4,2013,unknown,10.05318,9.879087,3,2.5514896,3,0,Senior Engineer,11-50,1.3207864,4,18,4,1,0,False,True,False,False,False,False,False,False,True,False,True,False,False,5,0,0,True,False,True,False,0,592,27,0,0.5999401,0.830307,175173,False,True,2015,0.617488,0.047623593,0.2976738,False,,,0.52604043,0.09930822,0.045782667,0.04,-0.0,0.1850909,-0.005,-0.020941623,0.6851897
cand_024614,2025,SWE,Senior,US-East,50-59,52,None,1,1994,3.0-3.4,29.647894,27.371374,7,2.4132535,17,1,Engineering Manager,11-50,8.768163,22,7,2,0,4,False,False,True,False,True,True,True,False,True,False,True,True,False,2,3,1,False,False,False,False,0,528,41,2,0.5892341,0.7599158,289027,False,False,1995,0.42368016,0.3070449,0.22154623,False,,,0.5202151,0.069445476,0.017677318,0.016,-0.0,0.1031228,-0.022,0.008029759,0.6093676
cand_012005,2025,PM,Director,EU,40-49,44,HS,1,2003,3.0-3.4,21.734165,17.581285,3,1.9309739,0,1,Engineering Manager,1-10,5.5538507,46,16,4,2,3,True,False,True,False,False,True,True,False,True,False,True,True,False,2,0,2,False,True,True,True,0,397,37,3,0.84351665,0.81818646,257295,True,True,2003,0.4887033,0.25861552,0.16528028,True,,,0.6268681,0.0953065,0.04078057,0.016,-0.0,0.15208708,-0.015,0.032057546,0.79601276
cand_003939,2025,PM,Senior,Canada,40-49,45,Bootcamp,2,2003,3.0-3.4,20.407116,20.065687,5,2.8593543,0,0,Engineering Manager,1000+,7.096838,51,19,3,1,2,True,True,False,True,False,False,False,False,True,False,True,False,False,5,1,3,False,False,False,False,0,976,32,3,0.6621793,0.8968192,262787,False,False,2005,0.63243586,0.31490514,0.3335913,True,,,0.5791266,0.090448104,0.029592484,0.04,-0.0,0.16004059,-0.015,0.026349116,0.75051636
cand_004613,2025,PM,Staff,US-East,30-39,32,AA,1,2014,unknown,10.953465,10.235333,3,4.3409653,5,0,Staff Engineer,51-200,3.2284179,9,27,6,0,1,False,False,False,False,False,True,False,False,True,True,False,False,False,4,0,2,False,True,False,False,0,830,16,6,0.68143183,0.7022186,171234,False,True,2014,0.5721197,0.11485254,0.50644594,False,,,0.56494486,0.099520594,0.049918544,0.032,-0.0,0.18143915,-0.005,-0.07011707,0.671267
cand_036759,2025,Sales,Mid,EU,30-39,36,HS,4,2010,unknown,13.29197,12.556748,2,3.9962175,3,1,Principal Engineer,51-200,2.6229913,7,15,3,2,1,True,False,False,False,True,True,True,False,False,True,False,True,False,2,0,0,True,False,False,False,0,408,33,5,0.6877785,0.70722485,202142,False,False,2012,0.4550557,0.09268974,0.40622535,True,,,0.5621674,0.09995218,0.049778406,0.016,-0.01,0.15573059,-0.005,0.031123614,0.74402165
cand_031458,2025,SRE,Mid,Other,<30,28,Bootcamp,5,2019,unknown,5.543902,4.859799,2,3.123079,0,1,Engineer,201-1000,0.70372033,1,22,1,0,2,True,True,False,True,False,False,False,False,True,False,True,True,False,5,0,0,False,True,True,False,0,604,26,4,0.7955493,0.71286273,98975,False,True,2019,0.65910983,0.02311161,0.30435923,False,,,0.5950148,0.09243388,0.042404097,0.04,-0.0,0.17483798,-0.0,-0.055154115,0.7146987
cand_044952,2025,IT,Senior,US-West,50-59,56,HS,2,1990,<3.0,34.199238,27.81551,5,3.420166,7,0,Director,51-200,11.764901,85,29,5,2,3,True,False,False,False,False,True,False,False,False,True,True,True,True,0,3,3,True,True,False,False,0,462,30,6,0.48975122,0.80679196,347692,False,True,1991,0.2921169,0.522947,0.39901936,False,,,0.51877135,0.0679768,0.0045325686,0.0,-0.03,0.04250937,-0.022,-0.01685856,0.52242213
cand_004347,2025,SRE,Mid,US-West,40-49,47,BS,5,2000,unknown,22.704332,19.313025,10,0.9481147,0,0,Engineering Manager,1-10,7.7363105,52,16,2,1,3,True,False,True,False,False,True,True,True,False,False,False,False,False,4,1,1,False,True,False,False,0,642,14,3,0.81690496,0.6724032,272274,False,False,2002,0.603381,0.3360893,0.110613376,True,,,0.5883974,0.09207826,0.024803955,0.032,-0.0,0.14888223,-0.015,0.050472587,0.77275217
cand_039327,2025,PM,Mid,US-West,40-49,44,None,5,2002,3.5-3.7,22.024582,20.516106,5,2.7846107,0,0,Principal Engineer,11-50,3.1230574,6,26,6,2,3,True,False,False,False,True,False,False,False,True,True,False,True,False,3,0,3,False,False,True,False,0,450,28,3,0.64087594,0.85209423,206289,False,False,2003,0.5081752,0.10569173,0.32487124,False,,,0.5627254,0.08941159,0.049976345,0.024,-0.01,0.15338793,-0.015,0.0068526156,0.70796597
cand_049922,2025,PM,Director,US-Central,30-39,30,AA,4,2018,unknown,5.025144,4.0775332,2,5.8734536,14,1,Engineer,51-200,0.30354962,0,32,2,2,4,True,False,False,True,True,True,True,False,True,False,False,True,False,5,0,2,False,False,False,True,0,858,18,6,0.82363236,0.9895985,129391,False,False,2020,0.65305984,0.009106489,0.6252363,True,,,0.672191,0.09076827,0.039837517,0.04,-0.0,0.17060578,-0.005,0.02144023,0.859237
cand_022393,2025,SWE,Director,US-Central,30-39,35,None,2,2012,unknown,11.582386,11.135674,5,2.6777003,9,0,Senior Engineer,1000+,2.1802702,10,15,4,2,2,False,False,False,True,False,False,False,False,True,False,True,False,False,5,0,2,False,True,True,False,0,818,11,4,0.65997934,0.6366105,141221,False,False,2013,0.62449586,0.085408114,0.31239834,False,,,0.5323149,0.099884786,0.048961014,0.04,-0.0,0.18884578,-0.005,-0.034578543,0.6815821
cand_003156,2025,IT,Staff,US-East,40-49,49,PhD,5,1999,3.5-3.7,25.173645,22.28613,8,2.6246188,0,2,Engineering Manager,1000+,10.379061,27,19,2,0,1,True,False,False,False,False,True,False,False,True,False,False,True,False,3,0,2,False,False,False,True,0,985,43,7,0.45474097,0.7450152,295453,True,True,2000,0.4709482,0.36537182,0.1862055,False,,,0.50016236,0.08493546,0.009119762,0.024,-0.0,0.118055224,-0.015,-0.02921712,0.5740005
cand_029917,2025,Sales,Entry,India,30-39,38,MS,4,2008,unknown,15.113667,12.912456,3,3.2515662,10,0,Engineering Manager,1000+,3.0756192,17,33,3,0,2,False,True,False,False,False,True,True,False,True,False,True,True,True,4,0,1,False,True,False,False,0,747,14,1,0.5298434,0.95489544,195194,False,False,2010,0.5376353,0.1262686,0.37934938,False,,,0.53242433,0.0998716,0.049991067,0.032,-0.0,0.18186267,-0.005,-0.027661106,0.6816259
cand_037223,2025,Security,Staff,US-West,40-49,48,AA,4,1998,3.0-3.4,27.138062,26.143597,7,1.3506632,0,0,Director,201-1000,7.5613146,17,10,4,4,6,True,True,False,False,False,False,True,False,True,True,True,True,False,1,1,3,True,False,False,False,1,718,14,7,0.50697833,0.70315564,265544,False,False,1998,0.36139566,0.26083946,0.15757737,False,,,0.51007354,0.07343968,0.02609773,0.008,-0.03,0.07753741,-0.015,0.013468259,0.58607924
cand_013478,2025,Data,Manager,US-Central,<30,25,AA,4,2023,unknown,0.0,0.0,0,2.036664,0,1,Intern,201-1000,0.94237196,4,28,1,1,3,True,True,False,False,False,False,False,False,True,True,True,True,False,3,0,3,False,False,True,False,0,798,18,3,0.45794487,0.8151314,75849,False,False,2025,0.47158897,0.03627116,0.1776108,False,,,0.491307,0.08007374,0.043803588,0.024,-0.0,0.14787732,-0.0,-0.005929125,0.6332552
cand_013871,2025,Security,Staff,US-Central,40-49,40,BS,2,2008,<3.0,15.670899,13.979246,4,3.2415369,15,1,Staff Engineer,1000+,3.1536984,10,13,3,0,3,False,True,False,False,True,True,True,False,True,False,True,True,True,4,2,0,False,True,True,True,0,736,17,2,0.81604725,0.80626863,205779,True,False,2009,0.59070945,0.11461096,0.31817928,True,,,0.60887027,0.09939729,0.049963105,0.032,-0.0,0.1813604,-0.015,0.0056443224,0.78087497
cand_038555,2025,Data,Entry,US-Central,<30,29,None,4,2017,unknown,8.461814,6.632929,2,1.4490579,0,1,Senior Engineer,1000+,2.8148215,5,13,3,2,3,True,True,True,False,True,True,False,False,False,False,False,True,False,5,0,0,False,True,False,False,0,493,10,4,0.5825979,0.86265016,153868,True,False,2017,0.6165196,0.09444465,0.109056756,True,,,0.5504393,0.09565207,0.049946453,0.04,-0.0,0.18559852,-0.0,0.034997344,0.7710352
cand_025329,2025,SRE,Mid,UK,40-49,45,None,5,2003,unknown,21.452633,19.116222,6,3.0420809,22,1,Engineering Manager,11-50,5.7767096,27,29,6,2,2,False,False,False,True,True,True,False,False,False,False,True,True,True,3,2,2,False,True,False,True,1,697,15,3,0.48378122,0.863009,238403,False,False,2004,0.45842293,0.22730128,0.29490945,False,,,0.50992525,0.09248265,0.0392944,0.024,-0.0,0.15577705,-0.015,0.012614374,0.66331667
cand_044684,2025,IT,Senior,US-West,<30,22,HS,5,2025,unknown,0.0,0.0,0,3.0217566,7,0,Intern,51-200,0.0,0,41,5,1,0,True,False,False,False,False,False,True,False,True,False,True,True,False,6,0,1,False,True,False,False,0,755,20,2,0.45058617,0.95548594,51386,False,False,2025,0.6442839,0.0,0.35253826,False,,,0.5108023,0.08007374,0.037741978,0.048,-0.0,0.16581571,-0.0,0.010517977,0.687136
cand_000985,2025,Security,Director,India,40-49,48,MS,3,1999,3.0-3.4,25.766817,25.110786,8,2.0635302,18,1,Principal Engineer,1000+,7.7445216,26,47,4,1,3,True,True,False,False,True,False,False,False,False,False,True,True,False,4,0,2,True,False,False,True,0,561,27,7,0.6497635,0.61698425,272850,False,False,1999,0.55495274,0.28433564,0.18074518,False,,,0.5428141,0.07670015,0.02474369,0.032,-0.01,0.12344385,-0.015,0.015916692,0.66717464
cand_037139,2025,PM,Entry,US-East,30-39,39,Bootcamp,1,2008,unknown,15.802278,13.452463,6,3.045364,1,0,Engineering Manager,51-200,4.3470993,24,30,3,0,3,False,False,True,False,True,True,True,False,True,False,False,True,False,5,0,1,False,True,False,False,0,479,11,3,0.5943656,0.7827886,230226,True,True,2009,0.6180398,0.17841297,0.35529247,False,,,0.53258574,0.09967497,0.04724347,0.04,-0.0,0.18691844,-0.005,0.0013330192,0.7158372
cand_035033,2025,PM,Mid,US-West,50-59,59,PhD,2,1988,unknown,35.06444,27.368666,8,1.700166,12,0,Staff Engineer,51-200,11.249333,52,33,2,0,1,True,True,True,True,True,False,False,False,True,False,False,True,False,1,2,0,False,False,False,False,0,524,18,4,0.79828095,0.89122015,359417,False,False,1990,0.4096562,0.44148,0.1983527,False,,,0.63164234,0.069454394,0.0059620454,0.008,-0.0,0.08341644,-0.022,0.005907056,0.69896585
cand_023730,2025,IT,Director,Canada,50-59,54,HS,3,1994,unknown,31.803724,24.537056,11,3.9609482,0,1,Senior Engineering Manager,51-200,9.153273,63,24,3,2,6,True,True,True,False,True,True,False,True,False,False,False,False,False,3,3,4,False,False,True,False,0,752,32,0,0.91091883,0.6708408,352057,False,False,1993,0.56218374,0.40059817,0.4021106,False,,,0.6029898,0.0784618,0.015314678,0.024,-0.02,0.09777649,-0.022,-0.040233403,0.6385329
cand_007530,2025,Data,Director,US-East,50-59,53,MS,5,1995,<3.0,29.506683,24.087109,9,4.532155,0,0,Senior Engineering Manager,11-50,7.8403363,31,17,4,1,0,True,False,True,False,True,True,True,True,False,False,True,True,False,2,2,1,False,True,False,True,0,414,38,4,0.7273797,0.8481449,311077,True,True,1995,0.46547592,0.2972101,0.52875143,False,,,0.5982119,0.07981488,0.024043659,0.016,-0.02,0.09985854,-0.022,0.009768927,0.6858393
cand_044394,2025,Data,Senior,US-East,30-39,34,HS,2,2013,3.0-3.4,9.642686,9.534107,4,3.0689628,13,1,Senior Engineer,1000+,0.0,2,20,1,1,1,True,True,True,True,True,True,False,False,True,False,False,False,False,4,0,2,False,False,True,True,0,822,13,3,0.5179751,0.653118,146589,True,True,2015,0.5327617,0.004,0.29804567,False,,,0.4799149,0.09906602,0.037741978,0.032,-0.0,0.168808,-0.005,-0.0006894803,0.6430334
cand_032948,2025,IT,Mid,US-West,30-39,30,Bootcamp,2,2016,unknown,6.564889,6.4689245,3,0.5,1,0,Engineer,201-1000,0.0,0,5,4,1,3,True,False,False,False,True,False,False,True,True,False,False,True,False,5,0,1,False,True,True,False,0,775,27,4,0.54330146,0.99335283,131861,False,False,2018,0.60782695,0.0,0.058333334,False,,,0.56282604,0.095388606,0.037741978,0.04,-0.0,0.17313057,-0.005,-0.046515938,0.6844407
cand_030877,2025,Sales,Mid,US-East,<30,25,MS,1,2021,3.5-3.7,3.5856707,3.3635018,1,2.1819324,13,1,Senior Engineer,51-200,0.2986334,0,13,1,0,3,True,True,True,True,True,False,False,False,True,False,False,False,False,7,0,0,False,True,False,False,0,614,51,3,0.94151866,0.93774027,144077,False,True,2021,0.79747045,0.008959002,0.1945588,True,,,0.6850796,0.08912711,0.039804492,0.055999998,-0.0,0.18493159,-0.0,-0.034175176,0.835836
cand_029930,2025,SWE,Manager,UK,30-39,30,BS,4,2016,<3.0,8.540124,8.363809,3,2.5834742,2,0,Senior Engineer,1000+,1.9651132,11,15,4,1,0,True,False,True,False,False,True,True,False,True,False,True,True,False,5,0,4,False,True,False,False,0,552,44,6,0.76810896,0.95789015,152106,False,True,2016,0.6519551,0.0809534,0.3014053,True,,,0.6464162,0.09798026,0.04835427,0.04,-0.0,0.18633452,-0.005,0.05026545,0.8780161
cand_023415,2025,SWE,Mid,US-East,30-39,36,AA,3,2010,3.5-3.7,14.829646,14.387974,4,3.6445234,2,0,Staff Engineer,1000+,3.6928833,7,20,3,1,0,True,False,True,False,True,True,True,False,True,True,True,True,False,5,0,1,False,True,False,False,0,1078,28,3,0.8298006,0.7947719,195575,True,False,2010,0.66429347,0.1247865,0.42519438,True,,,0.6173846,0.09912386,0.04925546,0.04,-0.0,0.18837932,-0.005,-0.010292205,0.79047173
cand_006059,2025,Data,Director,Other,30-39,30,HS,3,2018,unknown,6.6480513,5.5659466,4,2.633054,13,2,Engineer,11-50,3.227235,31,29,5,2,3,True,False,True,True,True,False,False,False,True,True,False,True,True,6,0,1,False,False,True,True,0,333,22,2,0.7476288,0.7627692,93335,False,False,2018,0.69869244,0.15881705,0.18718961,True,,,0.5762239,0.093811356,0.04991939,0.048,-0.0,0.19173074,-0.005,0.012046368,0.77500105
cand_023679,2025,SWE,Entry,EU,40-49,40,BS,3,2007,unknown,18.303051,16.39187,1,3.1125174,10,1,Engineering Manager,201-1000,2.3302505,12,24,3,1,4,True,True,False,False,True,True,True,False,True,False,False,True,True,3,0,0,False,True,False,False,0,552,39,0,0.92449707,0.945695,237096,False,False,2007,0.5565661,0.09390752,0.303127,True,,,0.66271293,0.097067244,0.049304012,0.024,-0.0,0.17037126,-0.015,0.022136366,0.84022063
cand_015940,2025,Data,Entry,US-West,<30,22,AA,1,2025,unknown,0.0,0.0,0,2.097237,4,0,Intern,201-1000,1.4730453,3,15,3,2,1,False,False,True,False,True,False,False,False,True,False,False,False,False,5,0,2,False,False,False,False,0,566,40,3,0.48958033,0.7574637,83145,True,False,2025,0.59458274,0.05019136,0.24467766,False,,,0.4908459,0.08007374,0.046486445,0.04,-0.0,0.16656017,-0.0,0.02449524,0.68190134
cand_006948,2025,Data,Staff,US-West,30-39,39,None,5,2009,unknown,14.788237,12.330277,4,1.982035,2,2,Staff Engineer,1000+,1.9955018,3,5,1,2,1,False,False,True,False,True,False,True,False,False,False,True,True,False,4,0,1,False,False,True,False,0,804,39,3,0.8427975,0.8624633,209100,True,False,2010,0.6068928,0.065865055,0.11123741,True,,,0.6354718,0.09998317,0.048448008,0.032,-0.0,0.18043119,-0.005,-0.011207376,0.7996956
cand_030095,2025,Data,Mid,UK,40-49,44,PhD,4,2002,unknown,22.55605,16.943462,7,2.5513122,5,0,Engineering Manager,1000+,7.155019,40,12,5,0,3,True,False,True,False,True,True,False,False,True,True,False,True,False,4,3,0,False,False,False,True,0,743,32,5,0.8475676,0.95453304,240592,False,True,2002,0.60534686,0.29465058,0.29765308,True,,,0.6675552,0.09629896,0.029151822,0.032,-0.0,0.1574508,-0.015,0.014745211,0.82475126
cand_041339,2025,Data,Entry,US-West,<30,23,MS,4,2025,3.0-3.4,0.4342705,0.33709496,0,2.1710308,0,0,Intern,51-200,2.2992067,8,30,5,2,1,False,False,True,True,False,True,False,False,True,False,True,True,False,7,1,1,False,False,False,False,0,910,48,4,0.79676306,0.7204527,120135,False,False,2025,0.7793526,0.084976204,0.25328693,True,,,0.59695756,0.08106551,0.0492385,0.055999998,-0.0,0.186304,-0.0,-0.012366277,0.77089524
cand_049598,2025,Sales,Director,UK,<30,26,None,3,2020,3.0-3.4,4.3175015,3.9739392,0,2.6168394,7,1,Senior Engineer,11-50,0.0,1,20,8,3,1,False,False,True,False,False,True,True,False,True,False,False,True,False,5,0,4,True,True,False,False,0,853,36,4,0.7375808,0.9232765,123574,True,False,2021,0.64168286,0.002,0.24529794,True,,,0.61680853,0.090537146,0.037741978,0.04,-0.0,0.16827911,-0.0,-0.01710689,0.76798075
cand_033183,2025,Security,Mid,EU,40-49,49,BS,3,1999,unknown,23.062622,19.270285,3,1.3730264,9,0,Principal Engineer,51-200,4.7533736,10,9,3,1,1,False,False,False,False,True,False,False,True,True,False,True,True,False,4,2,3,False,True,False,True,0,425,29,4,0.70263827,0.8879803,276947,True,False,2002,0.5730277,0.1626012,0.16018641,True,,,0.5975194,0.09216686,0.04541991,0.032,-0.01,0.15958677,-0.015,-0.0074492474,0.73465693
cand_016580,2025,Sales,Manager,US-East,30-39,32,MS,4,2016,3.0-3.4,9.912606,9.162428,2,1.8042653,6,0,Senior Engineer,11-50,1.3892584,3,33,8,1,1,True,False,True,False,True,False,False,True,False,False,False,True,False,4,1,1,False,True,True,True,0,795,6,2,0.57315457,0.94560605,137867,True,False,2015,0.54963094,0.04767775,0.21049762,True,,,0.5517253,0.09876513,0.0461061,0.032,-0.0,0.17687124,-0.005,0.011826914,0.7354235
cand_001388,2025,Sales,Entry,Canada,60+,65,PhD,3,1982,3.5-3.7,43.289146,40.07921,15,3.3188376,0,2,Senior Engineering Manager,51-200,12.0,71,13,3,1,0,True,False,True,True,False,True,False,False,True,True,False,True,True,4,4,1,False,True,False,False,0,295,28,7,0.8350263,0.83870333,436377,False,True,1982,0.60700524,0.50200003,0.26719773,False,,,0.65199995,0.029619673,0.0039779753,0.032,-0.02,0.045597654,-0.032,-0.014910365,0.6506873
cand_021350,2025,SRE,Manager,India,30-39,37,BS,3,2011,3.0-3.4,12.591291,11.899255,3,1.9228461,13,3,Engineering Manager,1000+,0.8534648,10,9,4,2,2,False,False,False,False,True,True,True,False,True,False,True,False,True,2,1,0,False,True,False,False,1,538,19,2,0.53710973,0.9108021,201139,False,False,2012,0.4165886,0.045603946,0.044332042,False,,,0.53214884,0.09999844,0.043294914,0.016,-0.0,0.15929335,-0.005,0.038986944,0.7254291
cand_049750,2025,IT,Manager,US-East,<30,25,AA,1,2021,<3.0,3.4605064,3.3377829,2,2.1723583,0,0,Senior Engineer,51-200,0.0,0,14,3,1,3,True,False,True,False,True,True,False,False,False,False,True,True,True,4,0,1,True,False,False,False,0,674,20,4,0.6159629,0.975414,79603,True,True,2022,0.5631926,0.0,0.25344178,True,,,0.5846698,0.08906593,0.037741978,0.032,-0.0,0.15880792,-0.0,0.0015298543,0.74500763
cand_034431,2025,PM,Mid,Canada,40-49,47,BS,3,1999,unknown,26.104856,20.332445,7,2.9460418,19,2,Principal Engineer,201-1000,6.448047,50,28,2,1,4,True,False,True,False,True,False,False,False,True,False,True,False,False,4,0,2,False,False,False,False,0,635,30,6,0.9479027,0.60066545,277610,False,False,1999,0.61374724,0.2934414,0.22370487,True,,,0.63789904,0.08983958,0.034483843,0.032,-0.01,0.14632341,-0.015,-0.041995335,0.72722715
cand_024454,2025,IT,Staff,US-Central,60+,60,BS,2,1987,3.5-3.7,36.843525,36.399033,8,3.1329176,0,2,Principal Engineer,51-200,10.214908,70,40,5,1,1,True,True,False,True,True,True,True,True,True,True,False,True,False,3,3,0,False,True,True,False,1,369,31,5,0.48859343,0.7930016,368535,True,False,1988,0.47771868,0.44644725,0.24550706,False,,,0.50960803,0.03990404,0.009828708,0.024,-0.01,0.06373275,-0.032,-0.007758306,0.53358245
cand_040359,2025,IT,Senior,EU,40-49,40,None,4,2007,<3.0,17.248264,17.036942,7,2.8945413,0,0,Principal Engineer,11-50,1.7175823,9,24,2,0,1,False,True,True,False,False,False,False,False,True,False,False,True,True,2,0,1,True,False,True,False,0,579,41,3,0.82022136,0.90529406,198253,False,True,2008,0.48404425,0.06952748,0.33769646,True,,,0.6361363,0.09616042,0.04749524,0.016,-0.01,0.14965566,-0.015,-0.011785136,0.7590068
cand_018577,2025,Data,Staff,EU,40-49,44,BS,4,2004,3.0-3.4,21.371506,20.783756,8,1.6060148,0,2,Senior Engineering Manager,1-10,5.4521027,13,22,1,0,2,True,False,True,True,True,False,False,False,False,False,True,True,False,2,2,2,False,False,False,True,0,956,34,1,0.5529648,0.9582138,243879,True,False,2004,0.43059295,0.18956307,0.06736839,False,,,0.5411805,0.08877497,0.041434865,0.016,-0.02,0.12620984,-0.015,0.004793435,0.65718377
cand_033451,2025,PM,Mid,India,<30,23,Bootcamp,2,2025,unknown,0.0,0.0,0,1.9765798,16,1,Intern,1-10,1.8624022,8,20,1,2,3,False,False,True,False,False,False,False,False,True,False,True,True,False,5,0,0,False,False,False,False,0,864,14,4,0.7041059,0.7971082,86654,False,False,2025,0.6274879,0.07187207,0.17060097,True,,,0.57985866,0.08007374,0.04801827,0.04,-0.0,0.16809201,-0.0,0.05114986,0.7991005
cand_047852,2025,PM,Senior,US-Central,<30,29,Bootcamp,2,2017,<3.0,7.3934836,5.892901,2,2.8685176,0,0,Senior Engineer,1-10,0.86773366,6,25,4,1,3,True,False,False,False,True,True,False,True,False,True,False,True,True,5,0,1,False,False,False,True,0,573,10,5,0.93960816,0.9663392,162196,False,False,2018,0.68792164,0.03803201,0.33466038,True,,,0.7021307,0.09440685,0.043377593,0.04,-0.0,0.17778444,-0.0,0.034225643,0.91414076
cand_000004,2025,PM,Senior,US-West,50-59,51,PhD,3,1996,3.5-3.7,26.656885,20.396412,5,3.6062696,0,0,Principal Engineer,1000+,6.3626943,43,6,2,2,2,True,False,False,True,False,False,False,False,True,False,True,True,False,2,1,0,False,True,False,False,0,560,32,3,0.9455576,0.63832086,269844,True,False,1998,0.5091115,0.27688086,0.42073146,False,,,0.6266093,0.089691356,0.035116002,0.016,-0.01,0.13080736,-0.022,-0.059755147,0.6756615
cand_029182,2025,PM,Senior,UK,50-59,58,AA,4,1989,unknown,35.02546,27.149399,9,4.3709297,3,0,Principal Engineer,51-200,10.260418,71,29,3,0,3,False,True,False,False,True,True,False,False,True,True,False,True,False,1,1,0,False,False,False,True,0,772,27,3,0.834527,0.7832507,349139,False,False,1990,0.4244054,0.44981253,0.50994176,False,,,0.6167346,0.07017534,0.0096284365,0.008,-0.01,0.07780378,-0.022,0.034134425,0.70667285
cand_008230,2025,Data,Director,Other,40-49,46,None,1,2000,unknown,22.90683,17.987143,6,2.0923948,13,1,Principal Engineer,51-200,4.5241165,6,26,1,1,2,True,True,False,False,True,True,False,False,False,False,False,True,False,2,2,1,False,True,False,True,0,644,34,3,0.68678623,0.7509096,254842,False,False,2002,0.4465239,0.1477235,0.18411273,False,,,0.55855715,0.094618455,0.04649903,0.016,-0.01,0.14711748,-0.015,-0.0142127825,0.6764619
cand_005946,2025,SRE,Manager,UK,40-49,40,PhD,3,2008,3.8+,16.703445,15.654399,5,2.181531,0,1,Principal Engineer,201-1000,5.215049,41,17,4,0,4,True,False,False,False,True,True,False,False,True,True,False,True,False,6,1,2,False,True,False,True,0,586,11,7,0.703687,0.7675679,218637,True,True,2008,0.7007374,0.23845147,0.19451192,True,,,0.591804,0.09796019,0.04289249,0.048,-0.01,0.17885266,-0.015,0.03073256,0.7863893
cand_007822,2025,SWE,Manager,US-East,60+,64,AA,5,1982,3.0-3.4,41.323284,32.016396,12,2.351576,0,0,Engineering Manager,51-200,12.0,55,21,4,0,3,False,True,False,False,True,True,False,False,True,False,True,True,False,1,4,4,False,False,False,True,0,499,28,5,0.9256096,0.611163,394132,False,True,1984,0.4451219,0.47000003,0.27435055,False,,,0.62619597,0.053886164,0.0039779753,0.008,-0.0,0.06586414,-0.032,-0.022470085,0.63759005
cand_019486,2025,Sales,Senior,EU,<30,27,HS,1,2020,3.0-3.4,4.1813884,3.6783464,0,3.2362843,18,1,Engineer,51-200,0.23981082,1,8,5,0,1,False,False,False,False,False,True,False,False,False,False,True,False,False,6,0,0,False,False,False,False,0,1084,34,8,0.6605893,0.6081166,77008,True,False,2021,0.6771179,0.009194326,0.3175665,False,,,0.5508296,0.08986451,0.039406877,0.048,-0.0,0.1772714,-0.0,-0.026791982,0.701309
cand_015384,2025,PM,Manager,Canada,30-39,34,AA,2,2013,3.5-3.7,9.500584,9.441103,2,2.6323502,8,0,Staff Engineer,51-200,0.09948023,8,23,3,0,1,False,True,True,False,False,True,False,False,False,False,False,True,False,5,0,1,False,False,False,True,0,897,20,2,0.61820364,0.81415385,138468,False,False,2015,0.61697406,0.018984407,0.3071075,True,,,0.54120207,0.098994605,0.038440682,0.04,-0.0,0.17743528,-0.005,0.020525904,0.7341633
cand_041099,2025,Sales,Staff,US-Central,50-59,53,PhD,5,1995,unknown,28.240637,22.459988,10,2.9663115,11,1,Engineering Manager,11-50,7.812368,35,9,1,3,2,True,True,True,False,True,True,False,True,True,True,True,False,False,3,2,1,False,True,False,True,0,388,28,7,0.466005,0.99693847,293736,False,False,1997,0.46403435,0.30437103,0.28606966,False,,,0.5544895,0.084464006,0.024247363,0.024,-0.0,0.13271137,-0.022,-0.008480539,0.6567203
cand_018183,2025,PM,Manager,US-Central,<30,22,HS,1,2024,<3.0,0.99856293,0.86476797,0,1.8463638,4,0,Intern,51-200,1.0119046,9,44,2,0,3,True,True,True,True,True,True,False,False,True,False,False,True,False,5,0,1,False,False,True,False,0,444,42,4,0.8567313,0.8378503,97326,False,True,2024,0.6680129,0.04835714,0.21540911,True,,,0.64142597,0.08258453,0.044190362,0.04,-0.0,0.1667749,-0.0,-0.068971336,0.7392295
cand_027161,2025,Data,Director,US-West,30-39,37,HS,2,2011,unknown,14.653907,12.781656,3,2.3410861,0,1,Principal Engineer,11-50,1.1018324,6,26,1,1,1,True,False,True,False,False,True,False,False,False,False,True,True,False,3,1,3,False,False,True,False,0,642,23,3,0.5569035,0.7690239,179748,True,True,2010,0.4913807,0.045054972,0.21312672,False,,,0.516721,0.09990576,0.044675626,0.024,-0.01,0.15858138,-0.005,-0.03195008,0.63835233
cand_011645,2025,IT,Manager,US-West,<30,24,AA,1,2022,3.0-3.4,0.53209853,0.4543624,0,1.6156892,0,0,Intern,1000+,0.0,1,10,3,2,4,False,False,True,False,True,True,True,False,True,False,False,True,True,5,0,1,False,True,True,False,0,411,50,4,0.54585594,0.84104073,93582,False,False,2024,0.6091712,0.002,0.18849707,False,,,0.5332577,0.081406705,0.037741978,0.04,-0.0,0.1591487,-0.0,-0.017147247,0.6752592
cand_024390,2025,SRE,Staff,US-East,50-59,50,AA,3,1998,unknown,23.239855,20.53414,6,4.160774,13,1,Engineering Manager,1-10,4.8612027,41,18,3,1,1,False,False,True,False,False,True,False,True,True,False,False,True,False,3,0,0,False,True,False,True,1,658,31,4,0.50667006,0.6118091,254080,False,False,2002,0.47050068,0.22783609,0.42542365,False,,,0.47369632,0.08936917,0.044870056,0.024,-0.0,0.15823923,-0.022,0.016378399,0.6263139
cand_004850,2025,Sales,Manager,US-Central,<30,24,None,5,2023,3.8+,1.0883843,0.90448403,0,2.3709247,0,0,Junior Engineer,1000+,0.5285538,5,35,5,2,5,True,True,True,False,False,True,False,False,False,True,True,True,True,3,0,1,False,True,True,False,0,472,21,4,0.516335,0.7477919,97540,True,False,2024,0.483267,0.025856614,0.27660787,False,,,0.5042756,0.08269713,0.041311737,0.024,-0.0,0.14800887,-0.0,0.03547762,0.68776214
cand_047435,2025,Sales,Manager,EU,40-49,49,MS,2,1999,3.8+,24.834475,19.12612,9,1.7200962,6,2,Staff Engineer,201-1000,4.5245357,17,14,7,0,3,True,False,True,False,False,False,False,False,True,True,True,True,False,2,2,0,False,True,False,False,0,304,41,5,0.67479306,0.97283673,258951,False,False,2000,0.44995862,0.16973609,0.08067788,True,,,0.61074495,0.09246253,0.046497174,0.016,-0.0,0.15495971,-0.015,0.010813904,0.76151854
cand_042206,2025,Sales,Manager,Other,<30,23,Bootcamp,5,2025,3.0-3.4,0.5519732,0.44889373,0,2.260326,4,0,Intern,51-200,0.0,0,31,3,1,2,False,False,False,False,False,True,True,False,False,False,False,True,False,5,0,0,False,True,True,False,0,475,47,2,0.8387872,0.86160254,89248,True,False,2024,0.6644241,0.0,0.2637047,True,,,0.6278961,0.081390835,0.037741978,0.04,-0.0,0.15913281,-0.0,0.045243822,0.8322727
cand_045340,2025,Data,Mid,EU,<30,23,PhD,2,2025,unknown,0.0,0.0,0,2.1228514,8,0,Intern,51-200,0.34875724,2,15,5,1,3,True,False,True,False,False,True,True,True,True,True,True,True,True,6,0,0,True,True,False,True,0,800,29,6,0.89162457,0.6495008,77142,False,False,2025,0.7316583,0.014462719,0.24766599,True,,,0.6279688,0.08007374,0.040139627,0.048,-0.0,0.16821337,-0.0,-0.0014152167,0.79476696
cand_028169,2025,Security,Entry,US-East,<30,27,AA,4,2019,unknown,4.567096,4.2768173,1,3.3321614,8,0,Engineer,11-50,1.2533901,5,41,4,2,1,True,True,True,False,False,False,False,True,False,False,True,True,False,4,0,1,False,True,False,True,1,693,11,2,0.5874456,0.7111023,140866,False,True,2020,0.55082244,0.047601704,0.38875216,False,,,0.5098264,0.09120608,0.045453522,0.032,-0.0,0.16865961,-0.0,0.04144864,0.7199347
cand_003419,2025,SRE,Manager,US-Central,60+,61,Bootcamp,2,1987,3.5-3.7,36.837753,34.033627,9,2.3600175,10,0,Staff Engineer,11-50,12.0,35,28,4,0,3,True,True,True,False,True,False,False,False,False,True,True,True,False,4,3,0,False,False,False,False,0,664,27,5,0.9798999,0.96574295,365166,False,False,1988,0.6276467,0.43,0.27533537,True,,,0.71611357,0.047274526,0.0039779753,0.032,-0.0,0.083252504,-0.032,-0.0016646181,0.7657014
cand_042590,2025,Data,Staff,UK,50-59,54,AA,4,1994,unknown,29.882887,25.444849,11,2.6977398,4,1,Engineering Manager,51-200,7.432694,50,14,1,1,6,False,True,True,False,True,True,True,False,False,False,True,True,False,3,1,1,False,False,False,False,0,821,63,5,0.67107993,0.90837115,310240,False,False,1995,0.5108827,0.32298082,0.2547363,True,,,0.5965522,0.07565727,0.027058436,0.024,-0.0,0.1267157,-0.022,0.02867407,0.72994196
cand_038734,2025,PM,Director,EU,60+,65,PhD,5,1983,unknown,39.103504,37.733322,12,4.393948,10,0,Senior Engineering Manager,1-10,11.232805,77,14,3,1,2,True,False,True,True,True,True,False,False,True,False,False,False,True,5,2,1,False,False,False,True,0,423,34,3,0.8790718,0.635285,399269,True,True,1986,0.66748106,0.49098414,0.51262724,False,,,0.6027322,0.035990342,0.0060130167,0.04,-0.02,0.062003355,-0.032,0.023674898,0.65641046
cand_036719,2025,SWE,Senior,US-West,40-49,41,BS,1,2007,3.8+,16.514893,15.167308,4,1.368036,8,0,Engineering Manager,201-1000,6.1190042,35,29,2,2,1,True,False,True,False,False,True,True,False,True,False,True,True,False,4,0,3,False,False,True,False,0,818,7,2,0.4976193,0.7425729,193071,False,False,2008,0.5328572,0.25357014,0.1596042,False,,,0.48468134,0.0984638,0.036892824,0.032,-0.0,0.16735664,-0.015,0.03537445,0.67241246
cand_029497,2025,Sales,Director,India,<30,28,PhD,5,2019,unknown,4.8191385,3.790805,1,1.1157258,0,0,Engineer,1-10,1.397654,7,30,1,0,2,False,True,False,False,False,True,True,False,False,False,True,True,False,7,0,1,False,True,True,True,0,899,19,5,0.4563314,0.94716996,117399,True,False,2020,0.7112663,0.055929624,0.130168,False,,,0.52915,0.090122685,0.046144985,0.055999998,-0.0,0.19226766,-0.0,-0.031399775,0.6900179
cand_004362,2025,PM,Entry,Canada,<30,24,None,3,2022,unknown,1.5966287,1.3531715,0,2.316117,9,0,Junior Engineer,201-1000,0.0,0,32,5,1,3,True,False,True,False,False,True,False,True,False,False,True,True,False,6,0,1,False,True,False,False,0,379,28,1,0.9328954,0.9297727,77326,False,False,2023,0.7390791,0.0,0.27021363,True,,,0.6684679,0.08395154,0.037741978,0.048,-0.0,0.16969353,-0.0,-0.038661573,0.7994998
cand_004028,2025,Security,Mid,India,40-49,42,MS,5,2006,3.8+,17.134733,13.28892,5,3.1668859,19,1,Staff Engineer,201-1000,4.2151685,29,16,5,2,0,True,False,False,False,False,True,False,False,False,False,True,True,False,4,1,0,False,True,True,False,0,898,16,3,0.47049102,0.6565933,248386,False,False,2008,0.5182649,0.18445505,0.30947003,False,,,0.46399054,0.099743955,0.047745183,0.032,-0.0,0.17948914,-0.015,0.026464289,0.654944
cand_003426,2025,PM,Entry,EU,60+,65,Bootcamp,2,1982,3.5-3.7,41.724525,36.80177,14,2.1127195,8,0,Principal Engineer,11-50,11.210996,73,39,4,1,3,True,False,True,False,False,True,True,False,True,False,False,True,False,4,1,0,False,False,True,True,0,756,9,0,0.63607955,0.70779115,402548,False,False,1983,0.56054926,0.4823299,0.24648394,False,,,0.514186,0.038702298,0.0060807858,0.032,-0.01,0.06678309,-0.032,-0.02468527,0.5242838
cand_020268,2025,Data,Director,India,40-49,40,PhD,5,2007,3.0-3.4,16.971817,13.286976,5,2.5495248,16,2,Engineering Manager,51-200,4.4052386,21,30,1,0,3,True,True,True,False,False,False,True,False,True,False,False,False,False,4,0,1,False,True,False,True,0,760,35,5,0.5624921,0.7437588,197733,False,False,2008,0.5391651,0.17415716,0.17744455,False,,,0.525624,0.09974473,0.04700781,0.032,-0.0,0.17875254,-0.015,-0.016921982,0.67245454
cand_020057,2025,Sales,Mid,India,30-39,31,None,3,2015,<3.0,9.934999,7.4917707,2,2.8800561,10,0,Senior Engineer,11-50,1.7719344,9,32,3,1,0,True,False,True,False,False,True,True,False,False,False,True,False,False,5,0,0,False,True,False,False,0,478,44,3,0.6311746,0.83675253,135843,False,True,2015,0.6179016,0.07115804,0.33600655,True,,,0.55626166,0.09691224,0.04769819,0.04,-0.0,0.18461043,-0.005,0.05193483,0.7878069
cand_011478,2025,SRE,Manager,EU,50-59,50,Bootcamp,3,1998,3.5-3.7,26.136055,24.930765,6,3.089647,1,0,Senior Engineering Manager,51-200,6.544202,50,30,1,1,4,True,False,True,True,False,True,False,False,True,False,False,True,True,4,3,1,False,True,True,True,0,353,20,3,0.71183807,0.9717256,259998,False,False,1999,0.58153427,0.29632607,0.3604588,True,,,0.61148846,0.07725705,0.033766877,0.032,-0.02,0.12302394,-0.022,0.04522292,0.7577353
cand_047944,2025,PM,Staff,Other,40-49,44,Bootcamp,1,2003,3.8+,20.674112,18.039455,7,3.6452193,6,0,Senior Engineering Manager,51-200,6.5134406,43,28,3,0,0,True,True,True,True,True,True,False,True,True,False,True,True,True,2,2,1,False,True,False,False,0,522,30,5,0.64210165,0.83248526,225925,False,True,2004,0.44342035,0.28140324,0.4252756,False,,,0.5712326,0.09452664,0.033996742,0.016,-0.02,0.12452339,-0.015,-0.023847396,0.65690863
cand_029392,2025,SRE,Senior,Other,30-39,34,None,3,2014,unknown,9.6969,8.15744,4,2.7563994,0,1,Senior Engineer,1-10,1.8921051,0,11,3,2,2,False,False,True,False,False,False,False,False,True,False,False,False,False,4,0,3,False,True,False,False,0,676,31,6,0.6237606,0.8329866,169258,True,True,2015,0.5647521,0.056763154,0.26157993,True,,,0.57091355,0.09774717,0.048118453,0.032,-0.0,0.17786562,-0.005,0.008776218,0.7525554
cand_029046,2025,PM,Senior,US-Central,<30,28,BS,3,2019,3.8+,6.7801213,5.630303,2,3.365911,0,1,Senior Engineer,1-10,0.17072177,1,8,4,2,4,True,False,True,False,False,False,False,False,True,True,True,False,True,5,0,1,False,True,False,False,0,632,5,7,0.94186467,0.645708,97984,False,False,2018,0.68837297,0.0071216533,0.33268958,True,,,0.65079427,0.093930714,0.038934182,0.04,-0.0,0.17286488,-0.0,-0.02480666,0.7988525
cand_008564,2025,SWE,Director,EU,40-49,43,PhD,2,2003,unknown,19.775064,18.825287,5,1.6930327,12,0,Principal Engineer,11-50,2.9434576,19,6,1,2,4,True,True,False,False,False,True,False,False,False,False,True,True,True,6,2,0,False,False,True,True,0,686,39,4,0.7850155,0.6862396,199214,False,True,2005,0.7070031,0.12630373,0.19752048,True,,,0.5860033,0.09306335,0.049995005,0.048,-0.01,0.18105836,-0.015,0.02380189,0.7758635
cand_039506,2025,SRE,Staff,EU,40-49,47,MS,2,2000,<3.0,22.704792,18.553638,8,3.050716,14,2,Senior Engineering Manager,1000+,7.4789104,22,23,3,1,3,True,False,False,False,True,True,False,False,False,True,False,True,False,3,0,0,False,False,True,False,0,928,26,5,0.51292676,0.6559845,248092,False,True,2002,0.4709187,0.26836735,0.23591685,False,,,0.4907213,0.09358677,0.026712406,0.024,-0.02,0.12429918,-0.015,0.0027726206,0.6027931
cand_049804,2025,IT,Mid,US-East,50-59,58,MS,4,1990,unknown,31.328562,27.611269,6,3.631581,2,2,Engineering Manager,51-200,8.273602,61,23,5,1,3,True,True,True,False,False,False,False,False,False,True,False,True,True,2,4,0,False,True,False,True,0,863,31,8,0.83709973,0.8428418,333328,False,True,1994,0.4857533,0.37020805,0.30368447,True,,,0.6595533,0.06865349,0.020966653,0.016,-0.0,0.105620146,-0.022,0.025146833,0.76832026
cand_025449,2025,SWE,Staff,UK,<30,24,None,5,2024,3.5-3.7,0.0,0.0,2,3.8387697,7,1,Intern,201-1000,0.0,0,9,4,0,2,True,True,False,False,True,False,True,False,True,False,False,True,True,5,1,1,False,True,False,False,0,604,31,4,0.8841217,0.72521985,91878,True,False,2025,0.670991,0.0,0.38785645,True,,,0.6284866,0.08007374,0.037741978,0.04,-0.0,0.15781572,-0.0,-0.0050648074,0.78123754
cand_034921,2025,IT,Entry,UK,<30,22,MS,1,2024,unknown,0.086692914,0.0811784,0,1.9407135,0,0,Intern,1000+,0.052364085,0,17,3,0,1,False,True,True,False,True,False,False,False,False,False,True,False,False,6,0,1,False,False,True,False,0,809,9,4,0.91110665,0.9103961,92241,True,True,2025,0.74222136,0.0015709227,0.22641659,True,,,0.6749666,0.08031404,0.0381111,0.048,-0.0,0.16642514,-0.0,0.026666472,0.86805815
cand_030477,2025,IT,Manager,India,<30,24,Bootcamp,5,2022,unknown,0.0,0.0,0,2.7116423,1,0,Intern,51-200,0.0,0,22,2,1,4,True,True,False,False,False,True,False,False,True,True,True,True,False,6,0,0,True,False,False,False,0,774,54,4,0.80562973,0.8003757,69810,False,True,2025,0.7202926,0.0,0.31635827,True,,,0.6160456,0.08007374,0.037741978,0.048,-0.0,0.16581571,-0.0,-0.053865656,0.72799563
cand_013519,2025,SRE,Director,UK,<30,26,BS,1,2020,3.8+,3.6687624,3.0075974,0,2.962506,12,1,Engineer,1000+,0.0,1,28,3,1,1,True,False,False,False,False,True,True,False,False,False,False,False,False,7,0,0,True,True,False,False,0,334,28,1,0.7499404,0.662252,116578,False,True,2021,0.75998807,0.002,0.2856257,True,,,0.55092955,0.08826831,0.037741978,0.055999998,-0.0,0.18201028,-0.0,0.021888282,0.7548281
cand_034007,2025,Sales,Manager,UK,30-39,35,MS,2,2013,unknown,11.199797,11.072073,5,2.5246542,0,1,Senior Engineer,1-10,0.8280221,2,16,1,1,0,True,False,False,False,True,True,True,True,False,True,False,True,True,7,0,3,False,True,False,True,0,612,45,7,0.80120367,0.66393167,176155,False,False,2014,0.7802408,0.028840667,0.23454297,True,,,0.6052076,0.09986722,0.043146506,0.055999998,-0.0,0.19901371,-0.005,0.014462791,0.8136841
cand_021315,2025,IT,Entry,Other,<30,22,AA,1,2024,unknown,1.661592,1.5111167,1,1.5874776,5,0,Engineer,11-50,0.0,0,28,3,1,4,True,True,True,False,True,True,False,True,False,False,True,True,True,6,0,3,False,True,False,False,0,585,29,2,0.5310333,0.61662525,127848,False,True,2023,0.66204,0.0,0.18520571,False,,,0.4711867,0.08438515,0.037741978,0.048,-0.0,0.17012712,-0.0,-0.02783396,0.61347985
cand_042424,2025,Sales,Director,Other,<30,22,None,1,2025,<3.0,0.08307354,0.06894833,0,3.3765771,6,0,Intern,11-50,0.8533989,9,24,4,1,2,False,False,True,False,True,True,False,False,False,False,False,False,True,3,0,1,False,True,False,False,0,506,25,10,0.69702035,0.72307765,110953,True,False,2025,0.51440406,0.043601967,0.39393398,False,,,0.5985726,0.08027789,0.04329453,0.024,-0.0,0.14757243,-0.0,-0.06798946,0.67815554
cand_048900,2025,Data,Senior,US-East,<30,29,None,2,2017,unknown,7.1739454,6.7808037,0,2.7292867,14,2,Staff Engineer,201-1000,1.6617234,7,9,4,2,4,True,False,False,True,True,False,False,False,True,True,False,True,True,6,1,0,False,False,False,False,0,887,18,8,0.6583738,0.6374733,122150,False,False,2018,0.6800081,0.06385171,0.19841677,True,,,0.5559255,0.09588342,0.04727846,0.048,-0.0,0.19116187,-0.0,0.072459616,0.819547
cand_047632,2025,SWE,Staff,US-Central,40-49,43,PhD,4,2005,unknown,20.005907,16.975727,5,3.8828928,6,0,Engineering Manager,1000+,4.219161,17,16,4,0,2,True,True,False,False,True,True,False,False,True,True,False,False,False,2,0,1,False,False,False,False,0,621,16,4,0.8162859,0.92176557,232268,True,False,2005,0.47825718,0.16057482,0.45300415,True,,,0.64405316,0.09625141,0.047730684,0.016,-0.0,0.1599821,-0.015,0.02717801,0.81621325
cand_049788,2025,Sales,Senior,US-Central,60+,61,None,4,1987,3.0-3.4,38.904514,35.938667,8,2.4974387,12,0,Engineering Manager,51-200,10.626265,28,11,5,3,0,False,False,False,False,False,False,True,False,False,True,True,True,False,3,3,0,False,True,False,False,0,463,39,9,0.58758813,0.960029,408222,False,False,1986,0.48751763,0.37478796,0.29136783,False,,,0.6016617,0.041298185,0.008121589,0.024,-0.0,0.07341978,-0.032,-0.027592734,0.61548877
cand_044231,2025,SRE,Senior,EU,<30,25,None,5,2023,unknown,2.6056752,2.3293037,1,2.7301517,0,0,Engineer,11-50,1.5128763,11,27,2,2,3,True,False,True,False,True,True,True,False,True,False,True,True,False,3,0,1,False,False,True,True,0,637,46,3,0.61251986,0.8768539,103090,False,False,2022,0.502504,0.06738629,0.31851768,False,,,0.5577527,0.086560674,0.046661176,0.024,-0.0,0.15722185,-0.0,-0.026386235,0.6885883
cand_010723,2025,SWE,Entry,Other,<30,28,MS,1,2020,unknown,4.069919,3.6708522,2,3.4064035,0,0,Engineer,51-200,0.0,0,15,3,1,2,False,True,True,False,False,True,True,False,True,False,True,True,False,4,0,1,False,False,False,True,0,706,44,4,0.75082994,0.71708536,111051,True,False,2021,0.590166,0.0,0.39741376,True,,,0.5802076,0.0898472,0.037741978,0.032,-0.0,0.15958919,-0.0,0.011069074,0.7508658
cand_013154,2025,Sales,Staff,Canada,30-39,34,PhD,1,2014,unknown,9.069056,7.352269,2,2.999438,1,0,Staff Engineer,51-200,3.9229183,22,6,3,3,4,True,True,False,True,True,True,False,False,False,False,True,True,False,5,0,2,False,False,False,True,0,503,31,2,0.78443134,0.6712149,144533,False,False,2016,0.65605295,0.16168755,0.34993443,True,,,0.570794,0.0967214,0.048686653,0.04,-0.0,0.18540806,-0.005,-0.0015434121,0.74965864
cand_013762,2025,Sales,Director,UK,40-49,48,None,2,1999,unknown,24.674377,24.220005,6,2.7021477,0,2,Staff Engineer,51-200,8.550362,62,20,4,2,1,False,False,False,False,False,True,True,False,True,False,True,True,False,3,0,1,False,True,True,False,0,744,22,2,0.50992876,0.60359085,307100,False,False,2000,0.48198575,0.38051087,0.19525054,False,,,0.46119323,0.079417996,0.019092957,0.024,-0.0,0.122510955,-0.015,0.030866526,0.5995707
cand_042811,2025,SWE,Mid,US-East,<30,29,Bootcamp,5,2018,unknown,5.7786427,5.1153016,0,3.7251484,3,0,Engineer,11-50,1.0968428,7,25,2,0,1,True,False,True,False,False,False,False,False,True,False,True,True,False,7,1,1,False,False,True,False,0,636,30,4,0.84800106,0.71809155,113283,False,False,2019,0.7871002,0.046905287,0.43460065,True,,,0.6144187,0.09294645,0.04464915,0.055999998,-0.0,0.19359559,-0.0,-0.00935269,0.7986616
cand_030803,2025,Data,Senior,Other,30-39,39,AA,5,2008,unknown,15.391754,13.506934,1,1.2337606,0,0,Staff Engineer,11-50,3.3130174,12,14,1,1,1,True,True,False,True,True,False,False,True,True,False,False,True,False,4,1,0,False,True,False,False,0,860,25,7,0.72689736,0.6096868,210113,False,False,2010,0.5853795,0.123390526,0.14393874,True,,,0.56835145,0.09965017,0.04984714,0.032,-0.0,0.1814973,-0.005,0.004801137,0.7496499
cand_036260,2025,PM,Mid,US-East,60+,64,BS,1,1983,3.0-3.4,42.451344,42.10614,17,3.695947,11,0,Principal Engineer,51-200,12.0,25,19,2,2,4,True,False,False,False,True,True,False,True,True,False,True,True,False,5,3,2,False,False,True,False,0,813,38,6,0.76267487,0.77020496,391559,False,False,1983,0.6433683,0.41000003,0.43119383,False,,,0.6069772,0.024690932,0.0039779753,0.04,-0.01,0.058668904,-0.032,0.018612362,0.6522585
cand_021436,2025,SWE,Senior,Other,30-39,38,Bootcamp,2,2008,unknown,16.484598,14.018681,4,3.4163063,1,0,Principal Engineer,1000+,2.695567,12,22,2,0,3,True,False,False,False,False,True,False,False,False,True,False,True,True,4,0,1,False,True,False,False,0,646,28,6,0.6015584,0.97282547,227358,False,False,2009,0.55947834,0.10486701,0.39856908,True,,,0.5911106,0.0993731,0.0498554,0.032,-0.01,0.1712285,-0.005,-0.023870751,0.73346835
cand_025970,2025,Data,Senior,EU,60+,65,BS,2,1983,3.0-3.4,39.52905,35.02861,9,3.543364,0,2,Engineering Manager,51-200,9.634209,45,12,4,0,3,False,True,True,True,True,True,False,False,True,False,True,True,False,3,5,0,True,True,False,False,0,791,34,4,0.7041548,0.8562027,410607,False,True,1985,0.520831,0.37902626,0.29339245,False,,,0.5916947,0.044114124,0.012636954,0.024,-0.0,0.08075108,-0.032,0.022077328,0.6625231
cand_032203,2025,PM,Director,US-Central,40-49,43,Bootcamp,3,2003,3.5-3.7,19.63118,18.84549,6,2.509321,9,1,Engineering Manager,51-200,3.525824,30,13,1,2,1,True,True,False,False,True,False,False,True,False,False,True,True,False,2,0,3,False,True,False,False,0,517,49,6,0.9330957,0.60734975,220830,True,True,2005,0.49911916,0.16577473,0.23275411,True,,,0.63405347,0.093023695,0.049569845,0.016,-0.0,0.15859354,-0.015,0.034296006,0.81194305
cand_007180,2025,PM,Senior,US-Central,50-59,58,PhD,5,1989,unknown,31.568502,27.81865,7,3.5079844,1,0,Principal Engineer,11-50,10.146653,21,7,3,4,3,False,True,True,True,True,True,True,False,False,False,False,False,False,3,2,2,False,True,True,False,0,636,43,5,0.5556277,0.619995,341843,False,False,1993,0.4902922,0.3463996,0.40926483,False,,,0.4984687,0.06796639,0.010134446,0.024,-0.01,0.09210084,-0.022,-0.0066223894,0.56194717
cand_041280,2025,SWE,Manager,EU,30-39,36,MS,5,2010,3.0-3.4,14.924643,14.440424,4,3.1678996,0,0,Staff Engineer,51-200,2.716647,17,16,4,0,3,False,True,True,False,False,False,False,False,False,True,False,False,False,4,2,0,False,True,False,False,0,725,10,2,0.8161411,0.8096205,157290,False,False,2010,0.6032282,0.11549941,0.36958826,True,,,0.6095735,0.09908513,0.049874704,0.032,-0.0,0.18095984,-0.005,0.019544,0.8050773
cand_028086,2025,PM,Director,EU,60+,65,PhD,5,1981,<3.0,43.926292,39.877666,11,2.4103305,3,0,Staff Engineer,11-50,10.276364,35,27,3,2,3,True,True,False,False,False,True,False,False,True,False,True,True,False,2,3,3,False,False,False,False,0,686,7,3,0.47755116,0.8647862,391832,False,False,1981,0.41301024,0.37829092,0.2812052,False,,,0.50810015,0.03013968,0.00955894,0.016,-0.0,0.05569862,-0.032,-0.006975184,0.5248236
cand_013701,2025,Sales,Entry,US-Central,30-39,34,MS,5,2012,unknown,10.419196,7.958222,1,0.7430554,0,1,Senior Engineer,11-50,1.7023617,13,30,1,0,2,True,False,True,False,False,True,False,True,False,False,False,False,False,4,0,1,True,True,False,True,0,541,26,9,0.8389593,0.9030723,155863,True,False,2015,0.60779184,0.077070855,0.02668979,True,,,0.6782502,0.097510524,0.04743699,0.032,-0.0,0.17694752,-0.005,0.005164589,0.8553623
cand_001003,2025,Sales,Director,UK,50-59,51,None,3,1995,unknown,30.477358,29.400126,10,2.0125284,0,0,Staff Engineer,201-1000,8.418273,68,15,3,1,2,True,False,False,True,True,False,True,False,False,False,True,True,False,3,1,2,False,False,False,True,0,989,26,4,0.75784415,0.9874456,327640,True,False,1995,0.5315688,0.3885482,0.23479499,False,,,0.6367346,0.06267366,0.019977277,0.024,-0.0,0.10665093,-0.022,-0.002705879,0.71867967
cand_009058,2025,Sales,Manager,US-East,40-49,46,BS,2,2002,3.0-3.4,22.67452,20.628033,9,3.1723747,0,0,Staff Engineer,201-1000,5.955314,29,40,1,0,0,False,False,True,True,False,False,True,True,False,False,False,True,False,2,2,0,False,False,False,False,0,721,40,2,0.88122165,0.8292257,251230,True,True,2002,0.4962443,0.23665942,0.3701104,True,,,0.6362727,0.08914721,0.038057156,0.016,-0.0,0.14320436,-0.015,0.030203242,0.79468036
cand_044234,2025,Security,Senior,Other,<30,29,BS,3,2017,unknown,7.2918863,6.65406,2,3.8087204,18,2,Senior Engineer,11-50,1.8019125,7,28,9,0,1,True,True,False,False,False,True,False,False,False,True,True,False,False,5,0,1,False,False,False,False,0,690,11,4,0.84341425,0.78122747,128058,False,False,2018,0.6536829,0.06805738,0.32435068,True,,,0.6254405,0.09568549,0.04780673,0.04,-0.0,0.18349221,-0.0,0.017542293,0.82647496
cand_025674,2025,Security,Mid,UK,40-49,41,Bootcamp,4,2005,unknown,16.436893,15.058116,4,2.7362392,0,0,Engineering Manager,11-50,1.9859765,12,18,4,1,5,True,False,True,False,True,False,False,False,False,False,False,True,False,5,3,1,False,False,True,False,0,480,22,3,0.7035131,0.7085695,212270,False,False,2009,0.6407026,0.083579294,0.3192279,True,,,0.5559435,0.09856715,0.04841891,0.04,-0.0,0.18698606,-0.015,0.037851978,0.7657816
cand_045055,2025,Security,Staff,Canada,50-59,54,Bootcamp,1,1994,unknown,29.373648,27.576366,11,4.146841,1,0,Principal Engineer,1000+,5.362097,32,34,4,2,2,False,False,True,False,True,False,False,False,True,False,False,True,False,1,1,0,False,False,False,False,0,798,35,3,0.9701302,0.6306929,278701,False,False,1996,0.4531927,0.22486293,0.48379812,False,,,0.63368416,0.0687689,0.04199975,0.008,-0.01,0.10876866,-0.022,-0.009831483,0.7106213
cand_035143,2025,SRE,Manager,EU,<30,26,PhD,1,2022,<3.0,2.8167775,2.3954723,1,2.4055934,6,0,Engineer,201-1000,0.86209667,10,13,6,1,2,True,False,False,False,False,False,False,False,False,False,True,True,False,6,0,2,False,False,False,False,0,472,5,6,0.9553181,0.8209428,106828,True,True,2022,0.74606365,0.045862906,0.28065255,True,,,0.6845499,0.08673122,0.04334498,0.048,-0.0,0.17807621,-0.0,0.031315587,0.8939417
cand_038162,2025,PM,Senior,Other,<30,23,BS,3,2025,<3.0,0.0,0.0,1,4.190708,1,0,Intern,11-50,0.0,0,29,1,0,1,True,True,False,False,True,True,False,False,False,False,False,True,False,5,0,1,False,True,False,False,0,496,25,3,0.9641522,0.73263496,51295,False,False,2025,0.6919971,0.0,0.48891592,True,,,0.6519803,0.08007374,0.037741978,0.04,-0.0,0.15781572,-0.0,0.022115873,0.83191186
cand_022476,2025,IT,Mid,UK,30-39,32,BS,2,2015,unknown,7.189864,5.992512,1,1.6647896,15,2,Senior Engineer,51-200,0.054665387,0,31,5,2,2,True,True,True,False,False,False,True,True,False,True,True,True,False,5,0,1,False,True,True,False,0,615,23,5,0.8023196,0.9678415,116514,False,False,2018,0.64796394,0.0016399616,0.07422544,True,,,0.6543801,0.094582826,0.038127255,0.04,-0.0,0.17271009,-0.005,-0.0010842887,0.8210059
cand_023006,2025,IT,Staff,Other,30-39,32,HS,3,2016,3.8+,7.5046015,6.0674405,2,2.75604,3,0,Senior Engineer,11-50,0.0,4,10,3,0,1,True,True,False,False,True,True,True,False,False,True,True,True,False,5,0,0,False,False,False,False,0,437,5,3,0.46237203,0.7657314,153768,False,True,2017,0.5899744,0.008,0.321538,False,,,0.48297653,0.094713494,0.037741978,0.04,-0.0,0.17245546,-0.005,0.023182599,0.67361456
cand_045343,2025,Data,Staff,India,30-39,33,PhD,4,2014,<3.0,7.1757493,7.0903306,1,4.222643,5,0,Senior Engineer,1-10,2.8431776,12,18,3,1,2,True,False,True,False,True,False,False,True,True,True,True,True,False,4,0,2,False,False,False,False,0,1018,26,8,0.94080603,0.6955535,171973,False,False,2018,0.6239945,0.10929534,0.49264166,True,,,0.6663928,0.09634846,0.04996159,0.032,-0.0,0.17831005,-0.005,-0.058693618,0.7810092
cand_036127,2025,Data,Staff,EU,40-49,42,None,5,2006,unknown,17.328728,15.531984,7,3.1125827,1,1,Staff Engineer,51-200,4.9943132,16,16,2,0,5,False,False,True,False,True,False,False,False,True,False,True,True,False,2,0,0,False,True,False,False,0,353,15,6,0.76682115,0.62681884,181992,False,False,2008,0.4725309,0.18182941,0.30313465,True,,,0.5797512,0.098093264,0.04415618,0.016,-0.0,0.15824944,-0.015,0.030795721,0.75379634
cand_049709,2025,Sales,Mid,US-Central,50-59,53,MS,4,1994,unknown,28.156216,27.957844,8,3.1284175,0,0,Senior Engineering Manager,11-50,9.169098,38,14,7,1,4,True,True,False,True,True,False,True,False,False,False,False,False,False,4,2,1,False,True,False,True,0,518,17,3,0.54154897,0.93077666,283862,False,True,1997,0.5483098,0.35107297,0.364982,False,,,0.5436975,0.06750404,0.015221635,0.032,-0.02,0.09472568,-0.022,-0.013555507,0.6028676
cand_013098,2025,Sales,Director,Other,<30,25,AA,2,2021,3.8+,4.8117933,3.7224026,0,0.9752193,0,1,Engineer,1-10,0.12688175,5,16,5,1,0,True,False,False,False,True,True,True,True,True,False,False,True,False,4,0,0,False,True,False,False,0,720,56,5,0.5533358,0.97207445,76549,False,False,2020,0.55066717,0.013806453,0.05377558,False,,,0.56808245,0.089965984,0.038631197,0.032,-0.0,0.16059719,-0.0,-0.030427149,0.6982525
cand_037195,2025,Data,Manager,US-Central,30-39,37,HS,2,2010,unknown,14.699063,12.114766,2,1.2142454,14,2,Staff Engineer,1000+,4.1893735,28,10,5,1,2,True,True,False,False,True,True,False,False,True,False,False,True,False,3,2,1,True,True,False,False,0,349,29,4,0.7348732,0.8993689,177204,False,False,2010,0.51530796,0.18168122,0.021661952,True,,,0.61107934,0.09999797,0.04783782,0.024,-0.0,0.1718358,-0.005,0.019571034,0.7974861
cand_004107,2025,IT,Manager,US-Central,50-59,50,PhD,4,1996,unknown,27.828728,24.30048,5,3.1022832,0,3,Engineering Manager,201-1000,8.644785,23,26,1,2,4,True,True,True,True,True,False,True,False,True,False,False,True,False,1,2,1,False,True,False,False,0,540,30,4,0.681813,0.6813201,280062,False,False,1997,0.3963626,0.30534357,0.18193305,False,,,0.5488986,0.079176515,0.018472547,0.008,-0.0,0.10564906,-0.022,-0.010372926,0.6221747
cand_041335,2025,Sales,Senior,US-East,40-49,42,AA,3,2005,unknown,20.474648,18.376822,6,2.5461416,0,0,Principal Engineer,51-200,4.6498575,13,13,3,1,2,True,False,True,False,True,True,False,True,True,False,True,False,False,2,2,2,False,False,False,False,0,537,22,4,0.6293552,0.7657045,225112,True,True,2005,0.44587106,0.16549572,0.29704985,False,,,0.54741526,0.09391756,0.0459227,0.016,-0.01,0.14584026,-0.015,0.010329131,0.6885847
cand_025222,2025,Sales,Staff,India,30-39,38,MS,3,2010,unknown,15.673487,14.871224,6,1.2523026,10,2,Staff Engineer,201-1000,2.5464504,6,27,2,0,4,True,False,True,False,False,False,True,False,False,True,True,False,False,5,0,1,False,True,False,False,0,942,41,3,0.58320194,0.65027666,210091,True,False,2009,0.60830706,0.08839352,0.026101962,False,,,0.50217605,0.09873585,0.04967961,0.04,-0.0,0.18841547,-0.005,-0.0099741705,0.67561734
cand_035839,2025,Data,Mid,India,40-49,43,PhD,3,2003,3.0-3.4,20.029205,16.493587,5,2.1038756,10,0,Principal Engineer,1-10,4.5416756,13,18,1,2,2,True,False,True,True,False,True,True,True,True,False,True,True,True,5,1,2,True,False,False,False,0,531,15,2,0.45984554,0.7278806,211000,False,True,2005,0.5836358,0.16225027,0.24545215,False,,,0.46852207,0.09693195,0.04642087,0.04,-0.01,0.17335282,-0.015,0.07053686,0.6974118
cand_029718,2025,Security,Entry,EU,40-49,42,Bootcamp,4,2005,unknown,18.664648,18.492935,6,3.8554742,0,1,Engineering Manager,51-200,2.3950129,17,28,2,1,2,False,True,True,False,False,True,False,False,False,False,False,True,False,2,1,2,False,True,False,False,0,547,23,7,0.62733936,0.7579945,227568,True,False,2006,0.4454679,0.10585039,0.38980532,False,,,0.5631677,0.09370122,0.049431365,0.016,-0.0,0.15913258,-0.015,0.009522202,0.7168225
cand_046952,2025,Security,Manager,EU,30-39,30,MS,1,2018,unknown,7.745962,5.853961,2,3.231245,0,1,Senior Engineer,51-200,0.0,6,10,6,1,2,True,False,True,False,True,True,False,False,True,True,False,True,False,6,0,3,False,False,False,False,0,1000,30,4,0.6220429,0.9962878,140829,False,False,2017,0.6844086,0.012,0.31697857,True,,,0.59097254,0.09433736,0.037741978,0.048,-0.0,0.18007934,-0.005,-0.019302832,0.74674904
cand_029827,2025,Data,Director,Canada,<30,23,BS,5,2025,3.0-3.4,0.0,0.0,0,2.2897053,6,0,Intern,11-50,1.1567788,5,36,7,1,2,False,True,True,False,False,False,False,False,False,False,False,True,False,5,0,0,False,True,False,False,0,383,27,4,0.73679036,0.98684084,70943,False,False,2025,0.64235806,0.044703368,0.26713228,True,,,0.6292448,0.08007374,0.044963554,0.04,-0.0,0.16503727,-0.0,0.010264023,0.8045461
cand_017542,2025,SRE,Staff,US-Central,30-39,39,MS,5,2008,3.0-3.4,14.9447775,12.468435,4,3.5470064,0,0,Staff Engineer,51-200,3.2060711,20,26,2,1,1,False,True,False,True,True,True,True,False,False,True,True,True,False,4,1,0,False,True,True,False,0,717,25,4,0.65156484,0.6163815,191065,True,False,2010,0.570313,0.13618214,0.4138174,False,,,0.525324,0.099966146,0.049933694,0.032,-0.0,0.18189985,-0.005,-0.0053068353,0.696917
cand_024915,2025,Data,Mid,UK,<30,23,MS,5,2023,3.0-3.4,1.7389963,1.3821466,0,2.2385004,4,2,Junior Engineer,1000+,0.0,0,18,3,3,2,True,False,True,True,True,True,False,False,True,False,True,True,False,6,0,2,False,False,True,False,0,665,17,3,0.9244064,0.7461405,111213,False,False,2023,0.74154794,0.0,0.14115837,True,,,0.6407703,0.084031396,0.037741978,0.048,-0.0,0.16977337,-0.0,-0.015604052,0.7949396
cand_004513,2025,Sales,Senior,Canada,30-39,34,HS,3,2013,unknown,12.207399,9.303202,3,2.021047,5,0,Staff Engineer,51-200,0.28124472,0,31,4,0,2,True,True,True,True,False,True,False,False,True,False,False,True,False,4,0,1,False,False,True,False,0,289,28,4,0.8416306,0.8632457,169833,False,False,2013,0.6041595,0.008437342,0.23578884,True,,,0.64121985,0.09888395,0.039687432,0.032,-0.0,0.17057139,-0.005,0.021927431,0.82871866
cand_019936,2025,IT,Mid,UK,<30,26,Bootcamp,3,2022,unknown,2.339432,1.8641561,0,4.2857413,17,1,Engineer,201-1000,1.2292167,8,15,2,2,2,True,False,False,False,False,True,True,False,False,False,True,True,False,4,0,0,False,False,False,False,0,708,23,2,0.61529493,0.9439337,85452,False,False,2023,0.5488923,0.052876502,0.44000316,False,,,0.56613994,0.0853387,0.045332905,0.032,-0.0,0.16267161,-0.0,-0.059420973,0.66939056
cand_046524,2025,SWE,Entry,Canada,40-49,40,None,2,2007,<3.0,16.480215,15.57253,5,2.0338547,7,1,Staff Engineer,1000+,3.7730296,12,41,6,2,1,True,True,True,False,True,True,False,True,True,False,False,True,True,6,1,1,False,True,False,True,0,527,35,5,0.80279404,0.6887693,205353,True,True,2009,0.7147255,0.1371909,0.17728305,True,,,0.59873176,0.09804967,0.049074955,0.048,-0.0,0.19512463,-0.015,0.024700075,0.80355644
cand_024510,2025,Data,Senior,UK,50-59,55,HS,1,1991,3.0-3.4,34.40588,26.295732,8,1.8350378,0,1,Principal Engineer,51-200,8.628189,58,15,2,2,0,True,True,True,False,True,True,True,False,True,False,False,True,True,1,1,0,False,True,True,False,0,445,27,1,0.7032516,0.9192399,337085,False,False,1991,0.40065032,0.37484568,0.15408774,False,,,0.585986,0.07295096,0.01858086,0.008,-0.01,0.089531824,-0.022,0.0017135959,0.6552314
cand_027441,2025,PM,Director,UK,<30,26,AA,5,2021,<3.0,3.172909,2.4708278,0,2.4445813,2,2,Engineer,1-10,0.0,4,10,5,1,2,True,True,True,False,False,True,False,False,True,False,True,True,False,4,0,1,False,True,False,False,0,824,36,4,0.9768649,0.7748564,81192,False,False,2022,0.63370633,0.008,0.16520113,True,,,0.670874,0.0869244,0.037741978,0.032,-0.0,0.15666638,-0.0,-0.0066237254,0.82091665
cand_012001,2025,PM,Director,US-West,50-59,59,Bootcamp,4,1987,unknown,37.070614,31.81599,9,2.1479182,0,0,Senior Engineering Manager,51-200,11.101442,33,21,1,0,2,True,False,True,False,False,True,False,True,True,True,False,True,False,3,1,2,False,True,False,True,0,1005,23,5,0.6693692,0.9169419,371642,True,False,1988,0.5138738,0.3990433,0.25059044,False,,,0.59766763,0.054554086,0.006430037,0.024,-0.02,0.06498413,-0.022,-0.006908997,0.63374275
cand_023353,2025,Data,Mid,UK,40-49,44,HS,2,2002,3.5-3.7,22.373363,20.16146,4,3.7425525,0,1,Engineering Manager,1-10,5.82414,18,16,3,1,0,False,True,True,False,False,True,False,False,True,False,False,True,True,2,1,1,False,True,False,False,0,823,19,2,0.6960224,0.87580705,226645,False,False,2003,0.4592045,0.21072422,0.3766311,False,,,0.58076924,0.090231426,0.03896954,0.016,-0.0,0.14520097,-0.015,-0.008303553,0.70266664
cand_027292,2025,Sales,Staff,US-East,50-59,55,HS,3,1992,unknown,32.23355,25.727367,11,3.437605,0,0,Principal Engineer,201-1000,8.778061,46,16,3,1,2,True,False,False,False,True,False,True,True,False,True,True,True,False,3,2,0,False,True,True,True,0,771,17,2,0.88736546,0.6950808,335247,False,False,1993,0.55747306,0.35534185,0.4010539,True,,,0.6115941,0.074766256,0.017614298,0.024,-0.01,0.10638056,-0.022,0.067765035,0.7637397
cand_034203,2025,Security,Director,EU,30-39,35,None,3,2011,3.8+,13.520585,12.828795,4,3.6623507,15,1,Principal Engineer,201-1000,2.3139098,15,12,1,2,4,True,True,False,False,True,False,False,False,True,True,True,True,False,6,1,1,False,False,False,False,0,672,28,4,0.5230895,0.8724396,176503,False,False,2011,0.6521179,0.0994173,0.36727425,True,,,0.53156924,0.09989405,0.04926988,0.048,-0.01,0.18716393,-0.005,0.01577506,0.7295083
cand_012147,2025,SRE,Senior,US-East,40-49,49,Bootcamp,5,1998,<3.0,26.124662,20.798578,7,3.212378,0,0,Senior Engineering Manager,1-10,6.3764186,21,30,3,1,2,True,True,True,False,False,False,False,False,True,False,False,True,True,2,2,1,False,False,False,False,0,595,36,4,0.56890357,0.7295182,279642,False,True,1999,0.4337807,0.23329256,0.37477744,False,,,0.51901984,0.08873928,0.035014655,0.016,-0.02,0.11975394,-0.015,0.018412886,0.6421867
cand_015291,2025,SRE,Director,India,30-39,31,HS,2,2016,3.0-3.4,8.878125,7.4858556,4,2.6674645,0,0,Senior Engineer,201-1000,1.6560098,6,24,4,0,0,True,True,True,False,True,True,False,False,False,False,True,True,False,3,1,4,False,True,False,False,0,565,32,12,0.5294612,0.81970644,151800,True,True,2016,0.48589224,0.061680295,0.3112042,True,,,0.5712527,0.09690426,0.047255825,0.024,-0.0,0.1681601,-0.005,0.039563287,0.7739761
cand_046879,2025,Security,Entry,Canada,30-39,39,AA,4,2009,unknown,14.732389,14.247311,1,3.5187352,3,1,Engineering Manager,201-1000,0.088366464,0,33,1,1,1,False,False,True,False,True,False,False,False,True,False,True,True,False,3,0,1,False,True,False,False,0,773,26,5,0.7144566,0.8433474,165571,False,True,2010,0.52039135,0.002650994,0.35051912,True,,,0.5987293,0.09922365,0.038363166,0.024,-0.0,0.16158682,-0.005,-0.01471627,0.7405999
cand_008690,2025,Data,Senior,India,<30,28,BS,1,2019,<3.0,3.9771476,3.6711886,0,4.3668513,4,0,Engineer,11-50,0.0,0,24,3,0,1,True,False,True,False,True,True,False,True,False,False,True,False,False,4,0,0,False,True,True,False,0,608,21,2,0.5338688,0.6917799,97528,False,False,2021,0.5434404,0.0,0.509466,False,,,0.48721007,0.08984798,0.037741978,0.032,-0.0,0.15958996,-0.0,0.05651528,0.7033153
cand_012653,2025,IT,Manager,Canada,30-39,30,PhD,4,2016,3.0-3.4,7.7870884,6.1933236,1,4.5078254,0,0,Senior Engineer,1000+,3.614746,11,14,4,2,2,False,False,True,False,False,True,False,False,True,False,False,False,False,6,0,0,False,False,False,False,0,572,27,4,0.52717364,0.8550423,122228,False,False,2017,0.6654347,0.13044238,0.52591294,False,,,0.5295192,0.09492973,0.049412988,0.048,-0.0,0.19234273,-0.005,-0.0019098294,0.7149521
cand_031469,2025,IT,Staff,Canada,40-49,42,None,2,2004,unknown,17.467613,14.637859,5,2.904375,4,0,Engineering Manager,1-10,1.9788718,17,24,5,3,0,False,False,False,False,False,True,False,False,False,False,False,True,False,5,0,4,False,True,False,False,0,536,29,1,0.90359867,0.9622039,218976,True,True,2008,0.6773864,0.09336616,0.33884376,True,,,0.66470027,0.09893193,0.048397034,0.04,-0.0,0.18732896,-0.015,0.016825957,0.8538552
cand_002954,2025,SRE,Senior,EU,<30,23,AA,1,2023,3.5-3.7,2.7047484,2.6615,1,3.435937,13,1,Junior Engineer,201-1000,2.021726,6,31,3,1,3,True,False,False,False,True,True,False,True,False,False,True,True,True,4,0,2,False,False,True,True,0,384,32,1,0.72144055,0.6154679,91118,False,True,2022,0.5734548,0.07265178,0.3408593,True,,,0.5315978,0.08740833,0.048526797,0.032,-0.0,0.16793513,-0.0,0.03644005,0.735973
cand_003003,2025,Sales,Staff,EU,<30,23,MS,1,2024,unknown,0.0,0.0,0,3.2192185,0,1,Intern,1-10,1.6362005,9,28,5,1,4,True,False,False,True,True,False,False,True,True,True,False,True,False,6,0,0,False,False,False,False,0,229,10,4,0.63406557,0.7475563,77672,False,False,2025,0.6868131,0.06708602,0.31557548,True,,,0.54543424,0.08007374,0.047176678,0.048,-0.0,0.17525041,-0.0,0.039092578,0.75977725
cand_015813,2025,Security,Mid,Other,50-59,56,BS,5,1992,3.5-3.7,31.752169,28.139025,12,4.371672,2,0,Principal Engineer,1000+,8.315079,20,37,3,1,2,False,False,False,False,True,False,False,False,True,False,False,False,False,4,3,4,True,False,False,False,0,564,35,4,0.6772963,0.83806956,322965,False,True,1993,0.5737926,0.28945237,0.5100284,False,,,0.57866764,0.06690096,0.02068086,0.032,-0.01,0.10958182,-0.022,0.008641538,0.674891
cand_006656,2025,Sales,Entry,Other,30-39,32,AA,5,2014,3.0-3.4,9.547433,9.270104,1,3.5418189,7,0,Staff Engineer,1-10,0.22203374,2,30,6,2,2,False,False,False,False,False,False,True,False,False,False,True,False,False,3,0,2,False,False,False,False,0,684,36,5,0.7385978,0.97902673,122086,False,True,2015,0.5218862,0.010661013,0.41321218,True,,,0.6343146,0.09885654,0.039285827,0.024,-0.0,0.16214237,-0.005,-0.04153686,0.74992007
cand_012773,2025,SRE,Manager,India,<30,24,HS,3,2022,3.5-3.7,1.6760963,1.6701618,0,1.6370407,5,2,Junior Engineer,201-1000,0.0,0,8,6,2,0,False,True,True,False,False,True,False,False,True,False,True,True,False,3,0,1,False,True,False,False,0,694,21,5,0.85667956,0.7711986,107120,False,True,2023,0.54716927,0.0,0.070988074,True,,,0.63407755,0.08481743,0.037741978,0.024,-0.0,0.14655942,-0.0,-0.030118752,0.7505182
cand_039530,2025,Data,Senior,Other,50-59,58,None,5,1988,3.5-3.7,36.92757,35.06425,13,3.6344898,15,2,Senior Engineering Manager,11-50,10.262568,39,27,6,2,1,False,False,True,False,False,True,False,False,False,False,False,True,False,1,2,0,False,True,False,False,0,648,24,6,0.5972506,0.86697894,386853,True,True,1988,0.36695012,0.38587707,0.3040238,False,,,0.5684335,0.044002425,0.009619044,0.008,-0.02,0.041621473,-0.022,0.02092494,0.6089799
cand_034407,2025,SRE,Manager,US-West,<30,28,PhD,5,2020,<3.0,3.2761402,2.6653044,0,3.8817146,13,1,Engineer,11-50,0.0,0,5,2,2,2,True,False,True,True,True,True,True,False,False,False,True,True,False,5,0,3,False,False,False,True,1,523,5,3,0.8771769,0.9304575,90297,True,True,2022,0.66460204,0.0,0.3928667,True,,,0.66110337,0.08741792,0.037741978,0.04,-0.0,0.16515991,-0.0,-0.0010215003,0.8252418
cand_008836,2025,Data,Mid,UK,50-59,52,BS,4,1996,<3.0,29.877468,27.714516,8,3.0038729,3,2,Principal Engineer,1000+,11.523679,31,38,7,0,1,True,True,True,False,True,False,False,False,False,False,False,False,False,4,1,2,False,True,False,True,0,482,18,7,0.8045561,0.7758608,315089,False,False,1995,0.5984112,0.40771037,0.23045182,False,,,0.6287668,0.068311684,0.005163495,0.032,-0.01,0.09547519,-0.022,0.009083902,0.7113259
cand_014617,2025,SWE,Director,EU,<30,23,BS,1,2023,3.0-3.4,1.4288589,1.1497004,0,2.7539418,11,0,Junior Engineer,1000+,0.0,0,30,4,0,2,False,False,True,True,True,False,False,False,True,False,False,True,False,5,0,2,False,False,True,False,0,415,20,2,0.9241254,0.8468518,72875,True,True,2024,0.6756584,0.0,0.3212932,True,,,0.65481424,0.08338677,0.037741978,0.04,-0.0,0.16112876,-0.0,-0.03976222,0.7761808
cand_022835,2025,PM,Staff,US-West,30-39,39,AA,5,2008,unknown,17.393847,13.388175,2,3.0503078,9,0,Staff Engineer,201-1000,3.753968,24,24,4,0,4,True,True,False,False,True,False,False,False,True,False,True,True,False,4,1,0,False,False,False,True,0,1005,12,2,0.591455,0.80991846,183917,False,False,2008,0.550791,0.16061905,0.35586923,True,,,0.5309929,0.099703066,0.04911961,0.032,-0.0,0.18082269,-0.005,0.026499964,0.7333156
cand_015980,2025,SRE,Senior,UK,40-49,45,None,5,2002,unknown,21.196106,18.963032,7,1.9225975,6,2,Principal Engineer,11-50,4.853648,34,12,5,2,3,False,False,True,False,True,True,False,False,True,False,True,True,False,3,2,1,False,False,False,False,0,435,21,8,0.6499127,0.82355434,255359,True,False,2004,0.50498253,0.21360946,0.10430305,False,,,0.59018034,0.09279099,0.04490942,0.024,-0.01,0.1517004,-0.015,-0.0056927633,0.721188
cand_037915,2025,SWE,Staff,US-East,50-59,58,Bootcamp,3,1989,<3.0,35.62971,31.260052,10,4.341853,7,1,Engineering Manager,51-200,7.837485,68,40,8,2,3,True,False,True,False,False,True,False,False,True,True,False,True,False,3,3,2,False,True,False,False,0,697,40,4,0.7633449,0.7185108,357864,False,False,1989,0.5268357,0.37112457,0.44654953,False,,,0.58487284,0.05641399,0.024064403,0.024,-0.0,0.10447839,-0.022,0.034690674,0.70204186
cand_001570,2025,SWE,Director,US-Central,40-49,43,MS,1,2003,unknown,20.669342,15.591908,7,2.8424368,0,0,Senior Engineering Manager,1000+,6.044876,27,14,7,0,5,True,True,True,False,True,True,False,False,True,True,True,False,True,6,0,1,False,False,False,False,0,539,12,0,0.6123209,0.67383814,223450,True,False,2004,0.6824642,0.23534629,0.33161762,False,,,0.49907997,0.098028675,0.037423383,0.048,-0.02,0.16345207,-0.015,-0.006406162,0.64112586
cand_035907,2025,PM,Manager,India,50-59,55,MS,3,1993,unknown,30.563225,24.21005,12,2.2580938,0,1,Engineering Manager,51-200,9.402635,67,19,5,0,4,True,True,True,False,False,True,False,True,False,True,True,False,False,3,1,1,False,True,False,False,0,882,43,5,0.66832936,0.6866829,313467,False,True,1994,0.51366585,0.41607904,0.20344427,False,,,0.5512519,0.0794478,0.013887219,0.024,-0.0,0.11733502,-0.022,-0.009100374,0.6374865
cand_026089,2025,Sales,Mid,EU,40-49,49,MS,5,1999,3.5-3.7,25.915375,23.996004,8,2.866377,9,0,Engineering Manager,201-1000,6.230519,46,32,3,1,3,False,False,True,False,True,True,False,False,True,False,True,True,False,4,0,0,False,True,False,False,0,397,5,2,0.47286946,0.7960201,267552,False,True,1999,0.5270739,0.27891558,0.33441067,False,,,0.48670834,0.08008559,0.036085464,0.032,-0.0,0.14817105,-0.015,0.07300628,0.6928857
cand_020913,2025,PM,Senior,US-West,<30,25,BS,5,2021,3.5-3.7,3.005173,2.5930355,0,2.8667104,0,0,Engineer,11-50,0.0,0,30,4,0,0,True,False,False,True,False,True,True,False,True,False,False,True,False,4,0,0,False,True,False,False,0,442,27,3,0.8302296,0.98567265,90498,True,False,2022,0.6060459,0.0,0.33444956,True,,,0.65571487,0.08723539,0.037741978,0.032,-0.0,0.15697737,-0.0,-0.01760294,0.7950893
cand_009957,2025,IT,Entry,US-Central,<30,29,HS,2,2018,unknown,3.3993318,2.8719604,1,2.752775,4,1,Engineer,1000+,0.0,0,19,4,1,2,True,False,False,True,True,True,False,False,True,False,True,True,False,3,0,3,True,False,True,True,0,782,23,5,0.53518087,0.8751414,121353,False,False,2022,0.48370284,0.0,0.26115707,False,,,0.5423416,0.08793415,0.037741978,0.024,-0.0,0.14967613,-0.0,-0.0052507594,0.686767
cand_018275,2025,Security,Entry,US-East,40-49,44,HS,4,2003,3.5-3.7,20.124777,19.53738,7,2.9608817,0,0,Principal Engineer,1000+,4.9551797,27,10,5,1,4,True,False,True,False,False,True,True,False,True,False,True,False,True,3,1,2,False,False,False,True,0,803,5,4,0.45156366,0.84798783,192180,False,False,2005,0.4703127,0.2026554,0.34543622,False,,,0.50164485,0.09160604,0.044369966,0.024,-0.01,0.14997602,-0.015,0.06544325,0.70206416
cand_015431,2025,SWE,Senior,US-Central,30-39,32,MS,1,2016,unknown,6.9873114,6.409405,3,3.110985,0,1,Engineer,11-50,0.0,0,5,2,0,3,True,False,True,False,True,False,False,False,True,True,False,True,False,6,0,0,False,True,False,True,0,714,5,5,0.5758568,0.7878295,109858,True,False,2018,0.6751714,0.0,0.30294827,False,,,0.5391158,0.095291205,0.037741978,0.048,-0.0,0.1810332,-0.005,-0.017613454,0.6975355
cand_023493,2025,Data,Entry,India,<30,27,AA,5,2019,3.8+,5.502095,4.419988,1,1.3259386,5,0,Engineer,201-1000,0.0,0,20,3,1,2,True,False,True,True,True,False,False,False,True,True,True,True,False,7,0,0,False,True,True,False,0,848,31,6,0.85863554,0.7632856,84186,True,True,2019,0.78756046,0.0,0.15469283,True,,,0.6391796,0.09151498,0.037741978,0.055999998,-0.0,0.18525696,-0.0,0.008891244,0.8333278
cand_015789,2025,Data,Staff,Canada,30-39,31,MS,4,2017,unknown,7.8583255,6.853043,1,2.2437994,0,0,Staff Engineer,11-50,0.5662555,1,51,4,2,4,False,False,True,True,False,True,False,False,True,True,True,True,False,3,0,1,False,True,True,False,0,650,15,4,0.83274186,0.9529952,134976,False,False,2017,0.54654837,0.018987667,0.2617766,True,,,0.65605867,0.09599429,0.041551173,0.024,-0.0,0.16154547,-0.005,0.049013346,0.86161745
cand_035779,2025,Data,Mid,Other,<30,25,PhD,3,2023,3.5-3.7,0.0,0.0,0,2.0529106,5,0,Intern,1-10,0.0,0,7,3,2,2,True,True,True,False,False,False,False,False,False,False,True,True,False,5,0,1,False,False,False,True,1,1034,55,6,0.74199945,0.74300265,113041,False,False,2025,0.6442332,0.0,0.23950623,True,,,0.5943004,0.08007374,0.037741978,0.04,-0.0,0.15781572,-0.0,0.040719632,0.7928357
cand_011980,2025,Security,Staff,US-West,40-49,40,Bootcamp,2,2008,unknown,14.43395,11.586377,4,3.4309921,7,1,Staff Engineer,11-50,3.525203,23,7,1,0,1,True,False,True,True,False,False,False,False,True,False,False,False,False,4,2,1,False,True,False,False,0,362,28,4,0.51584506,0.7590038,173922,False,False,2011,0.5373357,0.1517561,0.34028238,False,,,0.5063465,0.09997361,0.049570855,0.032,-0.0,0.18154447,-0.015,0.011109775,0.6840008
cand_044905,2025,SWE,Manager,US-East,<30,27,PhD,1,2019,unknown,5.6496444,4.5561886,1,4.8588657,0,1,Engineer,201-1000,0.20527366,6,38,1,2,4,True,True,False,False,False,False,True,False,True,False,True,True,False,6,0,1,False,True,True,False,0,352,8,3,0.5028322,0.6236848,137908,False,False,2019,0.66056645,0.01815821,0.50686765,False,,,0.4687282,0.09180442,0.039171327,0.048,-0.0,0.17897576,-0.0,0.021836627,0.66954064
cand_035762,2025,PM,Director,US-East,30-39,31,None,2,2015,3.5-3.7,6.926538,6.5006437,3,3.1797087,1,1,Senior Engineer,1000+,0.15848792,0,13,2,1,2,False,True,False,False,False,True,False,True,False,False,True,True,False,5,0,1,True,True,False,True,0,795,11,2,0.59059477,0.63209647,123788,False,False,2018,0.6172856,0.0047546374,0.310966,False,,,0.49512744,0.09544011,0.03884986,0.04,-0.0,0.17428997,-0.005,-0.0059743887,0.658443
cand_027092,2025,SRE,Mid,Other,30-39,36,PhD,2,2010,3.8+,14.6836405,13.36132,6,2.5855842,0,0,Engineering Manager,1000+,0.22560914,6,27,6,1,2,True,True,False,False,False,False,False,False,True,False,True,False,False,6,2,1,False,False,False,False,0,507,29,2,0.8879549,0.6541775,172938,True,False,2010,0.73759097,0.018768273,0.30165148,True,,,0.6036197,0.09971443,0.039310202,0.048,-0.0,0.18702462,-0.005,0.018453406,0.8040977
cand_046834,2025,Sales,Entry,Canada,30-39,38,HS,1,2008,<3.0,15.270011,13.348643,5,3.248656,0,0,Principal Engineer,11-50,3.9239714,29,9,1,0,4,True,True,True,False,False,False,False,False,True,False,False,True,True,4,1,0,True,True,True,False,0,878,13,2,0.8477155,0.8215884,196913,True,False,2010,0.6095431,0.17571914,0.37900987,True,,,0.6230181,0.09971972,0.048683695,0.032,-0.01,0.1704034,-0.005,0.04359249,0.832014
cand_033437,2025,Security,Mid,UK,30-39,35,Bootcamp,3,2011,unknown,11.3256645,9.1912775,4,2.0691102,0,3,Senior Engineer,51-200,3.4866378,23,6,3,0,4,False,False,True,True,False,True,False,False,True,False,True,True,True,4,0,1,False,False,True,True,0,635,39,4,0.6997988,0.7547225,175730,True,False,2014,0.57995975,0.15059914,0.06139618,True,,,0.56987405,0.09878995,0.049631342,0.032,-0.0,0.1804213,-0.005,0.00012929078,0.7454246
cand_047380,2025,PM,Manager,US-Central,50-59,57,None,4,1989,unknown,34.844196,33.34648,10,0.9172875,2,0,Senior Engineering Manager,201-1000,11.25125,77,26,8,2,5,True,True,False,True,True,True,False,False,True,False,False,True,False,3,3,3,False,True,False,False,0,1078,11,6,0.5824513,0.6289249,354506,True,False,1990,0.49482358,0.4915375,0.10701688,False,,,0.51564294,0.049499985,0.0059561552,0.024,-0.02,0.059456136,-0.022,0.048000406,0.60109943
cand_001590,2025,IT,Staff,Other,50-59,59,None,3,1988,3.0-3.4,37.845066,31.439133,9,2.6592865,13,2,Senior Engineering Manager,1000+,7.518692,22,17,2,0,1,False,True,True,False,True,False,False,True,False,False,False,True,False,4,3,2,False,True,False,True,0,839,34,1,0.9300098,0.691589,335310,False,True,1987,0.61516863,0.26956075,0.19025007,True,,,0.61982125,0.05581386,0.026415274,0.032,-0.02,0.09422915,-0.022,0.05254651,0.7445969
cand_026755,2025,IT,Senior,EU,50-59,57,HS,1,1989,unknown,34.18467,27.553684,11,4.0947766,6,0,Staff Engineer,201-1000,11.767567,49,12,6,2,0,True,True,False,False,True,False,False,False,True,False,True,True,False,2,3,2,False,True,False,False,0,702,43,5,0.5943575,0.65992504,366860,True,False,1991,0.4338715,0.45102698,0.47772393,False,,,0.5200101,0.06884388,0.004525954,0.016,-0.0,0.08936983,-0.022,-0.0023591747,0.5850208
cand_021758,2025,SWE,Senior,EU,40-49,49,Bootcamp,5,1999,unknown,26.554638,26.180635,5,4.147003,0,0,Principal Engineer,11-50,8.376527,28,11,2,1,4,True,True,False,False,False,True,False,False,True,False,False,False,True,2,2,1,False,True,False,False,0,595,22,6,0.9530503,0.7530329,279076,False,False,1998,0.51061004,0.3072958,0.483817,True,,,0.67017424,0.07332089,0.020260599,0.016,-0.01,0.09958149,-0.015,0.013763011,0.76851875
cand_003001,2025,Security,Manager,UK,50-59,52,BS,4,1994,unknown,29.398321,22.841675,10,5.9889693,15,1,Principal Engineer,201-1000,9.459205,25,32,3,4,5,True,False,False,False,True,True,True,False,True,True,False,True,False,3,1,0,True,False,True,False,0,628,47,3,0.5595457,0.69065243,308034,False,False,1996,0.47940916,0.33377618,0.63871306,False,,,0.5019715,0.083410844,0.013575025,0.024,-0.01,0.11098587,-0.022,0.012284836,0.60324216
cand_044111,2025,SWE,Manager,US-West,30-39,39,HS,4,2008,3.0-3.4,12.514918,12.109089,4,2.0792775,0,0,Staff Engineer,201-1000,3.730578,15,33,3,2,0,False,False,False,True,False,True,False,False,False,False,True,True,False,6,1,1,False,False,False,False,0,597,13,4,0.66293156,0.90994555,164802,False,False,2012,0.6925863,0.14191735,0.24258238,True,,,0.5880152,0.09999817,0.049172938,0.048,-0.0,0.19717112,-0.005,-0.033804245,0.74638206
cand_043519,2025,IT,Mid,Canada,40-49,46,None,2,2001,<3.0,24.888754,21.47074,6,2.6056964,13,1,Principal Engineer,1-10,7.3809514,37,14,1,1,0,True,False,False,False,True,False,False,False,False,False,False,False,False,1,3,3,False,False,True,True,0,585,36,4,0.8416747,0.9480401,279573,True,False,2000,0.41750163,0.29542857,0.24399793,True,,,0.6581942,0.08707346,0.027446812,0.008,-0.01,0.11252028,-0.015,-0.021871991,0.7338425
cand_000628,2025,PM,Mid,UK,<30,27,BS,3,2021,3.0-3.4,3.586783,3.1363914,0,2.958632,8,0,Senior Engineer,201-1000,0.0,0,17,6,2,2,False,True,False,True,True,True,False,False,False,False,True,True,False,5,0,1,False,True,False,False,0,366,39,4,0.48886824,0.7972131,99720,False,False,2021,0.591107,0.0,0.34517372,False,,,0.5045465,0.08858213,0.037741978,0.04,-0.0,0.16632411,-0.0,-0.012123112,0.65874755
cand_020736,2025,SWE,Staff,UK,50-59,57,AA,4,1991,3.8+,32.704624,28.720135,10,3.0312939,0,0,Principal Engineer,201-1000,8.330031,60,27,7,1,4,True,False,False,True,False,True,False,True,False,True,False,True,False,3,2,1,True,False,False,False,0,394,36,4,0.6204179,0.9396616,316749,False,False,1992,0.5040836,0.36990094,0.35365096,False,,,0.57907856,0.06495833,0.020578247,0.024,-0.01,0.099536575,-0.022,0.044298854,0.70091397
cand_011902,2025,SRE,Mid,India,30-39,36,HS,3,2010,unknown,15.871371,12.88067,5,2.5808003,2,0,Engineering Manager,1-10,4.0168543,6,30,5,3,0,True,True,False,False,False,True,False,True,True,False,True,True,False,5,0,1,False,False,False,False,0,882,34,1,0.6708937,0.937105,205836,True,True,2009,0.6325121,0.13250563,0.30109337,True,,,0.57823384,0.09988038,0.048410207,0.04,-0.0,0.1882906,-0.005,-0.0003888934,0.7611355
cand_006366,2025,IT,Senior,India,30-39,30,PhD,2,2017,<3.0,7.278424,5.96738,1,1.1743598,2,0,Staff Engineer,201-1000,1.8165902,1,20,2,3,6,False,False,False,True,False,True,False,True,True,False,False,True,False,2,0,2,False,True,False,False,0,692,33,5,0.47333556,0.63279045,120248,False,False,2018,0.41300043,0.056497708,0.13700864,False,,,0.47222555,0.09453867,0.04785898,0.016,-0.0,0.15839764,-0.005,-0.02018493,0.6054383
cand_017132,2025,Security,Manager,EU,50-59,54,PhD,2,1994,unknown,30.643719,27.099447,8,1.6235657,18,1,Principal Engineer,1000+,9.645701,18,23,5,0,2,False,True,True,False,True,False,False,False,True,False,True,True,False,0,2,1,True,True,False,False,0,563,30,6,0.81202704,0.89837724,316519,True,False,1994,0.34740543,0.3253711,0.12941599,False,,,0.64988494,0.070339166,0.012576826,0.0,-0.01,0.07291599,-0.022,-0.010219736,0.69058114
cand_009478,2025,Data,Mid,Canada,40-49,46,BS,1,2001,3.5-3.7,23.856936,23.723366,10,1.8295029,1,0,Senior Engineering Manager,1-10,4.6520853,16,18,6,1,2,True,True,False,False,False,False,False,False,True,True,False,True,False,6,0,0,False,False,True,False,0,763,12,6,0.92157125,0.8629446,252295,False,False,2001,0.7434809,0.17156257,0.21344201,True,,,0.6811389,0.080888815,0.045912143,0.048,-0.02,0.15480097,-0.015,-0.017510572,0.80342925
cand_041870,2025,Data,Manager,US-West,<30,23,BS,1,2023,3.0-3.4,2.748016,2.3255126,0,4.3443446,5,0,Engineer,1000+,0.0,0,13,3,1,2,True,True,True,True,False,True,True,False,False,False,True,True,False,5,0,2,False,True,False,True,0,628,35,3,0.5876181,0.64938956,77555,False,False,2022,0.61335695,0.0,0.50684017,False,,,0.5035442,0.08655088,0.037741978,0.04,-0.0,0.16429284,-0.0,-0.05548591,0.6123511
cand_012932,2025,Data,Entry,EU,50-59,54,PhD,3,1992,unknown,30.584805,23.423124,9,0.5,7,0,Engineering Manager,1-10,7.2463503,23,13,5,2,1,True,False,True,False,True,True,False,False,False,False,False,False,True,2,0,2,False,False,False,False,0,643,30,1,0.69714797,0.6714371,291398,True,True,1994,0.45359626,0.2633905,0.058333334,False,,,0.53428924,0.08176099,0.02846112,0.016,-0.0,0.1262221,-0.022,-0.020961788,0.6175496
cand_013641,2025,Security,Staff,Canada,40-49,44,Bootcamp,2,2004,unknown,18.690351,16.955976,6,4.763699,4,0,Principal Engineer,1000+,4.9195576,37,6,3,2,0,False,False,True,False,False,False,False,False,False,False,True,True,True,3,2,1,False,False,False,False,0,608,34,4,0.55922586,0.7239812,227595,False,False,2006,0.48851183,0.22158673,0.55576485,False,,,0.5145253,0.09628055,0.04456176,0.024,-0.01,0.15484232,-0.015,0.04364752,0.69801515
cand_019626,2025,Security,Manager,US-West,30-39,31,MS,3,2016,3.5-3.7,6.8469577,6.1854258,1,2.0874596,6,1,Engineer,201-1000,1.0370648,8,24,6,2,0,True,False,True,False,True,False,False,True,False,False,True,False,False,4,0,3,False,True,False,False,0,387,18,3,0.73106,0.7735338,140696,False,True,2018,0.58121204,0.047111943,0.18353695,False,,,0.57857776,0.0949163,0.04432785,0.032,-0.0,0.17124416,-0.005,-0.030371642,0.71445024
cand_009951,2025,Data,Entry,India,<30,22,Bootcamp,1,2025,unknown,0.0,0.0,0,1.8571712,7,0,Intern,1000+,2.9409816,17,26,1,1,4,True,False,True,False,True,True,True,False,True,False,True,True,False,4,0,1,False,False,True,True,1,611,41,4,0.6652573,0.66971976,68576,False,False,2025,0.5672181,0.12222946,0.21666996,False,,,0.540784,0.08007374,0.04999456,0.032,-0.0,0.1620683,-0.0,-0.0028367068,0.7000156
cand_028962,2025,Security,Senior,EU,50-59,52,BS,3,1994,unknown,27.455479,22.148706,8,2.2531257,5,0,Senior Engineering Manager,201-1000,6.53819,46,5,2,3,1,True,False,True,False,True,True,False,True,False,True,False,True,False,6,1,1,False,False,False,False,0,688,18,4,0.4926458,0.76778626,302594,False,False,1998,0.6543625,0.2881457,0.26286465,False,,,0.49998328,0.08530434,0.033811834,0.048,-0.02,0.14711617,-0.022,0.037603095,0.6627025
cand_028445,2025,IT,Senior,EU,40-49,45,HS,5,2001,unknown,23.475992,20.834711,5,3.5884879,2,0,Engineering Manager,11-50,6.681979,32,5,4,1,1,True,False,True,False,True,False,False,True,True,False,False,False,False,6,1,1,False,False,False,False,0,801,11,5,0.8024761,0.77634084,260484,False,True,2002,0.71882856,0.2644594,0.4186569,True,,,0.6161348,0.08865207,0.032732476,0.048,-0.0,0.16938454,-0.015,-0.0063170097,0.76420236
cand_019698,2025,SWE,Staff,Other,<30,22,Bootcamp,5,2025,3.0-3.4,0.0,0.0,0,2.3093388,6,1,Intern,11-50,2.7849987,18,19,3,1,4,True,False,False,True,True,False,True,False,True,True,True,True,False,3,1,3,False,True,False,False,0,492,38,4,0.7222791,0.8327349,103108,True,False,2025,0.5194558,0.11954996,0.20942286,False,,,0.5933447,0.08007374,0.049927827,0.024,-0.0,0.15400156,-0.0,-0.02780918,0.7195371
cand_044223,2025,IT,Mid,UK,30-39,36,HS,3,2011,3.5-3.7,12.319759,10.336687,4,2.5858104,20,1,Staff Engineer,51-200,3.3355699,17,26,1,1,3,False,True,True,False,True,True,True,False,False,False,True,True,False,4,0,1,True,True,False,True,0,734,5,5,0.8852974,0.8609883,142505,False,False,2013,0.6003928,0.1340671,0.24167788,True,,,0.6620518,0.09957396,0.049824364,0.032,-0.0,0.18139833,-0.005,0.053306706,0.89175683
cand_002996,2025,Data,Manager,Other,<30,22,HS,1,2025,unknown,0.17486848,0.16553947,0,3.3967795,0,0,Intern,1-10,0.0,0,23,1,1,3,True,True,False,True,True,False,False,False,True,False,True,True,False,4,0,2,True,True,True,False,0,498,26,4,0.55063087,0.7324363,50000,False,True,2025,0.5501262,0.0,0.39629093,False,,,0.51320803,0.08056278,0.037741978,0.032,-0.0,0.15030476,-0.0,0.011841638,0.6753545
cand_013637,2025,SWE,Director,US-West,40-49,46,HS,5,2002,<3.0,23.138536,22.027426,7,3.4547834,9,3,Engineering Manager,11-50,8.010475,29,18,4,1,4,False,True,False,False,True,False,True,False,False,False,True,False,False,2,1,4,False,False,False,False,0,690,5,7,0.6891743,0.85797566,275491,False,True,2002,0.45033485,0.29831427,0.22305807,False,,,0.6048062,0.08562709,0.022816777,0.016,-0.0,0.12444387,-0.015,-0.04670021,0.66754985
cand_022470,2025,SRE,Mid,Canada,40-49,45,HS,4,2002,unknown,21.5818,17.465616,5,5.8419375,11,0,Senior Engineering Manager,1000+,5.782684,28,26,4,3,1,True,False,True,False,True,False,False,False,True,False,False,False,True,4,3,1,False,False,True,False,0,786,40,4,0.5797067,0.7999816,255506,True,False,2003,0.5467747,0.22948053,0.6815594,False,,,0.53689367,0.09549462,0.039253633,0.032,-0.02,0.14674826,-0.015,0.0028510992,0.67149305
cand_036086,2025,Data,Manager,Other,30-39,30,Bootcamp,4,2016,3.0-3.4,8.31793,7.6181054,3,1.2712966,6,0,Senior Engineer,51-200,0.0,0,40,5,0,0,True,True,False,True,True,False,False,False,True,True,True,True,False,5,1,5,False,True,True,False,0,569,42,7,0.8199289,0.9983639,101244,False,False,2017,0.6589858,0.0,0.14831793,True,,,0.6786479,0.09708035,0.037741978,0.04,-0.0,0.17482233,-0.005,0.003652033,0.85212225
cand_028917,2025,Security,Entry,US-West,<30,25,HS,1,2022,unknown,3.178101,2.9299119,0,0.9803859,10,0,Engineer,11-50,1.0607818,4,7,8,1,2,True,False,False,False,True,False,False,False,True,False,False,True,False,6,0,2,False,True,False,True,0,842,26,3,0.7223002,0.97322315,64357,True,True,2022,0.6961267,0.039823458,0.114378355,True,,,0.61544967,0.088077374,0.04445624,0.048,-0.0,0.18053362,-0.0,-0.016438255,0.77954507
cand_017649,2025,Sales,Staff,US-Central,30-39,31,BS,3,2015,unknown,6.9708886,5.8468537,0,0.9248567,3,0,Senior Engineer,1000+,0.0,3,37,2,0,1,False,True,True,False,True,True,False,False,True,True,True,False,False,5,0,2,False,False,False,False,0,494,27,3,0.8574446,0.7975662,156094,False,False,2018,0.66898894,0.006,0.10789995,True,,,0.62761885,0.09432464,0.037741978,0.04,-0.0,0.17206663,-0.005,-0.00069990684,0.7939856
cand_027955,2025,Sales,Senior,UK,40-49,41,MS,4,2007,unknown,16.51328,15.100934,5,3.9915273,9,0,Staff Engineer,1000+,5.558261,13,37,1,0,0,True,False,False,False,False,False,False,False,True,True,False,True,False,3,0,0,False,True,False,True,0,923,20,1,0.5589785,0.8960668,182488,True,False,2008,0.4842957,0.19274782,0.46567816,False,,,0.53085583,0.09852704,0.04075185,0.024,-0.0,0.1632789,-0.015,-0.02049697,0.65863776
cand_002854,2025,IT,Entry,UK,50-59,55,AA,2,1991,unknown,31.776249,29.094488,11,2.492122,2,0,Engineering Manager,1000+,9.918123,59,31,2,2,2,True,True,False,False,True,True,False,False,True,True,False,False,False,2,1,0,False,True,False,False,1,200,16,7,0.92057544,0.6922795,360041,False,False,1993,0.50244844,0.4155437,0.29074755,False,,,0.6526573,0.06370169,0.011205276,0.016,-0.0,0.09090697,-0.022,-0.03084673,0.6907175
cand_013389,2025,PM,Director,US-West,<30,24,MS,5,2023,unknown,0.0,0.0,0,1.8629756,10,0,Intern,51-200,0.0,0,9,4,1,1,True,False,True,False,False,True,True,True,True,True,False,True,False,4,0,1,False,False,False,False,0,842,48,5,0.7883285,0.82591754,66348,False,False,2025,0.5893324,0.0,0.21734716,True,,,0.6210985,0.08007374,0.037741978,0.032,-0.0,0.14981572,-0.0,-0.011103552,0.7598107
cand_013048,2025,SWE,Mid,EU,50-59,56,AA,1,1992,unknown,29.070333,23.86577,8,4.91172,4,0,Staff Engineer,51-200,9.857531,21,36,5,3,2,True,True,False,False,False,True,False,True,True,False,True,True,False,0,3,0,False,True,False,False,0,652,40,1,0.52801657,0.64099884,298631,True,False,1996,0.30227,0.33772594,0.573034,False,,,0.46900558,0.08047058,0.011501404,0.0,-0.0,0.09197198,-0.022,0.05086034,0.5898379
cand_022332,2025,IT,Mid,Canada,30-39,31,Bootcamp,2,2015,<3.0,8.194178,7.1514034,2,3.2835016,10,0,Staff Engineer,201-1000,1.3479191,1,5,1,1,2,True,False,False,True,False,False,True,False,True,True,False,True,True,2,0,0,True,True,False,False,0,281,22,6,0.53083694,0.70989764,129894,False,True,2017,0.41783404,0.042437576,0.38307518,False,,,0.5137725,0.09643711,0.04591217,0.016,-0.0,0.15834928,-0.005,0.025543917,0.6926657
cand_030577,2025,IT,Entry,EU,30-39,33,MS,5,2014,3.0-3.4,8.095292,6.601448,0,2.3990586,6,0,Senior Engineer,11-50,2.511066,13,23,6,2,0,True,False,False,True,False,True,False,False,True,False,False,True,False,4,0,0,False,False,False,False,0,648,13,2,0.69564617,0.6973125,124921,False,False,2017,0.5741292,0.10133198,0.27989015,False,,,0.5449387,0.09560206,0.049627867,0.032,-0.0,0.17722993,-0.005,-0.017951807,0.69921684
cand_034734,2025,SWE,Manager,Canada,<30,22,BS,5,2025,3.0-3.4,0.0,0.0,0,2.4232757,3,0,Intern,1-10,0.8117957,3,20,3,0,0,True,True,True,False,True,True,True,False,False,False,True,False,False,4,0,0,False,False,False,True,0,666,27,5,0.67920995,0.63819325,80242,False,False,2025,0.57334197,0.030353874,0.2827155,True,,,0.5453621,0.08007374,0.043051224,0.032,-0.0,0.15512496,-0.0,0.068712294,0.7691994
cand_019538,2025,Data,Director,Canada,50-59,53,None,3,1995,unknown,28.414902,22.175316,6,2.347904,4,0,Director,201-1000,6.929435,46,31,1,3,4,True,False,False,False,True,False,False,False,False,True,True,True,False,2,1,1,False,True,False,False,0,603,17,6,0.60640264,0.6147207,279568,False,False,1997,0.43794718,0.29988304,0.27392215,False,,,0.52118504,0.085233174,0.030861476,0.016,-0.03,0.10209465,-0.022,0.01512155,0.61640126
cand_039586,2025,Sales,Entry,Canada,40-49,40,None,4,2008,3.0-3.4,16.100965,13.062636,5,2.03385,0,1,Staff Engineer,201-1000,5.3192663,18,23,5,2,1,True,False,True,False,False,False,False,False,True,False,True,True,False,3,0,1,False,False,True,False,0,482,26,2,0.927536,0.9686275,191104,False,False,2009,0.5655072,0.195578,0.17728248,True,,,0.6803632,0.0998259,0.04226373,0.024,-0.0,0.16608964,-0.015,0.016815826,0.8482687
cand_005572,2025,SRE,Manager,US-West,40-49,46,HS,4,2002,3.5-3.7,22.144526,19.686497,5,2.0756502,0,1,Engineering Manager,1000+,8.929442,26,23,2,1,2,True,True,True,True,False,True,False,False,False,False,False,True,False,4,1,1,False,False,False,False,0,700,30,6,0.7296673,0.8740111,233532,True,True,2003,0.58593345,0.31988326,0.18215919,False,,,0.6161858,0.09128568,0.016665263,0.032,-0.0,0.13995095,-0.015,-0.021743879,0.71939284
cand_047750,2025,Data,Manager,Other,<30,27,AA,1,2019,unknown,6.494083,5.4193354,1,2.4357517,13,2,Engineer,11-50,0.0,0,32,3,1,5,True,True,False,True,True,True,False,False,True,False,False,True,False,6,0,1,False,True,False,True,0,574,33,4,0.930797,0.6279346,139120,False,False,2019,0.73532605,0.0,0.16417104,True,,,0.62536585,0.09353552,0.037741978,0.048,-0.0,0.17927751,-0.0,-0.023162609,0.7814808
cand_030963,2025,SRE,Staff,UK,40-49,44,MS,1,2004,3.0-3.4,20.708292,18.935043,7,1.0235744,0,0,Senior Engineering Manager,1000+,5.8098617,14,5,5,1,1,True,True,False,True,True,False,False,False,True,False,True,False,True,3,1,0,False,True,False,False,0,1014,22,5,0.6546234,0.83058107,281342,True,True,2004,0.5109247,0.20229584,0.119417004,False,,,0.5752344,0.092846714,0.039067626,0.024,-0.02,0.13591436,-0.015,-0.012840247,0.6833085
cand_035495,2025,IT,Director,US-Central,50-59,51,BS,1,1996,unknown,27.151724,26.241663,6,3.4544096,2,0,Engineering Manager,1000+,7.432602,22,17,2,1,1,True,True,True,False,True,True,False,False,False,True,True,True,False,4,1,1,False,True,False,True,1,534,31,4,0.6641522,0.9535958,279963,False,False,1998,0.5711638,0.26697809,0.40301442,True,,,0.59717244,0.07312488,0.027059123,0.032,-0.0,0.132184,-0.022,0.03738745,0.7447438
cand_020262,2025,IT,Director,India,30-39,33,None,3,2014,unknown,9.339055,7.5621824,5,2.6535702,11,0,Senior Engineer,11-50,0.2947254,2,36,2,1,0,True,True,True,False,False,True,True,False,True,False,True,True,False,4,0,0,True,True,False,False,0,591,19,4,0.9053527,0.710817,114531,False,True,2016,0.6119039,0.012841763,0.3095832,True,,,0.63303685,0.09700649,0.039778225,0.032,-0.0,0.16878472,-0.005,0.02347924,0.8203008
cand_044659,2025,PM,Mid,Other,30-39,37,Bootcamp,3,2010,3.0-3.4,13.476087,12.220504,3,2.460472,0,2,Staff Engineer,11-50,4.4401035,32,26,4,1,3,False,True,False,False,False,False,True,True,True,False,False,True,True,6,0,0,False,True,False,False,0,601,25,6,0.51262695,0.9330725,192874,False,False,2012,0.6625254,0.1972031,0.16705507,True,,,0.5520339,0.09999249,0.046862304,0.048,-0.0,0.1948548,-0.005,0.0017816189,0.74367034
cand_021745,2025,IT,Entry,Canada,30-39,35,HS,1,2011,<3.0,11.803822,10.802858,3,1.1075418,5,0,Senior Engineer,51-200,4.163176,33,18,3,1,3,True,True,True,True,True,True,False,False,True,True,True,False,False,5,0,0,False,False,False,False,0,641,7,4,0.96125823,0.8348316,173551,True,False,2013,0.68808496,0.19089529,0.1292132,True,,,0.67740667,0.09977908,0.04793004,0.04,-0.0,0.18770912,-0.005,0.026415356,0.8865311
cand_047248,2025,PM,Mid,US-Central,40-49,44,BS,4,2004,<3.0,18.43974,16.750248,4,2.0648828,0,0,Engineering Manager,1000+,3.8657675,34,14,1,1,0,False,True,True,False,False,False,True,True,True,True,False,False,False,2,1,2,False,True,True,False,0,713,45,5,0.53124464,0.6167291,196848,False,False,2007,0.4262489,0.18397303,0.24090298,False,,,0.48928145,0.096577704,0.048842434,0.016,-0.0,0.16142014,-0.015,-0.0067694983,0.6289321
cand_036227,2025,Data,Entry,US-West,60+,61,BS,2,1986,unknown,36.071487,27.526333,9,2.8321288,23,2,Staff Engineer,51-200,10.152989,77,16,3,0,0,True,True,True,False,False,True,True,False,True,True,True,True,False,4,2,2,False,True,False,True,0,475,18,3,0.6728301,0.82221353,385822,True,True,1989,0.55539936,0.45858967,0.210415,False,,,0.5679332,0.068934254,0.010105792,0.032,-0.0,0.111040056,-0.032,-0.015504472,0.6314688
cand_028786,2025,Security,Entry,Canada,40-49,46,AA,3,2001,<3.0,21.269932,16.041573,5,4.2901564,6,0,Engineering Manager,11-50,3.908351,14,32,4,1,3,True,False,True,False,False,False,False,False,False,False,True,True,False,4,1,0,False,False,True,True,0,870,54,0,0.45771685,0.62548536,251084,False,False,2004,0.5265434,0.14525054,0.50051826,False,,,0.435298,0.09751078,0.04872726,0.032,-0.0,0.17823803,-0.015,-0.03740661,0.5611294
cand_035619,2025,IT,Director,US-West,<30,26,None,5,2020,unknown,3.6693594,3.174711,0,2.3366573,18,1,Engineer,51-200,0.0,0,28,6,1,1,True,False,False,False,True,True,False,False,True,False,False,True,False,6,0,1,False,False,True,False,0,819,54,4,0.7503183,0.6258296,103360,True,True,2021,0.6950637,0.0,0.21261,True,,,0.56177735,0.088674836,0.037741978,0.048,-0.0,0.17441681,-0.0,0.010070757,0.7462649
cand_045999,2025,IT,Director,EU,30-39,33,HS,3,2014,unknown,10.741537,9.30226,3,1.9276158,8,2,Staff Engineer,51-200,0.0,2,9,5,1,4,False,False,False,False,False,False,False,False,True,False,True,False,False,5,0,0,False,False,False,True,0,492,49,3,0.6208064,0.68956864,180010,True,True,2014,0.61749464,0.004,0.1048885,False,,,0.523196,0.098883174,0.037741978,0.04,-0.0,0.17662516,-0.005,-0.024865191,0.6699559
cand_049512,2025,PM,Staff,US-West,50-59,51,HS,3,1997,<3.0,25.936775,23.990227,7,4.103868,0,1,Senior Engineering Manager,1-10,7.2084627,58,11,2,2,0,False,True,True,False,False,True,False,False,True,False,False,False,True,4,2,2,False,True,False,False,0,516,51,3,0.8532626,0.8423484,239553,False,True,1999,0.6106525,0.33225387,0.41878462,False,,,0.6351116,0.08010271,0.028747458,0.032,-0.02,0.120850176,-0.022,-0.04653304,0.6874287
cand_044514,2025,PM,Senior,Canada,30-39,31,PhD,3,2016,unknown,9.824732,7.605492,4,2.9181154,9,0,Staff Engineer,51-200,0.020826727,2,5,3,0,4,True,True,True,False,True,True,False,False,True,False,True,False,False,5,0,0,False,True,False,False,0,498,38,7,0.8540858,0.94239247,150573,False,False,2015,0.6633172,0.004624802,0.3404468,True,,,0.67940855,0.09706377,0.037889138,0.04,-0.0,0.1749529,-0.005,-0.019538373,0.829823
cand_028683,2025,Data,Manager,UK,<30,25,None,1,2021,3.8+,3.9633286,3.6761,1,3.9374325,0,0,Engineer,1-10,0.15018816,3,25,7,0,2,True,False,False,False,False,True,False,False,True,False,False,True,False,4,0,0,False,True,True,True,0,767,15,6,0.4513524,0.64302564,108634,False,False,2021,0.53027046,0.010505645,0.4593671,False,,,0.4725785,0.08985932,0.038792554,0.032,-0.0,0.16065188,-0.0,-0.025659163,0.60757124
cand_031548,2025,PM,Entry,Other,40-49,45,Bootcamp,1,2002,unknown,22.210157,17.279718,5,2.4234512,5,0,Senior Engineering Manager,11-50,5.758883,22,28,6,1,4,True,True,True,False,False,False,False,True,True,False,True,True,False,5,2,1,False,False,True,False,0,646,46,6,0.49094853,0.6644539,267093,False,False,2003,0.59402305,0.21676649,0.28273597,False,,,0.4907228,0.09578945,0.039415758,0.04,-0.02,0.1552052,-0.015,0.013852889,0.64478093
cand_031964,2025,SRE,Senior,Canada,40-49,44,BS,4,2004,<3.0,19.81142,19.747498,4,3.2486765,0,0,Principal Engineer,1000+,5.6615505,41,8,2,1,1,True,False,True,True,False,False,False,False,True,False,True,True,False,3,1,0,True,True,False,False,0,866,51,7,0.7049329,0.86530006,213803,True,False,2005,0.52098656,0.25184655,0.37901226,True,,,0.61178654,0.091153145,0.040070992,0.024,-0.01,0.14522414,-0.015,0.046604514,0.7886152
cand_009433,2025,Data,Entry,Canada,<30,23,HS,2,2025,<3.0,0.0,0.0,0,1.49538,0,0,Intern,1-10,0.0,0,12,4,1,4,True,False,True,False,True,False,True,False,False,True,False,True,True,5,0,0,False,True,False,True,0,298,18,3,0.8145241,0.86529607,60964,False,False,2025,0.66290486,0.0,0.174461,True,,,0.6261426,0.08007374,0.037741978,0.04,-0.0,0.15781572,-0.0,0.030820597,0.8147789
cand_022373,2025,Sales,Director,Canada,50-59,53,PhD,1,1993,unknown,32.803257,29.562382,13,4.4417086,0,2,Engineering Manager,201-1000,10.919758,42,29,5,1,2,True,True,True,False,False,True,False,False,True,False,False,True,False,4,1,0,False,False,False,False,0,766,50,1,0.86623824,0.7703826,334748,False,False,1992,0.61324763,0.41159275,0.39819932,False,,,0.6132599,0.062127378,0.0070423568,0.032,-0.0,0.101169735,-0.022,-0.039148625,0.653281
cand_021622,2025,PM,Manager,US-East,50-59,54,None,3,1993,<3.0,32.75373,27.52515,12,2.3003159,0,1,Principal Engineer,51-200,9.677871,61,21,1,1,3,False,False,True,True,True,False,True,True,True,False,True,True,False,5,3,2,True,False,False,False,0,915,50,3,0.9613414,0.6051031,349474,False,False,1992,0.69226825,0.41233614,0.20837018,False,,,0.62549007,0.06893816,0.012409495,0.04,-0.01,0.11134765,-0.022,0.0064733205,0.72131103
cand_012451,2025,SWE,Senior,US-East,60+,63,BS,5,1985,unknown,39.810894,39.034733,12,3.9620197,0,0,Principal Engineer,201-1000,12.0,56,14,6,1,0,True,True,False,True,False,False,False,False,False,False,True,False,True,2,3,1,False,False,False,False,0,846,42,0,0.64910156,0.73413336,392877,False,False,1985,0.4498203,0.472,0.46223563,False,,,0.5240122,0.032371353,0.0039779753,0.016,-0.01,0.04234933,-0.032,-0.016551306,0.5178102
cand_011799,2025,SWE,Mid,Other,50-59,57,BS,4,1991,3.0-3.4,31.81237,25.321066,12,2.5063653,5,1,Engineering Manager,201-1000,9.278376,45,38,5,2,3,True,False,True,False,False,False,True,False,True,True,True,True,False,4,2,1,False,True,False,False,0,354,31,5,0.9365312,0.6465765,297867,True,True,1993,0.62313956,0.36835128,0.2324093,True,,,0.63710123,0.07604509,0.014588165,0.032,-0.0,0.12263325,-0.022,0.021650977,0.75938547
cand_031388,2025,Security,Mid,US-West,<30,26,BS,2,2022,unknown,0.32744506,0.29568112,0,3.0390635,4,0,Intern,201-1000,2.132462,10,30,4,0,4,True,True,True,False,True,True,False,True,True,False,True,True,False,4,0,2,False,True,True,False,0,662,29,4,0.6780473,0.9016973,72724,True,False,2025,0.5722761,0.08397386,0.3545574,True,,,0.59165597,0.08094453,0.04883775,0.032,-0.0,0.1617823,-0.0,-0.012977805,0.74046046
cand_020768,2025,Data,Entry,Canada,<30,25,PhD,5,2023,unknown,0.2275084,0.17465825,0,0.646486,4,1,Intern,11-50,0.0,1,5,1,2,0,True,False,True,False,False,True,False,False,True,False,False,False,False,7,0,1,False,True,False,False,0,725,14,2,0.5622597,0.66964,95989,False,False,2025,0.7291186,0.002,0.015423365,False,,,0.49271888,0.08058961,0.037741978,0.055999998,-0.0,0.17433158,-0.0,-0.0066620396,0.66038847
cand_004828,2025,Sales,Manager,UK,30-39,33,AA,5,2014,unknown,7.6648135,7.4237146,3,3.0064204,2,0,Senior Engineer,51-200,0.0,0,37,1,0,1,True,True,True,False,True,False,False,False,True,False,True,True,True,4,0,0,False,True,False,True,0,544,35,3,0.71406406,0.8873125,145309,False,False,2017,0.5811461,0.0,0.35074905,True,,,0.59538496,0.09681982,0.037741978,0.032,-0.0,0.1665618,-0.005,-0.0139596015,0.74298716
cand_014589,2025,Security,Entry,EU,40-49,45,HS,4,2003,unknown,20.31553,19.94818,5,2.3199022,2,1,Staff Engineer,201-1000,3.8051634,23,26,4,0,3,True,True,True,False,True,True,True,False,False,True,False,True,False,3,2,1,False,True,False,False,0,765,28,8,0.46899173,0.79524344,244885,True,True,2005,0.47213167,0.16015491,0.21065524,False,,,0.5211958,0.09071113,0.048997242,0.024,-0.0,0.16370837,-0.015,-0.022817848,0.6470864
cand_001507,2025,PM,Senior,UK,40-49,40,Bootcamp,3,2008,3.0-3.4,15.958333,15.438814,2,2.7692168,12,0,Engineering Manager,11-50,2.2695856,17,32,4,1,3,True,True,False,False,False,True,False,True,True,False,True,False,True,6,0,0,False,False,False,False,0,668,31,3,0.50340503,0.98351103,206044,False,True,2009,0.650681,0.10208757,0.3230753,False,,,0.54089403,0.09819164,0.04917331,0.048,-0.0,0.19536495,-0.015,0.0036552667,0.72491425
cand_018612,2025,PM,Senior,Other,<30,25,HS,2,2023,3.0-3.4,0.253447,0.21772067,0,1.9931687,19,1,Intern,11-50,0.012051389,0,5,2,1,2,True,True,True,False,False,True,True,False,True,False,True,True,False,5,0,2,False,True,False,False,0,957,26,6,0.64885247,0.6375046,56141,True,False,2025,0.6139372,0.00036154166,0.17253634,False,,,0.54059935,0.08071614,0.037827186,0.04,-0.0,0.15854332,-0.0,-0.008762307,0.6903804
cand_019302,2025,Sales,Entry,UK,50-59,52,HS,5,1994,unknown,28.531282,21.62114,5,4.167269,25,2,Director,201-1000,7.602279,23,31,5,0,1,False,False,True,False,False,False,True,False,True,False,False,True,False,4,2,1,False,False,False,True,0,946,35,5,0.7313105,0.972702,264222,False,True,1996,0.5654288,0.2740684,0.36618137,True,,,0.6304991,0.08668848,0.025793374,0.032,-0.03,0.11448185,-0.022,0.018667543,0.7416485
cand_038309,2025,Sales,Director,India,30-39,31,Bootcamp,5,2017,unknown,5.7061787,4.425357,3,3.1599078,6,0,Senior Engineer,51-200,0.0,0,20,3,1,3,True,False,True,True,True,False,False,True,True,False,False,True,False,2,0,1,False,True,False,False,0,685,48,8,0.7936315,0.88928086,116563,True,False,2019,0.4737263,0.0,0.36865592,True,,,0.65362716,0.09152646,0.037741978,0.016,-0.0,0.14526844,-0.005,0.029344654,0.8232403
cand_001738,2025,SWE,Staff,US-Central,40-49,42,AA,5,2004,unknown,20.813269,17.052063,6,2.7819827,12,1,Engineering Manager,11-50,3.3996844,18,19,3,1,2,True,True,False,True,True,False,False,True,True,False,True,True,False,6,1,0,False,True,False,False,0,318,33,5,0.610862,0.8127927,223247,True,True,2004,0.6721724,0.13799053,0.26456463,True,,,0.55636024,0.096137784,0.049751014,0.048,-0.0,0.19388881,-0.015,-0.0024864052,0.73276263
cand_035875,2025,Security,Entry,EU,30-39,34,Bootcamp,3,2013,unknown,12.7936,11.020589,3,2.9817398,12,0,Staff Engineer,1000+,4.9175134,24,11,1,1,0,False,False,False,True,True,True,True,False,False,False,False,True,False,5,1,0,False,False,True,False,0,565,10,2,0.45805946,0.8699045,209442,True,True,2012,0.5816119,0.19552541,0.34786963,True,,,0.4963017,0.09985208,0.044572685,0.04,-0.0,0.18442476,-0.005,0.056039747,0.7317662
cand_047067,2025,IT,Director,India,<30,23,None,3,2024,unknown,0.0,0.0,0,3.2187216,3,1,Intern,201-1000,0.0,5,21,4,2,2,False,True,False,False,False,True,False,False,False,False,False,True,False,7,0,1,True,True,True,False,0,731,35,4,0.6447647,0.6944852,50000,False,False,2025,0.7464529,0.010000001,0.31551751,False,,,0.5385647,0.08007374,0.037741978,0.055999998,-0.0,0.17381571,-0.0,-0.015159944,0.69722044
cand_005114,2025,SRE,Senior,UK,30-39,36,HS,2,2010,unknown,13.994236,12.26368,4,1.8894384,3,1,Staff Engineer,1-10,4.293246,24,16,3,1,2,True,True,True,True,True,False,False,False,True,False,True,True,True,6,0,2,False,True,False,True,0,854,17,6,0.6815776,0.9538365,177681,False,False,2011,0.6938155,0.17679739,0.16043447,True,,,0.6153195,0.09998927,0.04745386,0.048,-0.0,0.19544312,-0.005,0.029278278,0.8350409
cand_024906,2025,Data,Mid,India,40-49,47,None,5,1999,unknown,25.8434,24.318932,8,1.6411432,5,1,Staff Engineer,51-200,8.574322,41,18,4,1,1,True,False,True,False,True,True,False,False,True,False,False,True,False,4,2,2,False,True,False,True,0,780,27,3,0.85624576,0.9964793,262440,False,True,1999,0.6070825,0.33922964,0.1314667,True,,,0.66698194,0.07912104,0.01893458,0.032,-0.0,0.13005562,-0.015,0.01594858,0.79798615
cand_007635,2025,SRE,Manager,EU,40-49,40,MS,2,2006,unknown,17.711525,13.3828125,7,3.3308005,2,0,Engineering Manager,11-50,2.7369773,9,17,4,1,3,True,True,True,False,False,True,False,False,True,False,False,True,False,4,0,1,False,True,True,False,0,540,13,6,0.59412307,0.92296004,174461,False,False,2007,0.55715793,0.100109324,0.38859338,True,,,0.5785351,0.099705346,0.04989202,0.032,-0.0,0.18159737,-0.015,0.006086046,0.7512185
cand_014398,2025,IT,Staff,US-Central,40-49,41,HS,1,2006,unknown,16.794434,16.117708,6,2.3298354,12,0,Engineering Manager,201-1000,3.1367004,17,30,2,2,0,True,False,True,False,True,True,False,False,True,True,True,True,True,0,0,2,False,False,False,True,0,658,31,4,0.5090897,0.72288895,227195,False,False,2008,0.29181793,0.12810102,0.27181414,False,,,0.49675918,0.09741735,0.049970817,0.0,-0.0,0.14738816,-0.015,-0.020751515,0.6083958
cand_036170,2025,IT,Director,US-East,40-49,42,AA,2,2004,3.5-3.7,19.88267,17.357841,5,3.2638102,0,0,Staff Engineer,1000+,3.9566166,23,28,3,1,2,True,False,True,False,True,True,True,False,True,False,False,False,False,4,0,1,False,True,False,False,0,578,17,1,0.96372813,0.6976833,226702,False,False,2005,0.6327456,0.1646985,0.38077787,True,,,0.6328415,0.095666684,0.048590384,0.032,-0.0,0.17625707,-0.015,-0.039377414,0.7547212
cand_009183,2025,PM,Senior,UK,30-39,36,PhD,4,2010,unknown,14.013898,11.932958,5,3.8014598,12,1,Staff Engineer,1-10,3.7004135,14,10,5,0,2,False,False,True,False,True,False,True,False,False,False,False,False,False,2,1,0,True,True,True,True,0,639,5,4,0.74433047,0.8743502,201370,False,True,2011,0.45886612,0.13901241,0.38350365,True,,,0.6093857,0.09999931,0.049239315,0.016,-0.0,0.16523862,-0.005,0.0018955879,0.77151996
cand_036796,2025,Data,Manager,US-West,30-39,31,Bootcamp,2,2017,<3.0,5.8566203,5.080914,1,1.8914275,5,0,Engineer,51-200,1.2107077,0,6,2,1,4,True,True,False,True,False,True,False,False,False,False,False,True,False,6,2,2,False,True,False,False,0,575,24,4,0.5859262,0.7956386,109390,False,False,2019,0.6730186,0.03632123,0.22066653,False,,,0.5382019,0.092878394,0.045239653,0.048,-0.0,0.18611804,-0.005,-0.0031176931,0.71620226
cand_037622,2025,Security,Staff,US-West,<30,25,Bootcamp,3,2023,unknown,0.67827916,0.5396068,0,1.6553805,0,1,Intern,1000+,0.0,0,14,3,2,3,True,False,True,True,True,True,False,False,True,True,False,True,False,3,0,3,False,True,True,False,0,662,11,4,0.5564047,0.6628611,101314,False,False,2024,0.49128094,0.0,0.13312772,False,,,0.50131387,0.08165345,0.037741978,0.024,-0.0,0.14339544,-0.0,0.009887674,0.654597
cand_001655,2025,SRE,Manager,EU,30-39,36,BS,2,2011,<3.0,13.819947,11.005838,5,3.1624265,0,0,Staff Engineer,51-200,3.0381978,7,5,3,1,4,True,True,False,False,True,True,True,False,False,False,True,False,False,4,0,0,False,False,True,True,0,656,19,1,0.5350916,0.6456987,174907,False,False,2011,0.5470183,0.10514593,0.36894974,False,,,0.47242182,0.0998476,0.04999772,0.032,-0.0,0.18184532,-0.005,-0.01363523,0.6356319
cand_004326,2025,IT,Entry,US-East,30-39,31,PhD,1,2017,3.0-3.4,7.0087805,6.809838,1,1.1998745,0,0,Senior Engineer,201-1000,0.23178798,4,20,2,0,2,True,False,True,False,False,False,False,True,True,False,True,True,False,3,0,3,False,True,False,False,0,433,46,6,0.8092371,0.8953906,96481,False,False,2018,0.5418474,0.014953639,0.13998535,True,,,0.64831114,0.095928155,0.039352294,0.024,-0.0,0.15928045,-0.005,-0.0020741953,0.8005174
cand_027377,2025,Data,Entry,US-East,30-39,31,PhD,4,2017,unknown,3.7543075,2.8315003,2,1.6815604,6,0,Engineer,51-200,0.0,0,24,3,1,0,True,False,True,False,False,True,True,False,True,False,False,True,False,5,0,1,True,True,False,False,0,266,29,7,0.46827894,0.73657495,70425,True,False,2021,0.58865577,0.0,0.19618204,False,,,0.50321263,0.087833755,0.037741978,0.04,-0.0,0.16557574,-0.005,0.025031853,0.68882024
cand_019044,2025,IT,Mid,US-West,50-59,50,MS,1,1997,unknown,27.86684,27.174599,10,2.886531,0,0,Senior Engineering Manager,201-1000,7.699938,49,17,5,2,4,False,False,True,True,True,True,False,True,False,False,False,True,False,4,1,2,False,True,False,False,0,951,32,6,0.6599036,0.98124665,278651,True,False,1997,0.5719807,0.32899815,0.33676195,False,,,0.61321557,0.070092626,0.025071425,0.032,-0.02,0.107164055,-0.022,-0.027641686,0.67073786
cand_044328,2025,SWE,Entry,Canada,30-39,32,BS,4,2016,3.0-3.4,7.8436756,7.3667235,2,1.612539,0,0,Senior Engineer,1-10,0.0,2,34,2,0,2,True,True,False,False,False,False,True,True,True,True,True,True,False,5,0,1,False,True,False,True,0,583,16,6,0.79491735,0.71379554,141882,False,False,2017,0.65898347,0.004,0.18812956,True,,,0.6069802,0.09674143,0.037741978,0.04,-0.0,0.17448342,-0.005,0.061451726,0.83791536
cand_009661,2025,Security,Entry,Canada,30-39,32,PhD,5,2014,<3.0,9.493712,8.03368,3,3.388217,4,0,Staff Engineer,1-10,0.95569605,5,25,3,1,2,True,False,True,False,True,True,False,False,True,False,False,True,False,3,0,2,False,True,False,True,0,1024,19,4,0.9099008,0.64654166,153411,False,True,2016,0.5586468,0.038670883,0.39529195,True,,,0.6217736,0.0976015,0.04387847,0.024,-0.0,0.16547997,-0.005,0.041499685,0.82375324
cand_015914,2025,Data,Director,US-Central,30-39,37,AA,1,2009,unknown,14.593083,14.5813675,6,2.1761255,6,0,Staff Engineer,51-200,1.3962474,11,13,1,0,3,True,False,True,True,False,False,True,True,False,True,True,False,False,4,0,1,False,False,True,False,0,622,28,4,0.45439816,0.8263223,182016,False,False,2010,0.5258796,0.063887425,0.2538813,False,,,0.4983038,0.098976955,0.046138477,0.032,-0.0,0.17711544,-0.005,-0.051401634,0.6190176
cand_025466,2025,Security,Staff,India,30-39,39,PhD,3,2008,<3.0,16.01431,13.344017,5,1.8772485,19,2,Engineering Manager,201-1000,2.4524872,15,26,1,1,1,True,False,True,False,False,False,False,False,False,True,True,True,False,4,0,1,False,True,False,False,0,601,36,7,0.6350015,0.9344155,194678,False,False,2009,0.551167,0.10357462,0.09901233,True,,,0.6011336,0.09972163,0.049533796,0.032,-0.0,0.18125543,-0.005,0.008416367,0.7858054
cand_013610,2025,SRE,Manager,US-West,40-49,41,BS,1,2006,unknown,17.079721,12.829188,7,2.3741455,8,1,Staff Engineer,1-10,2.48335,4,43,3,0,3,True,True,True,True,False,False,False,True,True,False,False,False,False,2,0,0,False,False,False,True,0,688,52,6,0.45335564,0.633175,208249,True,False,2008,0.40400445,0.0825005,0.21698365,False,,,0.4713095,0.09989395,0.04958466,0.016,-0.0,0.16547862,-0.015,-0.0035919955,0.6181961
cand_011670,2025,SRE,Entry,India,40-49,48,PhD,4,2000,unknown,22.6595,18.757954,7,3.860181,6,0,Senior Engineering Manager,51-200,6.346225,15,39,3,0,3,True,False,True,False,False,True,False,False,True,False,False,True,False,4,1,1,False,True,False,True,0,504,30,4,0.7452889,0.7205235,258410,False,False,2002,0.5840578,0.22038674,0.45035446,False,,,0.57895577,0.0931948,0.03523747,0.032,-0.02,0.14043228,-0.015,-0.007021754,0.69736636
cand_001219,2025,PM,Senior,UK,50-59,50,None,3,1996,3.5-3.7,29.526466,24.909407,13,2.4394965,3,1,Senior Engineering Manager,11-50,5.8813744,25,20,4,0,4,True,False,False,True,False,False,False,False,False,True,False,True,True,4,3,2,False,True,False,False,0,748,23,3,0.8509627,0.87034935,297691,True,True,1995,0.60769254,0.22644123,0.22460791,True,,,0.63990676,0.077322885,0.038573887,0.032,-0.02,0.12789679,-0.022,0.018421976,0.7642255
cand_038863,2025,Sales,Director,EU,30-39,34,Bootcamp,5,2013,3.0-3.4,9.970286,9.651245,2,2.9803197,19,1,Senior Engineer,201-1000,0.3734901,1,11,4,0,0,True,True,False,False,False,False,False,True,False,False,True,False,True,5,0,1,False,False,False,False,0,382,42,5,0.71208555,0.69075704,130016,False,False,2015,0.6265838,0.013204703,0.28770396,True,,,0.5673814,0.099152274,0.040303696,0.04,-0.0,0.17945597,-0.005,0.059000976,0.80083835
cand_012557,2025,IT,Manager,EU,40-49,48,AA,2,1998,<3.0,25.6267,23.540937,9,3.8677845,17,2,Engineering Manager,1000+,8.892681,20,16,1,2,6,True,False,True,False,False,False,False,True,True,True,False,True,False,2,1,4,False,False,False,True,0,570,35,3,0.8384069,0.60595644,280340,False,False,1999,0.47351474,0.30678043,0.3312415,False,,,0.58263373,0.08142033,0.016893141,0.016,-0.0,0.114313476,-0.015,-0.03536534,0.6465819
cand_039143,2025,IT,Manager,US-Central,40-49,45,PhD,3,2002,unknown,23.648193,18.835506,6,3.598428,2,0,Engineering Manager,201-1000,6.9890084,39,33,3,2,3,True,False,False,False,False,False,False,False,False,False,False,False,False,6,3,2,False,True,False,True,1,324,30,5,0.6988212,0.6766566,269715,False,False,2001,0.6980976,0.28767025,0.41981658,True,,,0.55991876,0.09304331,0.030409867,0.048,-0.0,0.17145318,-0.015,0.02581062,0.74218255
cand_035508,2025,PM,Entry,EU,30-39,34,BS,5,2012,unknown,11.574131,10.822619,5,1.8187407,2,2,Senior Engineer,1000+,3.6857257,29,9,1,2,3,True,True,False,False,True,True,False,False,True,False,False,True,True,5,0,0,False,True,False,True,0,743,29,1,0.7825591,0.7558153,182303,False,False,2013,0.6548452,0.16857177,0.092186406,True,,,0.58105874,0.099786304,0.049270652,0.04,-0.0,0.18905696,-0.005,-0.037195466,0.7279203
cand_011852,2025,PM,Staff,Canada,30-39,34,Bootcamp,5,2012,unknown,9.301582,7.6277065,2,1.9535177,0,0,Senior Engineer,51-200,2.3760135,5,29,3,2,1,True,False,False,True,False,True,True,False,True,False,False,False,False,5,1,2,False,True,True,True,0,503,22,4,0.77582943,0.6569144,145200,False,False,2016,0.6551659,0.08128041,0.2279104,True,,,0.57692313,0.09709295,0.04939532,0.04,-0.0,0.18648827,-0.005,0.028992005,0.7874034
cand_013238,2025,SWE,Senior,US-East,<30,29,Bootcamp,2,2019,3.5-3.7,4.961094,4.3887205,0,2.5074112,9,0,Engineer,51-200,0.0,0,15,3,1,2,False,True,False,True,True,True,False,True,False,False,True,True,False,7,0,1,True,True,False,False,0,706,34,6,0.97390765,0.8571526,100373,True,False,2020,0.80728155,0.0,0.2925313,True,,,0.6982982,0.09144792,0.037741978,0.055999998,-0.0,0.18518989,-0.0,-0.00040306774,0.8830851
cand_029950,2025,Data,Staff,EU,30-39,33,MS,2,2014,<3.0,11.324476,10.050696,1,2.364546,8,0,Senior Engineer,1000+,1.6624421,2,13,4,3,0,True,False,False,False,False,True,False,False,True,False,False,True,True,6,0,0,False,True,False,False,0,488,15,6,0.8406138,0.602718,140941,True,False,2014,0.7214561,0.053873267,0.2758637,True,,,0.60075843,0.099415325,0.047281303,0.048,-0.0,0.19469664,-0.005,0.020842561,0.81129766
cand_027984,2025,SWE,Senior,US-East,30-39,36,AA,3,2012,unknown,13.771565,12.513041,2,4.2597003,0,1,Staff Engineer,11-50,4.3072205,18,21,9,1,0,True,False,False,False,False,True,True,False,False,False,True,False,False,6,0,0,False,False,True,True,0,317,14,6,0.9307551,0.9434799,194756,False,True,2011,0.74615103,0.16521662,0.43696502,True,,,0.7004603,0.099959396,0.047399998,0.048,-0.0,0.19535941,-0.005,-0.0074053598,0.8834144
cand_022090,2025,PM,Manager,US-West,40-49,41,AA,4,2006,3.8+,18.47334,14.763678,7,2.9908915,0,0,Principal Engineer,201-1000,8.26587,19,16,2,0,1,True,False,True,False,True,False,False,False,True,False,True,False,False,4,1,0,True,True,True,True,0,808,15,3,0.88408434,0.6438023,216853,False,True,2007,0.6168169,0.2859761,0.34893733,True,,,0.60618997,0.098828234,0.02102011,0.032,-0.01,0.14184834,-0.015,-0.0033496434,0.72968864
cand_048989,2025,Security,Manager,US-West,<30,26,Bootcamp,1,2020,unknown,4.405182,3.4274359,2,2.082698,0,0,Engineer,11-50,0.0,0,5,2,0,1,True,False,True,False,True,True,True,False,True,False,False,False,True,6,0,0,False,False,False,False,0,818,29,3,0.718603,0.8696304,109311,False,True,2021,0.7037206,0.0,0.24298145,True,,,0.59343714,0.08927857,0.037741978,0.048,-0.0,0.17502055,-0.0,-0.0006497596,0.7678079
cand_040639,2025,SRE,Senior,US-East,30-39,32,AA,5,2014,unknown,10.624612,10.167897,5,3.2379057,0,0,Staff Engineer,1-10,5.0986605,28,40,1,0,0,True,True,False,False,True,False,False,False,True,False,False,False,True,5,0,3,False,True,False,True,0,689,22,4,0.7511312,0.7027569,172683,False,True,2014,0.65022624,0.20895982,0.37775567,True,,,0.5774473,0.09948335,0.043570764,0.04,-0.0,0.18305412,-0.005,0.0456801,0.8011815
cand_028911,2025,SRE,Staff,US-West,<30,22,AA,5,2024,3.8+,0.0,0.0,0,1.8599049,10,0,Intern,201-1000,0.0,0,23,4,1,2,True,True,False,False,False,True,True,False,True,True,True,True,False,5,0,2,False,True,True,False,0,730,19,7,0.9081753,0.69999415,85507,True,True,2025,0.67330176,0.0,0.2169889,True,,,0.64986014,0.08007374,0.037741978,0.04,-0.0,0.15781572,-0.0,-0.035892006,0.7717838
cand_008570,2025,Sales,Mid,UK,40-49,45,BS,4,2002,3.5-3.7,20.86196,16.877813,3,4.022225,15,1,Engineering Manager,201-1000,3.4404016,26,27,6,0,3,True,False,True,True,True,True,False,False,True,False,True,True,False,4,4,0,False,False,False,True,0,656,28,3,0.7278618,0.73815995,237592,True,False,2004,0.5730724,0.15521204,0.40925956,False,,,0.57038367,0.09639483,0.049697865,0.032,-0.0,0.1780927,-0.015,-0.038412917,0.6950635
cand_038431,2025,Sales,Director,US-Central,<30,22,BS,4,2025,unknown,0.0,0.0,0,2.0251367,9,0,Intern,1-10,0.0,0,15,1,2,4,True,False,True,True,True,True,True,False,True,False,False,True,False,4,0,1,False,True,False,False,0,557,37,3,0.93467975,0.7394956,50000,False,False,2025,0.61943597,0.0,0.23626594,True,,,0.6430371,0.08007374,0.037741978,0.032,-0.0,0.14981572,-0.0,0.0024889796,0.7953418
cand_040525,2025,SRE,Mid,Canada,<30,26,HS,1,2020,3.5-3.7,0.51972634,0.44810423,0,2.53432,0,0,Intern,1000+,0.0,2,31,4,1,0,True,True,False,True,False,True,False,False,True,True,True,True,True,5,0,2,False,True,False,True,0,671,9,3,0.9141499,0.8380578,88853,False,False,2024,0.68283,0.004,0.29567066,True,,,0.65556407,0.08138854,0.037741978,0.04,-0.0,0.15913051,-0.0,0.011723916,0.8264185
cand_035549,2025,IT,Mid,UK,<30,24,None,5,2022,unknown,1.0049485,0.9582557,0,2.9020727,1,0,Junior Engineer,51-200,0.0,0,19,6,1,2,True,False,True,True,True,True,True,False,False,False,True,True,False,6,0,1,False,True,False,False,0,678,33,4,0.47802457,0.9841277,72925,False,False,2024,0.65477157,0.0,0.33857515,False,,,0.5381341,0.08284918,0.037741978,0.048,-0.0,0.16859117,-0.0,0.004173999,0.71089923
cand_029487,2025,PM,Senior,Other,30-39,32,Bootcamp,3,2015,3.0-3.4,9.588382,8.261611,2,3.0331094,3,0,Senior Engineer,51-200,1.9223894,11,10,1,3,0,False,False,False,True,True,False,False,False,True,False,True,False,False,6,0,3,False,True,False,False,0,487,29,1,0.48100308,0.8155678,142422,False,False,2015,0.6537006,0.07967168,0.35386276,False,,,0.48746467,0.09786638,0.048218083,0.048,-0.0,0.19408447,-0.005,-0.016884053,0.6596651
cand_026037,2025,Data,Staff,India,50-59,50,MS,4,1997,unknown,26.900381,23.992529,10,1.5049726,0,0,Senior Engineering Manager,1-10,8.156082,63,23,5,1,1,True,False,True,False,True,False,True,False,True,True,True,True,True,2,3,0,False,False,True,False,0,770,5,6,0.7753109,0.69891596,295797,False,True,1998,0.4750622,0.37068248,0.17558014,False,,,0.597142,0.08009589,0.021785311,0.016,-0.02,0.0978812,-0.022,-0.012762143,0.66026103
cand_019370,2025,Sales,Mid,EU,40-49,46,MS,5,2002,unknown,22.783289,22.399294,7,3.52753,11,0,Staff Engineer,1000+,6.3410206,19,27,5,2,5,True,True,True,True,False,False,True,False,True,False,True,False,False,4,3,0,False,True,False,False,0,600,25,4,0.91564447,0.953881,234074,False,False,2002,0.61396223,0.22823063,0.41154516,True,,,0.6852517,0.08462919,0.035275813,0.032,-0.0,0.15190502,-0.015,0.0012709355,0.8234277
cand_044734,2025,Data,Director,India,30-39,31,AA,2,2017,3.5-3.7,5.8387737,4.9447074,2,2.2731113,0,1,Engineer,201-1000,0.0,0,37,2,1,3,False,True,True,True,True,False,False,False,True,False,True,True,False,3,0,1,False,False,False,True,0,923,25,3,0.88116324,0.86861426,104348,False,True,2019,0.55623263,0.0,0.20519632,True,,,0.65013003,0.09260596,0.037741978,0.024,-0.0,0.15434794,-0.005,-0.037321217,0.7621568
cand_006915,2025,Sales,Mid,US-East,40-49,48,BS,3,1998,3.0-3.4,21.0,18.705236,4,2.04504,0,0,Engineering Manager,1000+,6.275345,46,14,3,1,5,True,True,False,False,False,True,False,False,True,False,False,False,True,3,0,1,True,True,False,False,0,636,23,4,0.66395813,0.82451254,242603,False,False,2004,0.51279163,0.28026035,0.23858799,True,,,0.5712879,0.09329694,0.03575809,0.024,-0.0,0.15305503,-0.015,0.044165574,0.75350845
cand_014998,2025,PM,Entry,Other,60+,66,HS,3,1981,3.0-3.4,42.1747,31.65156,15,4.504925,6,0,Principal Engineer,1000+,12.0,42,8,2,0,3,True,True,False,False,True,True,False,False,True,True,True,True,True,2,4,1,False,False,True,False,0,943,52,3,0.7241141,0.9546877,392241,True,True,1983,0.45982283,0.444,0.52557456,False,,,0.6123775,0.055103183,0.0039779753,0.016,-0.01,0.065081164,-0.032,0.018099554,0.66355824
cand_016750,2025,PM,Manager,Canada,<30,22,Bootcamp,2,2024,unknown,0.5376114,0.4175911,0,1.5403019,0,0,Intern,201-1000,2.0049303,7,15,6,1,3,False,False,False,False,False,True,False,True,False,False,False,True,True,6,0,1,True,False,True,False,0,542,14,1,0.53117484,0.9123857,83479,False,False,2024,0.66623497,0.07414791,0.1797019,False,,,0.5243884,0.08129994,0.04847656,0.048,-0.0,0.17777649,-0.0,-0.034557253,0.66760767
cand_029959,2025,Security,Director,Canada,30-39,38,AA,3,2009,3.0-3.4,14.60728,13.989235,3,3.359709,6,0,Staff Engineer,1-10,2.4542284,19,27,2,0,1,True,False,True,False,True,True,False,False,True,False,False,True,False,3,0,1,False,False,False,False,0,509,38,3,0.58743346,0.77922857,188505,False,False,2010,0.4924867,0.11162685,0.39196604,False,,,0.52944744,0.0993912,0.049536742,0.024,-0.0,0.17292795,-0.005,-0.04166292,0.6557125
cand_028856,2025,IT,Mid,US-Central,30-39,38,None,4,2008,unknown,16.819529,16.213306,3,2.5498521,13,1,Staff Engineer,11-50,1.4281212,9,38,4,0,2,False,True,True,False,True,True,False,True,True,True,True,False,False,5,1,1,True,True,False,False,0,1006,38,3,0.5285032,0.8302002,203935,False,False,2008,0.5948673,0.06084364,0.23748276,False,,,0.51901615,0.09729769,0.046284653,0.04,-0.0,0.18358234,-0.005,-0.023571087,0.6740274
cand_038911,2025,Sales,Mid,EU,<30,27,MS,4,2021,3.5-3.7,1.9833657,1.6418933,0,2.4600182,15,1,Junior Engineer,11-50,0.0,3,11,1,0,1,True,False,True,True,False,True,False,False,True,False,True,True,False,6,0,2,False,True,False,False,0,597,30,5,0.66634595,0.6797783,59683,False,False,2023,0.6807692,0.006,0.22700211,False,,,0.54917675,0.08474092,0.037741978,0.048,-0.0,0.1704829,-0.0,-0.011285276,0.7083744
cand_005843,2025,SWE,Manager,India,30-39,38,MS,3,2008,3.8+,17.20803,15.620466,4,2.7148304,4,0,Staff Engineer,201-1000,3.1096385,14,41,1,1,2,True,False,True,False,True,False,False,False,False,True,False,True,True,4,0,2,False,True,True,True,0,601,38,4,0.50228626,0.9681864,211857,True,False,2008,0.5371239,0.12128915,0.3167302,False,,,0.5434375,0.097997524,0.049981225,0.032,-0.0,0.17997876,-0.005,-0.006258463,0.7121577
cand_015769,2025,SWE,Staff,India,<30,27,BS,2,2020,unknown,3.0573125,2.8579664,2,2.0968006,4,0,Senior Engineer,201-1000,0.0,2,9,4,2,4,False,False,False,False,False,True,False,False,True,False,False,False,False,4,0,0,False,True,False,True,0,860,33,4,0.7514509,0.6910486,50000,False,False,2022,0.58695686,0.004,0.24462673,True,,,0.57521755,0.08789947,0.037741978,0.032,-0.0,0.15764146,-0.0,-0.0019496628,0.73090935
cand_027098,2025,SRE,Senior,Canada,30-39,30,HS,2,2016,unknown,9.736968,9.450221,2,3.586626,1,0,Senior Engineer,201-1000,1.9538794,7,27,2,2,0,True,False,False,False,True,True,False,True,False,True,False,False,False,5,0,1,False,False,False,False,1,648,19,6,0.46385676,0.9716205,165017,False,False,2015,0.591938,0.07261638,0.4184397,True,,,0.54267395,0.09900173,0.048318956,0.04,-0.0,0.18732068,-0.005,0.02732664,0.7523213
cand_034726,2025,Sales,Director,US-Central,30-39,36,MS,5,2010,unknown,13.172989,12.539024,5,2.4638488,15,2,Staff Engineer,11-50,1.2186882,4,16,3,0,2,True,True,False,False,False,True,True,True,False,True,True,True,False,5,0,3,False,False,False,False,0,575,51,6,0.85856426,0.93281025,161605,False,False,2012,0.6592129,0.044560652,0.16744903,True,,,0.6730596,0.09995518,0.04527996,0.04,-0.0,0.18523514,-0.005,-0.027621264,0.82567346
cand_020930,2025,PM,Manager,EU,50-59,57,PhD,2,1990,unknown,32.933517,29.31629,9,2.7426534,0,0,Engineering Manager,201-1000,8.931805,68,29,4,0,1,True,True,False,True,True,True,True,False,False,True,True,True,True,2,2,2,False,False,False,False,0,771,36,4,0.49302268,0.6034776,325783,False,False,1992,0.41860452,0.40395418,0.3199762,False,,,0.46725345,0.06295579,0.016650679,0.016,-0.0,0.09560647,-0.022,-0.017059736,0.52380013
cand_012313,2025,PM,Senior,US-Central,50-59,53,PhD,5,1994,unknown,29.41309,25.276487,10,2.692005,16,1,Senior Engineering Manager,51-200,7.4378324,15,39,2,3,2,True,False,False,True,True,False,False,False,True,False,True,True,True,2,1,1,True,True,False,True,0,642,25,2,0.8019749,0.960956,295342,False,False,1996,0.46706164,0.25313497,0.25406724,True,,,0.6348824,0.076184355,0.027019918,0.016,-0.02,0.09920427,-0.022,0.060897928,0.77298456
cand_008293,2025,SWE,Senior,US-West,30-39,33,PhD,3,2015,3.8+,5.9543667,5.817382,2,3.4504716,0,0,Engineer,11-50,0.0,0,31,1,0,1,True,True,False,False,False,False,True,False,True,False,True,True,False,3,0,1,False,True,False,False,0,648,8,5,0.76333845,0.7363682,130350,True,False,2019,0.5326677,0.0,0.40255502,True,,,0.5944421,0.09427174,0.037741978,0.024,-0.0,0.15601373,-0.005,-0.013315341,0.73214054
cand_049408,2025,IT,Staff,UK,30-39,32,BS,5,2016,unknown,7.399313,6.06438,1,2.413931,4,0,Senior Engineer,11-50,1.4479102,4,16,3,1,0,True,False,False,False,True,True,False,False,False,True,True,True,False,5,0,0,False,True,False,False,0,796,20,4,0.8089775,0.78445315,140251,True,False,2018,0.65846217,0.05143731,0.28162527,True,,,0.61403275,0.09470819,0.046374157,0.04,-0.0,0.18108234,-0.005,-0.031488117,0.758627
cand_022319,2025,SRE,Mid,India,<30,27,None,1,2020,3.8+,3.784058,2.8988967,2,2.967453,10,0,Engineer,51-200,0.0,2,19,1,1,4,False,True,False,False,True,True,False,False,True,False,False,False,False,6,0,1,False,False,False,True,0,674,35,4,0.54053855,0.7619382,86883,False,False,2021,0.65977436,0.004,0.34620285,True,,,0.5155761,0.08800082,0.037741978,0.048,-0.0,0.1737428,-0.0,0.03923921,0.7285581
cand_020486,2025,IT,Director,UK,40-49,43,None,2,2003,unknown,22.597282,20.245596,9,2.24206,0,0,Senior Engineering Manager,201-1000,4.541805,24,35,4,1,5,False,True,True,True,True,True,False,False,True,False,False,True,True,7,2,1,False,False,True,False,0,769,7,5,0.86146677,0.6468738,270561,False,False,2002,0.79229337,0.18425414,0.26157364,True,,,0.6108881,0.090039425,0.04642029,0.055999998,-0.02,0.1724597,-0.015,0.030944567,0.79929245
cand_022610,2025,SRE,Entry,US-West,<30,24,HS,3,2024,unknown,1.5261974,1.3267897,0,0.5,4,0,Engineer,201-1000,0.0,0,13,1,3,3,False,False,False,False,True,True,False,True,True,False,True,True,True,4,0,1,False,True,True,True,0,421,39,3,0.868375,0.774775,63790,False,True,2023,0.61034167,0.0,0.058333334,True,,,0.62688625,0.0838787,0.037741978,0.032,-0.0,0.15362069,-0.0,0.0030567267,0.7835637
cand_012465,2025,IT,Staff,India,<30,29,PhD,2,2019,unknown,4.5633764,4.04199,0,2.0593305,4,1,Engineer,1000+,0.0,0,27,5,2,3,False,True,False,False,False,True,False,False,True,True,True,True,True,4,0,0,True,True,True,False,0,803,27,3,0.8026418,0.7506439,87579,True,False,2020,0.597195,0.0,0.18025522,True,,,0.5990534,0.09068926,0.037741978,0.032,-0.0,0.16043124,-0.0,-0.019521957,0.7399627
cand_041512,2025,Security,Entry,US-Central,<30,28,HS,3,2018,unknown,5.9236183,5.5132937,2,3.1715226,0,0,Engineer,1-10,0.0,0,18,7,1,2,True,False,False,False,True,False,False,False,False,True,True,False,False,7,0,0,False,True,False,False,0,683,36,2,0.6077478,0.6523616,151860,False,False,2019,0.74154955,0.0,0.37001097,False,,,0.50518405,0.09371292,0.037741978,0.055999998,-0.0,0.1874549,-0.0,0.0028519353,0.6954909
cand_048609,2025,SWE,Senior,US-East,40-49,42,PhD,1,2006,<3.0,19.796001,14.941339,6,3.3885264,0,2,Senior Engineering Manager,11-50,4.735428,29,15,5,2,1,True,True,True,False,False,True,False,False,True,False,False,True,False,5,1,1,False,False,False,False,1,642,48,5,0.67521757,0.6489449,238604,False,False,2005,0.6350435,0.20006284,0.2753281,False,,,0.54611516,0.09867377,0.045508865,0.04,-0.02,0.16418265,-0.015,0.0035399245,0.69883776
cand_017672,2025,PM,Staff,Other,<30,29,AA,4,2018,3.5-3.7,5.102409,4.6721435,1,2.0210676,0,1,Engineer,51-200,0.37859845,2,8,3,1,0,True,False,True,True,False,True,True,False,True,False,False,True,False,5,0,1,True,True,False,True,0,596,32,3,0.79750496,0.6734267,118248,False,True,2020,0.659501,0.015357954,0.1757912,True,,,0.5818121,0.09204741,0.040337477,0.04,-0.0,0.17238489,-0.0,0.051934578,0.8061316
cand_008565,2025,Security,Senior,US-Central,40-49,43,PhD,2,2005,unknown,18.807335,17.994337,3,3.5075128,10,1,Principal Engineer,1000+,5.4378653,28,5,3,3,0,True,False,True,False,False,True,True,False,True,False,False,True,False,3,2,0,False,False,False,False,0,732,5,3,0.71579975,0.9421757,218850,True,False,2006,0.51482666,0.21913597,0.34920985,True,,,0.60696507,0.09460586,0.041525118,0.024,-0.01,0.15013099,-0.015,-0.007569135,0.73452693
cand_042905,2025,Security,Manager,India,40-49,42,MS,3,2005,unknown,19.227972,16.415058,4,1.5436405,16,1,Engineering Manager,11-50,3.9506226,18,21,5,1,1,True,True,True,False,False,True,False,False,True,False,False,True,False,3,0,0,False,True,False,False,1,791,17,4,0.8873385,0.9851677,224156,False,False,2006,0.5441344,0.1545187,0.12009138,True,,,0.681602,0.09703666,0.048607748,0.024,-0.0,0.16964442,-0.015,-0.035923045,0.80032337
cand_033294,2025,Sales,Manager,Canada,<30,22,HS,3,2025,unknown,0.0,0.0,0,2.5599544,0,2,Intern,201-1000,0.0,0,27,2,0,4,True,True,False,False,True,False,False,False,True,False,False,False,False,2,0,4,False,False,False,False,0,537,41,2,0.69826275,0.69193965,67567,False,False,2025,0.45965254,0.0,0.17866135,False,,,0.5447799,0.08007374,0.037741978,0.016,-0.0,0.13381572,-0.0,0.0050710067,0.6836666
cand_012928,2025,SWE,Staff,US-West,<30,27,BS,4,2019,3.5-3.7,3.9601,3.7738397,1,3.724215,0,0,Senior Engineer,201-1000,0.0,0,26,3,1,1,True,True,True,True,True,True,False,False,True,False,False,True,False,5,0,1,False,True,False,True,0,415,26,7,0.8265422,0.7632009,122339,False,False,2021,0.6653085,0.0,0.43449175,True,,,0.63392997,0.09008392,0.037741978,0.04,-0.0,0.16782591,-0.0,-0.037019692,0.76473624
cand_008383,2025,IT,Entry,UK,30-39,39,Bootcamp,4,2007,unknown,18.721209,18.213186,4,1.8647338,0,0,Staff Engineer,201-1000,6.0015936,26,12,4,1,2,False,False,False,False,False,True,False,False,True,True,False,True,False,5,0,2,False,True,True,False,0,758,39,3,0.48919183,0.63250875,218099,True,False,2006,0.59783834,0.23204781,0.21755227,False,,,0.4657189,0.09421662,0.0377307,0.04,-0.0,0.17194733,-0.005,-0.008305027,0.6243612
cand_026546,2025,Security,Senior,India,<30,26,Bootcamp,5,2022,unknown,3.4698966,2.7351222,2,1.6835811,10,0,Engineer,51-200,0.0,0,35,1,2,3,True,False,False,False,False,False,False,True,True,False,True,True,True,7,0,0,True,False,False,False,0,465,12,9,0.7573729,0.63879377,99454,False,False,2022,0.7631413,0.0,0.1964178,True,,,0.5968393,0.08759328,0.037741978,0.055999998,-0.0,0.18133526,-0.0,0.0073927795,0.78556734
cand_021160,2025,SRE,Staff,UK,30-39,38,Bootcamp,4,2008,<3.0,17.600567,13.8714,5,2.2523258,0,0,Engineering Manager,201-1000,4.5890036,26,21,1,1,2,False,True,True,False,True,False,True,False,True,False,True,True,False,4,1,0,False,True,False,False,0,405,55,3,0.9015479,0.6344904,212408,True,False,2007,0.6203096,0.18967012,0.26277134,True,,,0.6104399,0.09946101,0.046206426,0.032,-0.0,0.17766744,-0.005,0.058111094,0.8412184
cand_025331,2025,PM,Entry,EU,50-59,56,HS,1,1991,unknown,34.05662,25.729034,8,1.2526047,0,0,Director,201-1000,11.777896,80,19,5,0,1,False,True,False,False,False,False,True,False,True,False,True,True,False,1,2,1,False,True,True,False,0,435,17,1,0.6310106,0.96201956,368552,True,False,1991,0.3862021,0.5133369,0.14613722,False,,,0.5692576,0.07476098,0.0045003933,0.008,-0.03,0.057261378,-0.022,-0.018614141,0.58590484
cand_000416,2025,Sales,Mid,UK,50-59,56,None,5,1990,3.8+,35.305992,33.89877,9,1.6615937,7,0,Principal Engineer,1000+,9.690712,32,42,6,1,3,True,True,True,False,True,True,True,False,False,True,False,False,False,4,2,1,False,True,True,False,0,521,9,1,0.95677924,0.89665264,359628,False,False,1990,0.6255225,0.3547214,0.19385259,True,,,0.6702032,0.047708735,0.0123431,0.032,-0.01,0.082051836,-0.022,0.030212848,0.7604678
cand_038313,2025,Security,Director,Canada,30-39,32,None,2,2014,3.0-3.4,10.790798,8.445374,2,2.9102595,0,1,Senior Engineer,51-200,1.9675918,14,18,4,2,2,True,False,False,False,True,False,False,False,False,False,False,True,True,5,0,0,False,False,False,True,0,560,19,5,0.94284683,0.6098968,140520,False,False,2014,0.68856937,0.08702776,0.2795303,True,,,0.63197577,0.09806899,0.048362013,0.04,-0.0,0.18643099,-0.005,0.0133802015,0.826787
cand_040758,2025,IT,Manager,Canada,30-39,30,Bootcamp,5,2018,unknown,7.4390697,6.7378683,0,2.035684,0,0,Senior Engineer,1-10,0.0,0,28,2,1,4,True,False,True,False,True,False,False,False,False,True,False,False,True,4,0,1,False,True,False,False,0,615,11,3,0.6156431,0.90193963,136524,True,False,2018,0.5631286,0.0,0.23749648,True,,,0.56386304,0.095816866,0.037741978,0.032,-0.0,0.16555884,-0.005,0.010470725,0.7348926
cand_001406,2025,Data,Senior,Canada,50-59,56,BS,3,1992,<3.0,30.311073,25.89094,6,3.6329937,2,0,Engineering Manager,51-200,6.1861033,8,27,2,0,0,True,False,True,True,True,False,True,False,False,True,False,False,False,2,1,1,False,False,True,False,0,830,15,0,0.75546366,0.88144225,276298,False,False,1995,0.46942607,0.2015831,0.42384928,False,,,0.59070075,0.07424684,0.036408287,0.016,-0.0,0.12665513,-0.022,0.017755458,0.7131113
cand_027988,2025,Sales,Senior,Canada,30-39,33,AA,1,2015,3.8+,8.734456,8.3471985,2,2.4012098,3,0,Staff Engineer,201-1000,0.70122623,4,15,6,1,3,True,True,True,True,True,True,True,False,True,False,True,True,False,4,0,1,False,True,False,True,0,611,15,5,0.59623176,0.91150784,117200,False,False,2016,0.55674636,0.029036786,0.28014114,True,,,0.5709827,0.097961955,0.04238891,0.032,-0.0,0.17235087,-0.005,-0.008038937,0.73029464
cand_020657,2025,Data,Mid,US-East,50-59,50,PhD,3,1997,3.5-3.7,24.770185,22.762932,8,2.6033416,0,1,Senior Engineering Manager,201-1000,6.5899687,22,29,5,0,2,True,True,False,False,True,False,False,True,True,False,False,True,False,1,1,0,False,False,False,False,0,903,24,5,0.910297,0.90701216,246761,True,False,2000,0.4420594,0.24169907,0.24372318,True,,,0.6800064,0.08363012,0.03342409,0.008,-0.02,0.105054215,-0.022,-0.017598152,0.7454624
cand_046981,2025,Sales,Senior,US-East,60+,65,AA,1,1983,unknown,39.08855,37.75776,14,4.1065397,0,1,Senior Engineering Manager,51-200,12.0,63,5,4,1,1,True,True,False,True,True,False,False,False,True,False,True,False,True,2,3,1,False,True,True,False,0,592,17,3,0.49197373,0.6541264,411646,False,False,1986,0.41839474,0.486,0.4190963,False,,,0.47101608,0.035920527,0.0039779753,0.016,-0.02,0.035898503,-0.032,0.029038992,0.5039535
cand_029901,2025,IT,Staff,US-Central,30-39,39,Bootcamp,3,2008,unknown,15.736419,13.324344,6,3.1560886,8,0,Engineering Manager,1000+,3.1003573,15,9,5,1,2,True,True,True,True,False,False,False,False,True,False,False,True,False,4,0,2,False,True,False,True,0,670,27,5,0.7803268,0.68818015,202944,False,False,2009,0.5893987,0.123010725,0.36821032,True,,,0.59075046,0.09972971,0.049984265,0.032,-0.0,0.18171398,-0.005,0.019987801,0.7874523
cand_032869,2025,SRE,Director,US-West,50-59,57,MS,1,1990,3.5-3.7,34.64719,26.414038,7,2.4690392,14,1,Staff Engineer,11-50,11.06427,77,23,4,0,3,False,True,False,False,False,True,False,True,True,True,False,False,True,2,2,1,False,False,True,False,0,577,38,6,0.9705124,0.8546392,359246,False,False,1990,0.5024358,0.48592812,0.22805455,True,,,0.69660723,0.07256959,0.006551926,0.016,-0.0,0.09512152,-0.022,-0.021014169,0.74871457
cand_021613,2025,Data,Entry,EU,50-59,57,None,3,1989,3.0-3.4,35.650204,27.714703,10,4.156924,18,1,Principal Engineer,201-1000,10.709216,28,21,3,1,3,True,False,False,False,True,True,False,False,True,False,True,True,False,3,3,2,False,False,False,False,0,789,35,3,0.45097965,0.71391004,363766,True,False,1989,0.45519593,0.3772765,0.4249744,False,,,0.46862492,0.06831106,0.007805062,0.024,-0.01,0.09011612,-0.022,0.010554538,0.5472956
cand_018692,2025,SWE,Senior,UK,<30,27,Bootcamp,3,2021,<3.0,3.5312254,3.2278204,0,4.547483,2,0,Engineer,1-10,1.1889263,7,25,6,0,2,False,True,False,False,False,True,False,False,True,False,True,True,False,7,0,0,False,False,False,True,0,503,36,3,0.48902622,0.8434777,92042,False,False,2021,0.7161386,0.04966779,0.5305397,False,,,0.5078547,0.088802814,0.045128927,0.055999998,-0.0,0.18993174,-0.0,0.0013774028,0.69916385
cand_014462,2025,SWE,Staff,India,<30,25,PhD,5,2023,3.5-3.7,0.7117293,0.62246716,0,0.5,1,0,Intern,11-50,0.0,0,40,2,1,3,True,False,False,True,False,False,False,False,False,False,False,True,False,5,0,1,False,False,False,True,0,856,20,4,0.6295106,0.8001817,53450,False,False,2024,0.6250688,0.0,0.058333334,True,,,0.55436504,0.081892245,0.037741978,0.04,-0.0,0.15963423,-0.0,0.01847021,0.7324695
cand_013529,2025,Data,Director,US-East,<30,25,None,5,2023,3.0-3.4,0.20527318,0.15458141,0,2.0350344,8,1,Intern,1-10,0.78722656,3,20,1,2,4,True,True,True,False,True,False,False,True,True,True,False,False,False,4,0,0,False,False,False,True,0,569,24,3,0.9790958,0.6651062,108767,True,False,2025,0.62915254,0.0296168,0.17742068,True,,,0.6437048,0.08053053,0.042905994,0.032,-0.0,0.15543653,-0.0,0.06635808,0.8654994
cand_029804,2025,SRE,Entry,US-East,<30,28,PhD,4,2018,unknown,5.0628977,4.0605183,0,3.8610225,11,0,Engineer,201-1000,0.0,4,51,5,1,2,True,False,False,False,True,True,True,False,True,False,False,True,True,5,0,1,False,False,True,True,0,386,35,6,0.9284005,0.7874866,115443,False,False,2020,0.67651343,0.008,0.4504526,True,,,0.6684375,0.09073048,0.037741978,0.04,-0.0,0.16847247,-0.0,-0.01253606,0.8243739
cand_001444,2025,SWE,Director,EU,30-39,39,PhD,2,2008,unknown,17.813105,15.774738,3,3.4662511,0,0,Staff Engineer,51-200,6.6478343,49,27,2,0,3,False,False,True,False,True,True,True,False,True,False,True,False,False,3,0,0,False,False,False,True,0,693,21,2,0.7540579,0.9184167,210441,False,False,2007,0.53081155,0.29743505,0.40439597,True,,,0.6096036,0.09782513,0.032989483,0.024,-0.0,0.15481462,-0.005,0.031080848,0.79049903
cand_018218,2025,Sales,Senior,UK,30-39,37,MS,5,2011,unknown,13.676072,12.583053,2,3.306697,3,1,Staff Engineer,11-50,2.6368804,17,20,6,1,2,True,True,True,False,True,False,True,False,True,False,True,True,False,6,0,1,False,False,False,False,0,787,13,2,0.48539707,0.63836676,115364,False,False,2011,0.6545794,0.113106415,0.32578132,False,,,0.45956233,0.09994755,0.049794402,0.048,-0.0,0.19774196,-0.005,-0.054009143,0.59829515
cand_045063,2025,IT,Entry,Other,40-49,48,Bootcamp,2,1998,unknown,24.593868,21.074442,4,1.2050279,20,1,Senior Engineering Manager,11-50,5.7894235,36,8,2,0,2,True,True,True,False,True,True,False,False,False,False,False,True,False,2,1,2,False,False,False,False,0,765,35,3,0.57256955,0.6423011,253834,False,False,2000,0.41784725,0.24568272,0.08058658,False,,,0.49685958,0.08806664,0.03920759,0.016,-0.02,0.12327424,-0.015,-0.022847213,0.5822866
cand_030646,2025,Data,Senior,EU,<30,22,None,1,2024,unknown,1.0396804,0.9996952,2,1.9670572,19,2,Engineer,201-1000,0.0,0,27,4,1,5,True,True,False,True,False,True,True,False,False,True,True,True,False,3,0,0,False,False,False,False,0,671,27,3,0.7033345,0.6215659,86554,False,False,2024,0.5048336,0.0,0.10948999,False,,,0.5384803,0.082966045,0.037741978,0.024,-0.0,0.14470802,-0.0,0.032770995,0.7159593
cand_049167,2025,IT,Manager,EU,50-59,58,HS,1,1989,unknown,34.791256,31.701393,9,3.6362023,4,0,Senior Engineering Manager,51-200,11.753682,32,39,1,0,1,True,False,False,False,False,True,True,False,False,False,False,False,False,4,1,2,True,False,True,True,0,467,23,6,0.6994718,0.7005551,353689,True,False,1990,0.57656103,0.41661048,0.4242236,False,,,0.5709262,0.054936677,0.0045604925,0.032,-0.02,0.07149717,-0.022,0.009293952,0.62971735
cand_039989,2025,Sales,Manager,UK,40-49,40,HS,5,2008,unknown,17.360605,15.15135,5,3.8982463,0,0,Engineering Manager,11-50,4.034053,34,14,4,0,3,False,True,True,False,True,False,False,False,True,False,False,True,False,3,0,2,False,False,False,False,0,475,47,6,0.8382319,0.99085265,173792,False,False,2008,0.5476464,0.18902159,0.45479542,True,,,0.67755175,0.09847913,0.04835688,0.024,-0.0,0.17083602,-0.015,-0.02033206,0.81305575
cand_044755,2025,IT,Mid,US-Central,50-59,50,HS,1,1998,3.5-3.7,26.57565,24.417988,8,3.4908621,0,0,Principal Engineer,11-50,9.548568,49,12,6,1,2,True,False,False,False,True,True,False,False,False,False,True,True,False,4,1,0,False,True,True,False,0,634,16,6,0.613966,0.67306924,277841,True,False,1998,0.5627932,0.38445705,0.40726724,False,,,0.53550196,0.0788224,0.013090754,0.032,-0.01,0.113913156,-0.022,-0.020292375,0.6071227
cand_048345,2025,PM,Manager,US-East,<30,28,MS,4,2019,unknown,6.426997,5.7131214,2,3.3084877,12,1,Engineer,1000+,0.8216317,0,19,3,0,3,True,True,True,True,True,True,False,False,True,False,False,True,False,4,0,1,False,False,False,False,0,586,17,3,0.9445956,0.6475663,110544,False,False,2019,0.61891913,0.024648951,0.32599023,True,,,0.62812173,0.09408279,0.04310904,0.032,-0.0,0.16919184,-0.0,-0.04733018,0.7499834
cand_042969,2025,Security,Mid,UK,40-49,48,PhD,4,2000,3.0-3.4,23.979382,22.42085,7,3.4203062,0,0,Engineering Manager,201-1000,5.912238,38,29,3,1,3,True,True,False,False,False,False,False,False,True,False,True,False,False,4,1,0,False,False,True,False,0,312,12,4,0.84598464,0.94648176,277203,True,False,2001,0.6091969,0.25336716,0.3990357,True,,,0.6593909,0.084570594,0.03835894,0.032,-0.0,0.15492953,-0.015,-0.005164875,0.7941556
cand_020419,2025,Data,Mid,UK,<30,25,PhD,3,2023,unknown,2.7131877,2.231152,2,1.3528125,6,1,Engineer,11-50,0.0,4,23,3,1,2,False,False,True,False,True,False,False,False,False,False,False,False,True,5,0,1,False,False,False,False,0,640,23,1,0.87170357,0.740122,106285,True,False,2022,0.6693407,0.008,0.09782812,True,,,0.60912067,0.08630618,0.037741978,0.04,-0.0,0.16404817,-0.0,-0.00029098144,0.7728778
cand_010896,2025,IT,Manager,EU,50-59,57,None,1,1990,3.0-3.4,33.810875,29.757616,8,3.1164923,24,1,Senior Engineering Manager,11-50,12.0,29,40,6,2,1,True,False,True,False,True,True,False,False,True,True,True,False,False,5,3,2,False,False,False,True,0,615,26,5,0.6653755,0.70159274,337198,True,False,1991,0.61307514,0.418,0.30359074,False,,,0.5532,0.061469764,0.0039779753,0.04,-0.02,0.08544774,-0.022,0.04014162,0.65678936
cand_045620,2025,SRE,Director,India,30-39,32,Bootcamp,1,2016,3.5-3.7,8.140188,6.736007,1,3.4194613,2,1,Senior Engineer,1-10,0.78819054,4,14,6,0,0,True,True,False,True,True,True,False,False,True,True,True,True,False,7,0,1,False,True,False,False,0,758,29,6,0.8191287,0.9699459,109412,True,False,2017,0.7821591,0.031645715,0.33893716,True,,,0.66668427,0.09581396,0.042911712,0.055999998,-0.0,0.19472566,-0.005,-0.0357119,0.820698
cand_036349,2025,Data,Mid,US-East,<30,22,HS,1,2025,<3.0,0.0,0.0,0,5.1683946,7,1,Intern,201-1000,0.0,1,27,2,2,0,True,False,True,True,True,True,False,False,True,False,False,True,False,4,0,2,False,True,False,True,0,590,48,2,0.8893705,0.61962736,69283,True,True,2025,0.61204076,0.002,0.54297936,True,,,0.59720516,0.08007374,0.037741978,0.032,-0.0,0.14981572,-0.0,0.034567863,0.7815888
cand_019312,2025,SWE,Entry,US-Central,50-59,50,MS,5,1997,unknown,28.413393,26.824368,7,3.1008315,8,1,Engineering Manager,1000+,10.4808655,46,32,6,1,2,True,False,True,True,True,True,False,False,False,True,False,True,False,4,2,1,False,False,False,False,0,905,31,2,0.6402295,0.6498206,305640,True,True,1997,0.56137925,0.40642598,0.30176365,False,,,0.51604444,0.07123836,0.008698655,0.032,-0.0,0.111937016,-0.022,-0.0038849004,0.6020965
cand_005582,2025,Security,Mid,EU,<30,27,HS,5,2021,<3.0,3.8445904,3.3105447,2,1.0952115,10,0,Engineer,11-50,0.0,4,24,4,1,4,True,False,True,False,False,True,False,False,False,False,False,True,False,2,0,2,False,False,False,False,0,619,21,6,0.5023982,0.7697328,104060,False,False,2021,0.4121463,0.008,0.12777467,False,,,0.51578593,0.08900099,0.037741978,0.016,-0.0,0.14274298,-0.0,0.057616815,0.71614575
cand_006682,2025,IT,Staff,UK,30-39,36,Bootcamp,2,2012,unknown,11.646356,10.89269,4,2.9411469,17,1,Staff Engineer,11-50,3.1457644,13,35,4,1,2,True,False,False,False,False,False,True,True,True,False,True,True,False,4,0,1,False,False,False,True,0,447,41,6,0.5111595,0.80621505,184817,False,False,2013,0.52806526,0.120372936,0.28313377,False,,,0.5261488,0.09981095,0.04996681,0.032,-0.0,0.18177776,-0.005,0.021893593,0.7248202
cand_030679,2025,Security,Entry,UK,30-39,34,BS,5,2012,3.5-3.7,12.325875,10.986813,3,2.3789947,0,2,Staff Engineer,11-50,2.0813255,11,10,5,2,1,True,False,True,False,False,True,False,True,True,True,True,True,False,4,0,3,False,False,False,False,0,864,11,2,0.5759458,0.82646716,175809,False,True,2013,0.55518913,0.08443977,0.15754938,False,,,0.52887446,0.09984171,0.04869855,0.032,-0.0,0.18054026,-0.005,-0.030775573,0.6736392
cand_028388,2025,PM,Director,US-East,<30,22,HS,4,2024,3.5-3.7,0.0,0.0,0,1.5050474,0,0,Intern,201-1000,0.0,2,25,2,1,2,True,True,True,False,True,True,False,False,True,True,False,True,False,6,0,1,False,True,True,True,0,895,25,3,0.6728265,0.684022,69090,False,False,2025,0.6945653,0.004,0.17558886,False,,,0.5402937,0.08007374,0.037741978,0.048,-0.0,0.16581571,-0.0,-0.012520426,0.693589
cand_006847,2025,Data,Staff,India,30-39,39,MS,4,2008,unknown,16.429506,13.315044,2,1.6697472,0,0,Staff Engineer,51-200,2.692697,6,16,6,0,0,False,False,True,False,False,True,False,False,False,False,True,False,False,3,2,3,False,True,False,False,0,817,13,4,0.48259532,0.682247,210496,False,True,2009,0.47651905,0.09278092,0.19480383,False,,,0.47935775,0.09973348,0.049852666,0.024,-0.0,0.17358615,-0.005,-0.029266402,0.6186775
cand_015981,2025,PM,Entry,India,50-59,57,PhD,5,1991,3.5-3.7,32.6753,27.088108,12,1.0104885,0,0,Engineering Manager,1000+,8.797934,38,20,6,1,2,True,False,True,True,True,True,True,False,True,False,False,True,False,4,1,0,False,False,False,False,0,495,46,4,0.79342175,0.81676775,326688,False,False,1992,0.5986844,0.339938,0.11789033,True,,,0.61505115,0.07037633,0.01748812,0.032,-0.0,0.11986445,-0.022,0.020275988,0.7331916
cand_033675,2025,Data,Director,EU,30-39,33,AA,1,2015,3.0-3.4,9.944818,8.056579,1,1.5931566,14,1,Staff Engineer,51-200,1.4118943,8,19,8,1,2,False,False,False,False,False,True,False,True,True,False,True,True,False,5,0,2,False,True,True,False,0,200,49,4,0.70497906,0.7955259,149820,True,True,2015,0.62932914,0.05835683,0.12586826,True,,,0.5798478,0.09762879,0.046210546,0.04,-0.0,0.18383932,-0.005,-0.0060709086,0.7526162
cand_047503,2025,SRE,Mid,UK,30-39,31,PhD,5,2016,3.0-3.4,7.3573112,7.1388392,3,2.431152,0,0,Senior Engineer,51-200,0.0,0,34,3,0,1,False,True,True,False,True,False,False,False,True,False,True,True,True,5,0,1,False,False,False,True,0,665,20,6,0.5656762,0.68467027,166790,False,True,2018,0.6131352,0.0,0.2836344,False,,,0.52092075,0.096418954,0.037741978,0.04,-0.0,0.17416093,-0.005,-0.014475599,0.67560613
cand_007565,2025,Sales,Staff,India,50-59,52,HS,2,1996,unknown,26.967422,24.292938,9,3.4299192,17,1,Principal Engineer,51-200,6.9608736,39,19,4,2,0,False,True,True,False,False,True,False,False,True,False,False,False,False,3,3,0,False,True,False,False,0,782,32,5,0.8891481,0.7718673,292548,True,False,1998,0.54366297,0.28682622,0.3401572,True,,,0.6455753,0.07919918,0.030623166,0.024,-0.01,0.123822354,-0.022,-0.003289892,0.7441077
cand_020728,2025,PM,Senior,EU,30-39,38,None,2,2008,3.8+,15.882166,15.733146,6,2.4901717,4,0,Staff Engineer,51-200,5.0996156,34,25,5,0,3,False,True,False,True,False,False,False,False,True,False,True,True,True,3,0,1,False,False,False,False,0,843,41,6,0.580361,0.7490923,213775,False,True,2009,0.49273887,0.22098847,0.29052,False,,,0.53894484,0.09787228,0.0435653,0.024,-0.0,0.16543758,-0.005,-0.027535642,0.6718468
cand_007411,2025,SRE,Manager,US-West,40-49,49,MS,4,1997,3.5-3.7,26.09975,22.530844,7,3.151842,6,0,Engineering Manager,11-50,5.1477003,19,24,1,1,1,True,False,False,False,False,True,False,False,False,True,True,True,False,5,3,0,False,False,False,False,0,762,27,8,0.7732509,0.99708223,284600,False,False,1999,0.6496502,0.19243102,0.36771488,True,,,0.6680542,0.08427037,0.043288138,0.04,-0.0,0.16755852,-0.015,0.030887343,0.85150015
cand_025354,2025,SWE,Manager,US-East,30-39,34,Bootcamp,1,2012,unknown,8.311967,7.3323407,1,0.8721432,11,1,Senior Engineer,201-1000,0.0,0,12,2,2,2,False,True,False,False,True,False,False,False,False,False,False,True,False,4,0,1,True,False,False,False,0,558,27,2,0.48917034,0.7893311,152695,True,False,2017,0.5286674,0.0,0.041750044,False,,,0.49107584,0.096693695,0.037741978,0.032,-0.0,0.16643567,-0.005,0.03187459,0.68438613
cand_047738,2025,Sales,Entry,Canada,30-39,33,HS,1,2015,3.5-3.7,10.317507,10.219366,3,3.926629,5,0,Senior Engineer,201-1000,0.5795518,7,32,3,2,5,False,True,True,False,True,True,False,False,False,False,False,True,False,4,0,0,False,True,False,True,0,574,23,5,0.6214299,0.78077364,182611,False,False,2015,0.56011933,0.031386554,0.45810673,False,,,0.5536552,0.09951191,0.041635063,0.032,-0.0,0.17314698,-0.005,-0.0048224377,0.71697974
cand_009758,2025,Sales,Director,Other,40-49,47,BS,5,2000,unknown,25.72396,21.921797,7,1.6383902,0,2,Senior Engineering Manager,1000+,6.619592,21,28,5,0,2,False,False,True,True,True,False,True,True,True,False,True,False,False,4,3,1,False,True,True,False,0,640,15,6,0.54853463,0.78351647,291550,False,True,1999,0.54970694,0.24058777,0.07114552,False,,,0.5346904,0.08590598,0.033201754,0.032,-0.02,0.13110773,-0.015,-0.05000817,0.60078996
cand_009767,2025,Data,Entry,UK,<30,22,HS,3,2025,3.5-3.7,0.0,0.0,0,1.3086772,16,1,Intern,51-200,0.0,0,13,6,1,3,False,True,False,False,False,False,False,False,False,False,True,False,False,5,0,2,False,True,False,False,0,611,23,5,0.7676648,0.9331168,67900,True,True,2025,0.64019966,0.0,0.09267901,True,,,0.635306,0.08007374,0.037741978,0.04,-0.0,0.15781572,-0.0,0.0053577353,0.79847944
cand_007133,2025,Sales,Director,Other,<30,28,HS,4,2020,3.0-3.4,5.4553246,4.7175817,0,2.319079,9,0,Engineer,11-50,0.0,0,17,5,2,4,True,False,False,True,False,False,False,False,True,True,True,True,True,6,0,0,False,True,False,False,0,292,28,4,0.657997,0.7676041,117154,False,False,2020,0.68409944,0.0,0.2705592,False,,,0.5578197,0.092141755,0.037741978,0.048,-0.0,0.17788374,-0.0,-0.0307268,0.7049767
cand_028593,2025,SWE,Manager,India,40-49,48,Bootcamp,4,1999,unknown,23.777708,21.692244,5,1.5326401,10,0,Engineering Manager,201-1000,5.3725905,13,20,8,2,2,True,False,False,False,True,False,False,False,True,False,False,True,False,2,0,1,False,True,True,True,1,667,36,3,0.96780795,0.90508455,272643,False,True,2001,0.5052283,0.18717772,0.17880802,True,,,0.68774974,0.08650496,0.041934583,0.016,-0.0,0.14443955,-0.015,0.037370678,0.85456
cand_041209,2025,PM,Senior,EU,30-39,30,HS,3,2017,3.5-3.7,7.821251,7.2098103,2,4.6798487,23,1,Staff Engineer,51-200,0.22820555,5,11,6,2,2,True,False,False,True,True,False,True,False,True,False,True,True,True,5,1,3,False,True,False,False,0,1051,48,5,0.8004878,0.9448995,127892,False,False,2017,0.6409309,0.016846167,0.4859823,True,,,0.64915067,0.09652093,0.039327897,0.04,-0.0,0.17584881,-0.005,-0.043139424,0.77686006
cand_023111,2025,PM,Entry,Canada,30-39,36,PhD,1,2012,unknown,10.951441,10.692318,2,1.8821177,14,1,Senior Engineer,51-200,1.6399596,11,13,5,1,2,True,False,False,True,True,True,False,False,True,True,False,True,False,4,0,2,False,True,True,False,0,861,51,7,0.6030865,0.7084006,159351,False,False,2014,0.5489506,0.07119879,0.1595804,False,,,0.54476035,0.09973645,0.047191776,0.032,-0.0,0.17892823,-0.005,-0.04477658,0.67391205
cand_044346,2025,PM,Manager,UK,40-49,45,HS,1,2002,3.0-3.4,23.144978,21.926723,8,2.6942544,0,0,Staff Engineer,51-200,4.976453,40,24,2,3,4,True,True,True,False,False,True,False,False,False,False,False,True,False,3,3,2,False,True,True,True,0,663,28,3,0.51108456,0.9340461,265184,False,True,2002,0.4822169,0.22929358,0.31432968,False,,,0.5336888,0.08589303,0.044254147,0.024,-0.0,0.15414718,-0.015,0.029752232,0.7025882
cand_022809,2025,Security,Senior,US-Central,30-39,33,MS,3,2014,unknown,7.238183,5.7940035,1,2.703369,6,0,Senior Engineer,11-50,0.0,0,8,4,2,0,False,True,True,False,True,True,True,False,True,False,True,True,False,4,0,3,False,False,False,False,0,299,28,5,0.9797368,0.63964766,132470,True,False,2018,0.63094735,0.0,0.31539303,True,,,0.6508374,0.0942296,0.037741978,0.032,-0.0,0.16397159,-0.005,-0.020134915,0.7896741
cand_020507,2025,Data,Mid,Other,50-59,51,AA,3,1997,unknown,26.92306,24.05079,10,3.2882,3,0,Director,201-1000,10.161118,28,14,1,1,5,True,False,True,False,False,False,False,True,True,True,True,False,False,3,1,1,False,True,False,True,0,448,50,3,0.53561336,0.96983564,307983,False,False,1998,0.48462266,0.36083353,0.3836233,False,,,0.5494318,0.07992294,0.010069116,0.024,-0.03,0.08399205,-0.022,-0.037544847,0.573879
cand_045705,2025,PM,Mid,Other,<30,29,HS,2,2019,unknown,3.9394286,3.3130202,1,1.7765703,6,2,Senior Engineer,201-1000,0.0,0,21,4,0,3,True,False,True,False,False,False,True,True,True,False,True,True,False,7,0,1,False,True,False,False,0,775,5,2,0.8945259,0.67059934,77156,True,False,2021,0.7939052,0.0,0.08726652,True,,,0.60920393,0.08900691,0.037741978,0.055999998,-0.0,0.18274888,-0.0,0.030393792,0.8223466
cand_021761,2025,SWE,Staff,US-West,40-49,43,BS,2,2005,<3.0,17.772766,16.782602,4,1.8225368,11,0,Engineering Manager,11-50,6.921289,19,24,3,0,1,True,True,True,False,True,True,False,False,True,False,False,True,True,6,0,1,False,True,False,False,0,657,31,6,0.6811815,0.6144069,220885,False,False,2007,0.68706965,0.24563868,0.2126293,False,,,0.5472949,0.09653174,0.030923216,0.048,-0.0,0.17545494,-0.015,0.00421951,0.7119694
cand_021495,2025,IT,Manager,US-West,40-49,41,None,1,2007,unknown,15.582647,15.287219,2,2.6775994,0,1,Staff Engineer,1-10,4.2602515,11,5,1,0,0,True,False,False,False,False,False,False,False,True,False,False,True,True,6,1,2,False,False,False,True,0,1006,22,7,0.7108501,0.67760503,167421,False,False,2009,0.70217,0.14980756,0.2523866,True,,,0.5763185,0.098346256,0.047578964,0.048,-0.0,0.19392523,-0.015,-0.02819859,0.7270452
cand_011504,2025,Data,Manager,US-East,<30,22,None,2,2024,unknown,0.0,0.0,0,2.0583413,15,1,Intern,51-200,0.9124589,10,27,3,2,2,True,True,True,False,False,True,False,False,False,False,True,True,True,6,0,0,False,True,False,False,0,621,42,4,0.7459027,0.6366393,65133,False,False,2025,0.69668055,0.04737377,0.18013981,True,,,0.5623938,0.08007374,0.043634184,0.048,-0.0,0.17170793,-0.0,0.0074303807,0.7415321
cand_032456,2025,PM,Manager,India,<30,26,PhD,4,2022,unknown,2.2534,2.0472362,1,1.7115769,6,1,Junior Engineer,11-50,0.0,0,12,1,2,2,True,True,False,False,False,False,True,True,False,True,False,True,False,4,0,1,False,True,False,True,0,707,46,5,0.7340485,0.9342587,103018,False,True,2023,0.5818097,0.0,0.13968398,True,,,0.6237687,0.08582443,0.037741978,0.032,-0.0,0.15556641,-0.0,-0.016115643,0.7632194
cand_044209,2025,SRE,Manager,EU,50-59,51,AA,5,1996,unknown,27.75582,23.106598,8,2.0603032,6,1,Engineering Manager,51-200,8.353945,20,36,3,0,2,True,True,False,False,False,False,False,False,False,True,False,True,False,3,0,0,False,False,False,True,0,699,29,4,0.8137703,0.7208017,299831,False,True,1997,0.53775406,0.29061836,0.1803687,True,,,0.6029799,0.082665734,0.0204146,0.024,-0.0,0.12708034,-0.022,0.021446716,0.7295069
cand_043812,2025,PM,Mid,India,30-39,38,PhD,3,2009,3.5-3.7,16.375542,14.969152,4,2.9391935,0,1,Staff Engineer,1000+,3.5501823,16,41,3,1,3,True,True,True,False,True,False,False,False,True,False,False,True,False,3,1,2,False,True,False,True,0,642,14,3,0.86384284,0.6932946,161650,False,True,2009,0.5527686,0.13850547,0.2829059,True,,,0.6090039,0.09864875,0.049529262,0.024,-0.0,0.17217802,-0.005,-0.028115578,0.74806637
cand_018264,2025,SWE,Manager,US-East,50-59,58,PhD,1,1990,unknown,35.284115,27.613012,12,4.601358,6,1,Senior Engineering Manager,201-1000,10.084029,58,7,4,1,0,True,False,True,True,False,True,True,True,False,False,True,True,True,3,3,2,False,False,False,True,0,633,16,9,0.5130689,0.667413,365957,True,True,1990,0.47761378,0.4185209,0.47682506,False,,,0.5170567,0.06864771,0.010420652,0.024,-0.02,0.08306837,-0.022,0.007173678,0.5852987
cand_041114,2025,Security,Senior,US-Central,40-49,42,Bootcamp,3,2004,3.5-3.7,18.971527,15.86931,4,3.0192273,1,0,Engineering Manager,1-10,4.7314754,23,24,3,0,3,True,True,True,False,True,False,True,False,True,False,True,True,False,5,1,3,False,True,False,True,0,623,16,7,0.68285906,0.6336183,242469,True,False,2006,0.6357385,0.18794428,0.35224316,False,,,0.55772436,0.097716056,0.045528352,0.04,-0.0,0.1832444,-0.015,-0.011920542,0.7140482
cand_020034,2025,PM,Director,India,30-39,33,Bootcamp,3,2015,3.8+,5.6092544,5.534264,2,2.5238698,17,3,Engineer,11-50,0.0,0,23,1,0,1,True,False,True,False,False,False,True,True,False,False,True,True,False,4,0,1,False,True,False,False,0,762,12,2,0.9132407,0.835531,114670,False,False,2019,0.60848147,0.0,0.11445147,True,,,0.6487404,0.0937522,0.037741978,0.032,-0.0,0.16349418,-0.005,0.032854814,0.8400894
cand_010075,2025,SRE,Senior,India,30-39,31,PhD,1,2015,unknown,8.585756,6.780567,2,2.5631719,6,0,Staff Engineer,51-200,0.3284513,0,17,3,0,1,True,True,False,False,True,False,False,False,True,False,False,False,False,7,1,3,True,False,False,True,0,709,23,2,0.62393206,0.80169684,150355,False,False,2016,0.73978645,0.00985354,0.2990367,False,,,0.5407156,0.095883064,0.04000428,0.055999998,-0.0,0.19188733,-0.005,-0.046417452,0.6811854
cand_037296,2025,Data,Director,Canada,30-39,35,BS,2,2011,3.5-3.7,10.546278,9.291341,1,2.2501893,0,0,Senior Engineer,201-1000,0.93299043,9,31,4,0,2,False,False,True,False,True,False,False,True,True,True,True,True,True,6,0,2,False,True,False,True,0,830,15,2,0.9395619,0.63354933,144205,False,False,2014,0.7479124,0.045989715,0.2625221,True,,,0.6175565,0.09887417,0.04375065,0.048,-0.0,0.19062483,-0.005,-0.0015307999,0.8016505
cand_014276,2025,SRE,Mid,UK,50-59,55,PhD,5,1992,3.0-3.4,31.224195,25.694765,9,4.285087,0,1,Engineering Manager,51-200,7.9887652,45,7,1,0,4,True,False,True,False,True,True,True,False,False,True,False,True,False,3,1,0,True,True,False,False,0,861,41,8,0.532981,0.97590005,331671,False,False,1994,0.4865962,0.32966295,0.43992683,False,,,0.57972336,0.07486949,0.022972088,0.024,-0.0,0.12184158,-0.022,-0.027490152,0.65207475
cand_035780,2025,IT,Mid,US-West,<30,24,HS,5,2024,unknown,1.9072021,1.654938,0,2.3386347,13,1,Junior Engineer,11-50,0.0,5,21,3,1,4,False,True,True,False,True,True,True,True,True,False,False,True,False,2,0,3,False,True,False,True,1,632,33,3,0.66470623,0.87680674,51695,False,True,2023,0.44210792,0.010000001,0.2128407,True,,,0.57600856,0.08477625,0.037741978,0.016,-0.0,0.13851823,-0.0,0.03152323,0.74605
cand_016870,2025,Security,Director,US-West,30-39,33,HS,5,2015,<3.0,8.319356,8.047046,2,1.4189777,20,1,Staff Engineer,11-50,2.817227,0,45,3,2,2,True,False,False,False,False,False,False,True,False,False,True,True,False,4,0,1,False,True,True,False,0,699,19,3,0.5881208,0.9677021,134239,False,False,2017,0.5409575,0.08451681,0.1055474,True,,,0.5673827,0.09761744,0.049947828,0.032,-0.0,0.17956528,-0.005,0.031016069,0.77296406
cand_004229,2025,SWE,Manager,US-East,40-49,44,AA,4,2004,3.5-3.7,19.251925,16.940367,4,2.4177012,27,1,Senior Engineering Manager,11-50,6.554571,28,38,3,1,3,True,False,True,True,True,False,False,False,False,False,True,False,True,4,2,0,False,True,False,False,0,402,43,4,0.7980535,0.6143587,212859,True,False,2006,0.5771107,0.25263715,0.22206512,True,,,0.5761905,0.09630351,0.03368929,0.032,-0.02,0.1419928,-0.015,0.06167717,0.76486045
cand_049029,2025,IT,Staff,Other,60+,62,HS,1,1984,unknown,41.288055,36.848328,10,5.401856,0,1,Senior Engineering Manager,201-1000,12.0,60,16,3,0,2,True,False,False,False,True,True,False,True,True,False,False,False,False,4,3,5,True,False,False,False,0,430,27,2,0.65550923,0.66831785,368406,False,False,1984,0.57110184,0.48000002,0.57021654,False,,,0.5250918,0.038564477,0.0039779753,0.032,-0.02,0.054542456,-0.032,-0.02873481,0.5188995
cand_000167,2025,SRE,Manager,US-Central,<30,26,AA,4,2022,3.0-3.4,0.0,0.0,0,1.1082449,0,0,Intern,201-1000,0.0,0,39,4,2,3,False,False,False,False,True,True,True,False,False,False,False,True,False,7,0,1,False,True,False,True,0,673,19,3,0.91558975,0.88614696,92681,False,True,2025,0.803118,0.0,0.12929523,True,,,0.6656858,0.08007374,0.037741978,0.055999998,-0.0,0.17381571,-0.0,-0.03601204,0.80348945
cand_014446,2025,IT,Entry,US-East,30-39,35,PhD,3,2012,3.5-3.7,10.116177,8.912962,2,2.6996362,7,0,Staff Engineer,51-200,0.0,0,30,3,0,2,True,True,True,False,False,True,False,False,False,False,False,True,False,5,0,0,False,True,True,False,0,569,16,3,0.62843305,0.6411519,140555,False,False,2015,0.61985326,0.0,0.31495756,False,,,0.51618195,0.09854011,0.037741978,0.04,-0.0,0.17628208,-0.005,0.0015001913,0.6889642
cand_036716,2025,IT,Senior,EU,30-39,38,None,5,2009,unknown,16.307596,12.573188,4,2.3806784,5,0,Engineering Manager,51-200,2.336969,17,37,7,0,3,False,True,True,False,True,True,False,False,True,True,True,True,False,6,0,1,False,False,True,False,0,608,21,3,0.81676245,0.90815926,192831,True,True,2009,0.7191858,0.10410907,0.2777458,True,,,0.63549876,0.09994932,0.049317807,0.048,-0.0,0.19726714,-0.005,-0.011658997,0.8161069
cand_036164,2025,IT,Senior,US-East,40-49,40,HS,5,2006,unknown,19.500654,19.113441,6,3.112498,9,1,Principal Engineer,11-50,6.410225,16,5,5,1,2,True,False,True,False,False,False,True,True,True,True,True,False,False,4,0,2,True,True,False,False,0,627,19,8,0.7837452,0.6273952,224879,False,True,2005,0.5892491,0.22430676,0.30312476,True,,,0.5977899,0.092488304,0.034764506,0.032,-0.01,0.14925282,-0.015,0.006213074,0.7382558
cand_014473,2025,Data,Manager,US-East,40-49,44,Bootcamp,5,2002,3.0-3.4,18.01846,14.169437,4,1.2361253,0,0,Staff Engineer,11-50,7.7993455,17,27,4,1,1,True,True,True,False,False,False,False,False,True,False,True,True,False,4,1,2,False,True,False,False,0,560,29,3,0.75207067,0.64867896,211707,False,False,2007,0.59041417,0.26798037,0.14421462,False,,,0.56096053,0.09927633,0.024342394,0.032,-0.0,0.15561873,-0.015,0.017104277,0.71868354
cand_044426,2025,SWE,Mid,US-Central,30-39,39,MS,1,2008,3.0-3.4,15.562079,13.871651,7,1.9776549,7,0,Engineering Manager,201-1000,6.576936,40,31,5,1,2,True,False,True,False,True,True,False,False,True,False,False,True,True,5,0,3,False,False,True,True,0,663,21,0,0.7502221,0.65085626,218997,False,False,2009,0.6442111,0.27730808,0.2307264,True,,,0.5427489,0.09946086,0.033521798,0.04,-0.0,0.17298266,-0.005,0.06218076,0.7729124
cand_046116,2025,PM,Entry,US-Central,<30,25,AA,3,2023,unknown,0.0,0.0,0,2.8601422,8,1,Intern,201-1000,0.0,0,28,9,1,2,True,True,True,True,False,True,False,False,True,False,False,False,False,6,0,1,False,True,False,False,0,800,10,0,0.5748713,0.7884062,72096,True,True,2025,0.6683076,0.0,0.27368325,False,,,0.5088862,0.08007374,0.037741978,0.048,-0.0,0.16581571,-0.0,0.02093337,0.6956353
cand_030625,2025,Data,Manager,UK,40-49,45,BS,4,2002,unknown,21.872303,20.764212,8,1.9551569,8,0,Principal Engineer,11-50,4.4946847,11,32,1,0,1,True,False,True,False,True,False,False,True,True,True,True,False,False,3,0,1,True,True,False,True,1,894,32,4,0.5810122,0.84305936,251431,False,True,2003,0.48953578,0.15684055,0.22810164,False,,,0.54596615,0.08882198,0.04662831,0.024,-0.01,0.14945029,-0.015,0.025055155,0.70547163
cand_009960,2025,SWE,Director,US-West,60+,62,Bootcamp,4,1986,unknown,37.587643,32.172646,8,2.0321848,5,0,Principal Engineer,201-1000,11.350761,21,11,3,0,3,False,False,True,True,False,False,False,False,True,False,False,True,False,1,4,2,False,True,True,False,0,739,5,2,0.5439495,0.9380062,382419,False,True,1987,0.36462322,0.38252285,0.23708822,False,,,0.5399836,0.053366493,0.005656456,0.008,-0.01,0.05702295,-0.032,-0.02418475,0.54082173
cand_038722,2025,IT,Mid,US-East,40-49,49,BS,4,1998,3.5-3.7,27.29518,22.399376,7,3.2672193,5,0,Engineering Manager,1-10,5.6987023,33,5,7,0,4,True,True,False,False,True,False,False,False,True,False,True,True,False,2,2,1,False,True,False,False,0,492,11,3,0.91214406,0.6546082,258977,True,False,1998,0.49826217,0.2369611,0.38117558,True,,,0.61817205,0.08462897,0.039822396,0.016,-0.0,0.14045137,-0.015,0.026800541,0.77042395
cand_028344,2025,IT,Director,Other,30-39,33,MS,4,2014,<3.0,8.856778,8.2162,2,2.2422738,8,3,Senior Engineer,11-50,3.1144927,9,5,1,2,0,True,True,True,False,True,True,False,False,True,False,False,True,False,4,0,0,False,False,False,True,0,535,8,4,0.94000024,0.9180586,157637,False,False,2016,0.62133336,0.11143478,0.08159861,True,,,0.6866118,0.09781479,0.049979527,0.032,-0.0,0.17979433,-0.005,-0.013846519,0.8475596
cand_016437,2025,Data,Staff,US-West,30-39,34,Bootcamp,3,2012,unknown,9.784684,7.6261144,4,3.8231084,0,2,Senior Engineer,51-200,2.8562446,19,29,4,2,2,True,False,True,False,True,True,False,True,True,False,False,True,False,6,0,2,False,True,False,False,0,1087,18,9,0.8430291,0.90561515,110095,True,True,2015,0.7286058,0.12368734,0.3260293,True,,,0.6801833,0.09709086,0.049967717,0.048,-0.0,0.19505858,-0.005,-0.038411736,0.83183014
cand_008853,2025,SRE,Manager,UK,40-49,41,AA,5,2007,3.0-3.4,16.00303,12.372537,4,2.0275867,0,0,Staff Engineer,1000+,2.3973446,16,23,2,0,1,False,True,True,False,True,True,True,True,True,False,True,True,False,3,0,3,False,True,False,False,0,296,29,6,0.7499059,0.83036745,185953,False,False,2009,0.5299812,0.10392034,0.23655179,True,,,0.6145406,0.09997858,0.049435716,0.024,-0.0,0.1734143,-0.015,0.065506294,0.83846116
cand_017363,2025,Security,Entry,Canada,30-39,33,MS,1,2014,unknown,11.928064,11.698566,3,4.7721367,10,0,Staff Engineer,201-1000,2.0208585,11,29,3,0,4,True,False,False,False,False,True,True,False,True,False,True,True,False,4,1,1,False,True,False,False,0,489,46,9,0.6266036,0.85146606,178171,False,False,2013,0.5569874,0.08262576,0.5567493,True,,,0.59360445,0.09998598,0.04852422,0.032,-0.0,0.18051021,-0.005,0.028748384,0.79786307
cand_004580,2025,SRE,Senior,US-West,40-49,45,BS,5,2002,3.5-3.7,23.626898,20.949179,8,2.7266047,6,0,Principal Engineer,201-1000,7.8288565,62,24,3,2,2,True,True,False,True,True,True,True,False,False,False,True,True,False,2,2,0,False,False,False,False,0,665,21,6,0.52896553,0.8430055,299128,True,False,2001,0.42079312,0.3588657,0.31810388,False,,,0.539739,0.08837401,0.024127206,0.016,-0.01,0.11850122,-0.015,-0.061768673,0.5814716
cand_047303,2025,Security,Manager,US-West,40-49,43,BS,2,2003,3.8+,17.78897,16.097649,5,1.8004354,0,2,Principal Engineer,1000+,2.4770522,8,22,3,2,3,False,True,False,False,False,True,True,False,False,False,True,True,False,5,0,1,False,True,False,False,0,446,33,8,0.52226365,0.83287066,160841,False,False,2007,0.6044527,0.09031157,0.0900508,False,,,0.54736644,0.09744212,0.04957452,0.04,-0.01,0.17701663,-0.015,-0.05455112,0.65483195
cand_044679,2025,PM,Mid,EU,30-39,34,None,4,2013,unknown,12.337961,10.782192,3,2.0361571,13,2,Staff Engineer,201-1000,1.8823012,3,17,3,0,2,True,True,True,True,False,True,False,False,True,False,False,False,False,6,0,0,False,False,False,False,0,634,21,4,0.82616836,0.73489034,177664,True,False,2013,0.71440035,0.062469043,0.117551655,True,,,0.610137,0.099771395,0.048085656,0.048,-0.0,0.19585705,-0.005,0.029146908,0.83014095
cand_015192,2025,Security,Senior,US-East,<30,25,None,2,2022,unknown,3.3258011,2.7271996,1,1.4592144,4,0,Engineer,51-200,1.6265641,4,5,3,0,1,False,True,False,False,False,False,False,False,True,True,False,False,True,6,0,0,False,True,True,False,0,582,26,3,0.70742226,0.9178394,89805,True,False,2022,0.6981511,0.056796927,0.17024168,True,,,0.5991657,0.08757342,0.047137804,0.048,-0.0,0.18271121,-0.0,0.014664552,0.79654145
cand_031447,2025,IT,Senior,EU,40-49,47,None,3,2000,unknown,24.329296,19.294292,6,2.0663626,5,0,Engineering Manager,51-200,6.449318,14,30,4,2,0,True,False,False,True,True,True,False,False,True,False,True,True,False,2,1,1,False,False,False,False,0,879,37,5,0.50116575,0.9464805,274705,False,False,2001,0.41606647,0.22147955,0.24107563,False,,,0.54470414,0.09211715,0.0344744,0.016,-0.0,0.14259155,-0.015,0.04088281,0.7131785
cand_005525,2025,SWE,Director,US-Central,30-39,36,AA,5,2012,3.0-3.4,11.589252,9.713122,3,2.46999,3,0,Senior Engineer,201-1000,3.9533708,16,25,5,1,1,True,False,False,False,True,True,False,False,True,False,True,True,False,6,0,1,False,False,False,False,0,712,27,5,0.5428466,0.6141185,193142,False,True,2013,0.6660693,0.15060113,0.28816548,False,,,0.49282002,0.09919618,0.0485998,0.048,-0.0,0.19579598,-0.005,-0.012493516,0.67112255
cand_039227,2025,Data,Entry,US-West,30-39,34,MS,4,2014,unknown,11.591632,10.481611,3,2.1426032,6,0,Staff Engineer,1-10,0.6079037,8,12,3,1,3,True,False,True,False,True,False,False,False,False,True,False,False,False,3,0,1,True,True,False,False,0,463,33,3,0.5862438,0.93717825,156099,False,True,2013,0.49224877,0.034237113,0.24997036,False,,,0.560621,0.09964485,0.04181297,0.024,-0.0,0.16545783,-0.005,-0.010344566,0.7107343
cand_003467,2025,SRE,Manager,UK,<30,28,HS,4,2018,unknown,5.5602856,4.6494904,1,2.9076538,0,0,Senior Engineer,201-1000,0.0,0,17,6,1,2,True,False,True,False,False,False,False,False,True,True,True,True,False,7,0,2,True,True,False,True,0,658,19,2,0.7618518,0.76574075,115354,False,False,2019,0.77237034,0.0,0.33922628,False,,,0.5817963,0.09200018,0.037741978,0.055999998,-0.0,0.18574215,-0.0,-0.049792703,0.7177457
cand_015073,2025,PM,Director,Other,40-49,42,AA,2,2006,unknown,18.417704,16.904404,5,4.1975813,9,0,Engineering Manager,1000+,5.936937,19,22,5,0,0,False,True,False,True,False,True,False,False,True,False,True,True,True,4,1,0,False,False,False,False,0,521,22,2,0.6071674,0.81743944,249992,True,False,2007,0.5539335,0.21610811,0.4897178,False,,,0.5379965,0.09635614,0.038186155,0.032,-0.0,0.16654229,-0.015,0.00043594485,0.6899747
cand_048705,2025,Security,Senior,US-East,30-39,32,MS,3,2015,3.8+,8.934295,8.009893,1,1.6762979,0,1,Senior Engineer,201-1000,0.89495206,9,9,1,0,1,False,True,True,True,False,False,False,False,False,False,False,True,False,3,0,0,False,True,True,False,0,649,27,2,0.77553505,0.6993516,136905,True,True,2016,0.535107,0.04484856,0.13556808,False,,,0.5733076,0.097573005,0.043534216,0.024,-0.0,0.16510722,-0.005,-0.013307304,0.72010744
cand_013609,2025,Sales,Senior,Other,30-39,31,BS,4,2015,unknown,9.502644,7.991792,5,2.9785976,0,0,Senior Engineer,1-10,0.33154437,2,24,3,1,5,False,True,False,False,False,True,False,False,True,False,True,False,False,6,0,2,False,True,False,False,0,406,21,6,0.9311967,0.71862173,162912,False,False,2015,0.74623936,0.013946332,0.34750304,True,,,0.6556432,0.0975512,0.040024932,0.048,-0.0,0.18557614,-0.005,0.06478532,0.9010047
cand_018785,2025,PM,Director,US-West,30-39,39,HS,2,2009,unknown,13.456145,10.162559,3,3.1906528,21,1,Staff Engineer,11-50,2.9694347,18,11,5,1,0,True,False,True,True,True,False,False,True,True,False,False,True,False,4,1,0,False,False,False,False,0,774,12,4,0.8644227,0.8138434,174557,True,False,2012,0.59538454,0.12508304,0.31224284,True,,,0.6393166,0.09948034,0.049998544,0.032,-0.0,0.18147889,-0.005,-0.01075201,0.8050435
cand_039757,2025,SWE,Entry,India,40-49,45,PhD,5,2001,3.8+,24.787445,19.45744,6,3.815217,6,0,Senior Engineering Manager,201-1000,6.6998954,46,10,2,1,1,False,False,False,False,True,True,False,False,True,False,False,True,False,5,0,0,False,True,False,False,0,566,8,8,0.76693875,0.86733836,286422,False,True,2000,0.6483878,0.29299685,0.44510865,True,,,0.6398963,0.09177565,0.03259747,0.04,-0.02,0.14437313,-0.015,-0.026236918,0.7430325
cand_024216,2025,SRE,Entry,US-East,60+,64,BS,5,1982,3.0-3.4,41.52846,41.22331,12,2.450898,10,0,Engineering Manager,201-1000,11.406881,75,10,6,1,3,True,False,True,True,True,True,False,True,False,False,False,True,False,4,3,2,False,True,True,False,0,697,32,3,0.46739706,0.79236454,374099,False,False,1983,0.52514607,0.49220648,0.28593808,False,,,0.4900619,0.026769582,0.0054926393,0.032,-0.0,0.064262226,-0.032,-0.003248237,0.51907593
cand_033985,2025,Security,Manager,Canada,30-39,30,None,4,2018,unknown,5.8326554,4.5221133,1,1.5644803,3,0,Engineer,1-10,1.8756427,10,30,4,1,4,True,True,False,False,True,True,False,False,False,False,False,False,False,3,0,2,False,True,False,False,0,360,33,3,0.62354255,0.7811714,135327,False,False,2019,0.50220853,0.076269284,0.1825227,False,,,0.54247415,0.09173241,0.04806323,0.024,-0.0,0.16379565,-0.005,-0.021701228,0.6795686
cand_011625,2025,Security,Staff,US-East,30-39,30,Bootcamp,1,2016,unknown,9.391737,8.944874,1,2.623405,2,0,Senior Engineer,51-200,5.3627563,21,21,5,2,0,True,True,True,False,True,True,False,True,False,True,False,True,False,4,0,0,False,True,True,False,0,917,23,3,0.8295404,0.87311965,160065,False,True,2016,0.60424143,0.20288269,0.30606392,True,,,0.63296306,0.09856992,0.041995656,0.032,-0.0,0.17256558,-0.005,-0.007562212,0.7929664
cand_012136,2025,SWE,Entry,Other,30-39,31,Bootcamp,1,2016,unknown,7.9249644,6.8664136,0,2.5402896,6,0,Staff Engineer,51-200,0.0,0,5,5,2,3,True,False,True,False,False,True,False,False,False,False,True,False,False,6,0,2,False,False,False,False,0,603,30,4,0.4679774,0.86150813,115860,False,True,2017,0.6485955,0.0,0.2963671,False,,,0.5100937,0.096014656,0.037741978,0.048,-0.0,0.18175665,-0.005,-0.02750242,0.6593479
cand_012628,2025,SWE,Manager,UK,30-39,33,PhD,3,2015,unknown,7.964577,7.5390706,2,1.360748,3,1,Senior Engineer,11-50,0.3565902,5,17,5,1,1,False,True,False,True,True,True,False,False,False,False,False,False,False,3,0,0,False,False,False,False,0,566,31,9,0.91228336,0.8246691,154579,True,True,2017,0.55995667,0.02069771,0.09875393,True,,,0.688233,0.0969757,0.04019168,0.024,-0.0,0.16116738,-0.005,-0.041424755,0.80297565
cand_028347,2025,PM,Staff,EU,30-39,32,PhD,4,2014,unknown,8.358937,6.8356686,1,2.5944767,1,0,Senior Engineer,51-200,3.8492293,25,43,2,1,3,True,True,True,True,False,False,False,False,True,False,True,False,False,5,0,1,False,True,False,True,0,671,15,4,0.49529395,0.8315889,147821,False,False,2017,0.5982255,0.16547689,0.30268893,False,,,0.5136707,0.09596776,0.048885744,0.04,-0.0,0.1848535,-0.005,0.010079452,0.7036036
cand_043511,2025,Sales,Manager,US-East,50-59,58,None,4,1989,unknown,36.942696,32.976242,8,4.1923776,14,1,Principal Engineer,11-50,11.0691,73,24,5,3,4,True,False,False,False,True,False,False,False,False,False,True,True,False,2,3,3,False,False,False,False,0,639,22,4,0.49574056,0.9285054,353891,False,False,1988,0.40748146,0.478073,0.4291107,False,,,0.5332103,0.05071155,0.0065359883,0.016,-0.01,0.06324754,-0.022,-0.0549097,0.5195481
cand_005872,2025,IT,Entry,UK,40-49,44,AA,3,2002,3.5-3.7,20.120802,18.30335,4,3.807703,4,0,Principal Engineer,51-200,5.152676,9,20,4,0,1,False,False,True,False,False,True,False,False,True,False,True,True,False,6,2,2,True,True,True,True,0,614,37,4,0.9213234,0.75851375,234897,True,True,2005,0.7409314,0.1725803,0.444232,True,,,0.64816594,0.09405268,0.043259207,0.048,-0.01,0.17531188,-0.015,0.06517985,0.87365764
cand_048243,2025,SWE,Staff,India,50-59,56,AA,5,1992,3.0-3.4,31.874022,29.302534,7,1.919985,6,0,Principal Engineer,1000+,10.494577,70,43,1,1,2,True,False,True,False,True,True,False,False,False,False,False,True,True,6,3,2,False,False,False,True,0,891,41,6,0.7966905,0.84105194,345312,False,False,1993,0.7143381,0.45483732,0.22399826,True,,,0.6330521,0.06300207,0.008643015,0.048,-0.01,0.10964509,-0.022,0.07266701,0.79336417
cand_033981,2025,Data,Entry,UK,<30,25,HS,3,2021,unknown,1.4525142,1.0893952,0,3.2156017,12,0,Junior Engineer,11-50,0.9419612,1,28,1,1,2,True,True,True,False,True,False,False,True,True,False,True,True,True,3,0,0,False,True,False,True,0,781,20,5,0.66114295,0.7701605,71142,True,True,2024,0.5022286,0.03025884,0.3751535,True,,,0.56543213,0.08321807,0.043801274,0.024,-0.0,0.15101935,-0.0,0.013950645,0.7304021
cand_031260,2025,Security,Senior,UK,<30,25,HS,1,2021,<3.0,4.729162,4.040015,1,1.9457585,13,1,Engineer,51-200,0.0,3,41,2,1,1,False,False,False,False,False,True,False,False,True,True,False,True,False,6,0,0,False,False,False,False,0,639,45,1,0.6216631,0.6131844,104643,False,False,2020,0.6734993,0.006,0.16700515,False,,,0.49621898,0.09068485,0.037741978,0.048,-0.0,0.17642683,-0.0,-0.009283855,0.66336197
cand_012292,2025,Data,Senior,India,<30,25,BS,3,2021,<3.0,4.620402,4.1619935,2,2.9219887,0,0,Senior Engineer,11-50,0.0,0,20,2,1,3,True,False,False,False,False,True,False,False,True,True,True,True,False,5,1,1,False,False,False,False,0,316,15,1,0.6499504,0.8216549,134244,False,False,2020,0.6299901,0.0,0.34089866,False,,,0.54781365,0.09095492,0.037741978,0.04,-0.0,0.16869691,-0.0,-0.0041341716,0.71237636
cand_042286,2025,IT,Entry,US-East,40-49,45,AA,5,2003,unknown,20.228197,17.684757,8,3.0525792,10,0,Engineering Manager,1000+,5.6296353,45,37,2,1,1,True,False,True,False,True,False,True,False,True,True,True,True,False,4,0,2,False,False,False,True,0,688,32,5,0.49924192,0.7303876,240230,True,True,2005,0.53151506,0.25888908,0.35613424,False,,,0.5008122,0.095135204,0.040283013,0.032,-0.0,0.16741823,-0.015,0.062842295,0.71607274
cand_013664,2025,SWE,Manager,Other,40-49,47,None,2,2000,3.8+,25.429663,23.687342,11,2.569846,13,2,Director,51-200,7.5889173,33,28,4,3,0,True,False,True,False,False,True,True,False,True,False,False,True,True,2,1,2,False,False,False,False,1,512,10,2,0.553877,0.69215447,253072,False,True,2000,0.41994208,0.29366753,0.17981535,False,,,0.49428785,0.08099416,0.025892556,0.016,-0.03,0.092886716,-0.015,-0.029944751,0.5422298
