accuracy,precision,recall,f1,roc_auc
0.941,0.9463350785340314,0.90375,0.9245524296675192,0.9818104166666667
