age_group,n_outcome,actual_callback_rate,predicted_callback_rate,avg_predicted_probability,n_error,tp,fp,tn,fn,tpr,fnr,fpr,tnr,precision,selection_rate,statistical_parity_difference,disparate_impact_ratio,equal_opportunity_difference
<30,506,0.5573122529644269,0.5968379446640316,0.5898386002440115,506.0,260.0,42.0,182.0,22.0,0.9219858156028369,0.07801418439716312,0.1875,0.8125,0.8609271523178808,0.5968379446640316,-0.09982872200263504,0.8567051837282751,0.035193362772648173
30-39,600,0.7066666666666667,0.6966666666666667,0.6886256342969925,600.0,376.0,42.0,134.0,48.0,0.8867924528301887,0.11320754716981132,0.23863636363636365,0.7613636363636364,0.8995215311004785,0.6966666666666667,0.0,1.0,0.0
40-49,503,0.4731610337972167,0.4731610337972167,0.48428925415237556,503.0,205.0,33.0,232.0,33.0,0.8613445378151261,0.13865546218487396,0.12452830188679245,0.8754716981132076,0.8613445378151261,0.4731610337972167,-0.22350563286944997,0.6791785174122728,-0.025447915015062605
50-59,291,0.15120274914089346,0.15463917525773196,0.17569109949597708,291.0,31.0,14.0,233.0,13.0,0.7045454545454546,0.29545454545454547,0.05668016194331984,0.9433198380566802,0.6888888888888889,0.15463917525773196,-0.5420274914089347,0.22197010802545258,-0.18224699828473412
60+,100,0.12,0.03,0.07386550929494119,100.0,3.0,0.0,88.0,9.0,0.25,0.75,0.0,1.0,1.0,0.03,-0.6666666666666666,0.043062200956937795,-0.6367924528301887
