accuracy,precision,recall,f1,roc_auc
0.872,0.8697813121272365,0.875,0.872382851445663,0.948213
